:020000022000DC
:107000000000042029F0020069F002006BF0020089
:107010006DF002006FF0020071F00200000000004D
:10702000000000000000000000000000A5EF0200CA
:1070300075F0020000000000C5EF020079F00200C8
:10704000B5F102007BF002007BF00200D5FB0200EC
:1070500085FC02007BF002007BF002007BF0020066
:107060007BF002007BF002007BF002007BF002006C
:107070007BF002007BF002007BF002007BF002005C
:107080007BF0020029ED02007BF002007BF00200A1
:107090007BF002007BF002007BF002007BF002003C
:1070A0007BF002007BF002007BF002007BF002002C
:1070B0007BF002007BF002000000000000000000F6
:1070C0007BF002007BF002007BF002009DFE0200DC
:1070D0007BF002007BF002007BF00200F17B0200FB
:1070E0007BF002007BF002007BF002000000000059
:1070F000000000007BF002000000000015FF02000D
:10710000000000000000000000000000000000007F
:10711000000000000000000000000000000000006F
:10712000000000000000000000000000000000005F
:10713000000000000000000000000000000000004F
:10714000000000000000000000000000000000003F
:10715000000000000000000000000000000000002F
:10716000000000000000000000000000000000001F
:10717000000000000000000000000000000000000F
:1071800000000000000000000000000000000000FF
:1071900000000000000000000000000000000000EF
:1071A00000000000000000000000000000000000DF
:1071B00000000000000000000000000000000000CF
:1071C00000000000000000000000000000000000BF
:1071D00000000000000000000000000000000000AF
:1071E000000000000000000000000000000000009F
:1071F000000000000000000000000000000000008F
:10720000F1EE103A43F08073E1EE103A704700BFA0
:1072100010B5054C237833B9044B13B10448AFF3D0
:1072200000800123237010BDFC62002000000000DC
:10723000302D030008B5034B1BB103490348AFF3DE
:10724000008008BD0000000000630020302D030016
:10725000154B002B08BF134B9D46A3F5803A002128
:107260008B460F461348144A121A09F07FF80F4B49
:10727000002B00D098470E4B002B00D098470020E1
:10728000002104000D000D48002802D00C48AFF387
:10729000008009F013F82000290007F017FF08F01C
:1072A000F9FF00BF000008000000042000000000FB
:1072B00000000000FC62002090820020000000001E
:1072C000000000000146014800F0EEB938630020DC
:1072D00038B500F02FF940B10024054620460134AE
:1072E00000F0B4FDE0B28542F9D838BD70B592B077
:1072F0001D460C46164601A84222002109F036F828
:10730000412D02D8002012B070BD621CD2B20223FF
:107310008DF806408DF80E408DF826408DF81E2021
:107320008DF827208DF8312040F20945052240F2E2
:1073300001248DF807308DF808308DF809308DF86C
:1073400012308DF821308DF822308DF833308DF8E1
:107350003B30ADF80C502423ADF810408DF81520CB
:107360008DF823201B4D8DF81630042201248DF852
:1073700020308DF8243006958DF81C408DF81F20A4
:107380008DF830203046144D0A9540F60836082313
:107390004FF411640A22ADF804608DF82C30ADF87A
:1073A0002E4040238DF8342001A9062640F20755CF
:1073B0000A4C8DF825604222ADF838508DF83C30EB
:1073C0008DF84330CDF83F4008F0ACFF422012B0BA
:1073D00070BD00BF2001052407058003070580025A
:1073E000A0F11000FFF782BF007EFF2806D010B585
:1073F00000F08EFC044618B1204610BD00207047F6
:1074000008F02CF8204610BD007EFF280ED000B5F5
:1074100083B00DF1070100F0BFFC20B19DF807001B
:1074200003B05DF804FB4FF0FF30F9E74FF0FF3099
:10743000704700BF007EFF2811D000B583B0012245
:107440000DF1070100F070FC20B94FF0FF3003B0E0
:107450005DF804FB9DF8070003B05DF804FB4FF0F6
:10746000FF307047007EFF2801D000F0EFBC70476E
:10747000007EFF2801D000F02FBD0020704700BF24
:10748000F8B50646007EFF281CD017465AB10D46B7
:10749000144600F017FC2946224680B1307E00F0E9
:1074A00085FC241A01D13846F8BD054407F0D6FF03
:1074B000307E00F007FC294622460028EED13F1B13
:1074C0003846F1E70020F8BD70B50368184A5B68DC
:1074D00082B093428DF8071024D10546007EFF2824
:1074E0001DD000F0EFFB0DF10706012431462246C6
:1074F00088B1287E00F05AFC241A02D1012002B083
:1075000070BD064407F0AAFF287E00F0DBFB314681
:1075100022460028EDD1C4F1010002B070BD002068
:1075200002B070BD01220DF10701984702B070BD95
:1075300081740200014B1878704700BF346300204B
:10754000037EFF2B00D07047064B1A78002AFAD131
:10755000054902764161012200F1100103481A70C9
:1075600000F042B834630020AC27030038630020E9
:10757000007EFF2807D000B583B000F0A3FB20B148
:1075800003B05DF804FB00207047019007F066FF30
:10759000019803B05DF804FB01B900B1704700B574
:1075A00083B0694600F0A4FB009BB3F5966F02D050
:1075B00003B05DF804FB00F031FBF9E730B4084B91
:1075C000084AFF2002F108054FF47A740021303296
:1075D00018761D609C601A615960596130BC704713
:1075E00018630020BC270300F8B5B0F818214469DF
:1075F000B0F81A31054608680E469B1A144407680D
:1076000095F81C119BB222463046B84750B3221859
:10761000944229D2766806E0052B32D023780BB34A
:107620001C44A24220D96378042BF5D1E378002BC7
:10763000F4D195F81C11013185F81C11002EEDD004
:1076400095F840110729E9D801F1480745F8276066
:10765000217295F84011013185F840111E462378BA
:10766000002BDDD10020F8BDB5F818216B6910445E
:1076700080B2A5F81801588095F81C211A710120D4
:10768000F8BD94F90230002B08DB95F81E31591C27
:1076900085F81E11A1780B43A370BFE795F81D3143
:1076A000591C85F81D11F5E72DE9F0472A4DDFF843
:1076B000B490DFF8B4A0AC4604468846BCE80F009E
:1076C00088B003AF0FC703AE0FCE05F1140E2546E9
:1076D0000FC59EE80700DCF800303B806B4636683B
:1076E0002E8003C36B4603CB04F1180700234FF42D
:1076F000807E012640F2094CA06184F82020676159
:1077000040F2EF22154FE1610420C4F818914FF4C4
:10771000E131A4F81CE1C4F82C31C4F83031C4F8CC
:107720003431C4F83831C4F83C31C4F820C184F88D
:107730004001A28084F81E61A671C4F824A1C4F897
:1077400028710748FFF7FCFE404600F055FA304626
:1077500008B0BDE8F08700BFF02703003028030021
:107760001863002009000001202803002DE9F04FD4
:1077700005468BB0002900F0E480032930D090F852
:1077800040318B4240F2EE8001F14803774F50F8D0
:1077900023400021084605F5A276235C04EB000C8B
:1077A000B3B103F14002D2B2012A0BD9F42B09D8AC
:1077B0001A064CD44FF00108A3F55842B2F5006FF9
:1077C00080F09A80013004EB000C235C002BE8D1A0
:1077D000CBB201335B0043F4407305F5A17C30E08C
:1077E00002A800F01DFA05F5A17C019010B3431E1C
:1077F000DBB205F5A37B5E4F0DF1080A0BEB830BA3
:10780000E64606AE97E80F001AF8018B86E80F00EF
:1078100008F00F090AACA14404EB181819F8109CE1
:1078200018F8103CAEF80490AEF802300EF1040ED9
:10783000DE45E7D1019B5B00DBB201335B0043F423
:107840004073A5F8423160460BB0BDE8F08F03F0FD
:10785000E002C02A5ED003F0F002E02A7AD003F002
:10786000F802F02AAED103F007024FF004089CF8AA
:10787000013003F0C00EBEF1800FA3D19CF802E0EE
:107880000EF0C00903F03F03B9F1800F43EA821301
:1078900098D10EF03F0EB8F1030F4EEA831332D0A9
:1078A0009CF8032002F0C00CBCF1800F8AD102F0DA
:1078B0003F0242EA8313A3F58032BA4282D8A3F58D
:1078C000584CBCF5006FFFF47DAFB3F5803F00F17D
:1078D000040012D31E293FF77BAF4B004FEA922CD6
:1078E0003344C2F30902ACF5205CA2F5105226F82D
:1078F00011C05A80023150E7404420292FD026F889
:107900001130013149E7A3F50062B2F5784FFFF479
:1079100053AF57E79CF8012002F0C00CBCF1800F78
:1079200003F01F037FF44EAF02F03F0242EA8313DD
:10793000A3F18002B2F5F06FBFF444AF4FF002083C
:107940003AE7D0F82031A0F8443100F5A17C4FF49B
:10795000417376E703F00F024FF0030887E740F228
:1079600042333AE74FF0000C6DE700BFFFFF0F0016
:10797000102803000048704738630020014B586905
:10798000704700BF386300200A4601460148FFF7F0
:10799000EDBE00BF38630020024B186800B10069DB
:1079A000704700BFBC64002030B40848BDF80850E0
:1079B000046844B1646934B10846A44611461A46C5
:1079C0002B4630BC6047002030BC7047BC640020B0
:1079D00030B40848BDF80850046844B1A46934B113
:1079E0000846A44611461A462B4630BC604730BCB8
:1079F000704700BFBC64002000207047024B18682D
:107A000008B190F850007047C06400202DE9F0479D
:107A1000244C2468002C3FD04FEAC0091E4609EBD5
:107A2000000304EB83031746D3F818A088460546E5
:107A3000BAF1000F32D0504609F0A2F84D4404EBE1
:107A40008504D4E90754DFF864C0174B08280246C0
:107A5000514628BF08224046002D08BF6546002C2D
:107A600008BF1C4608F05EFC284609F089F810287B
:107A70000246294628BF1022384608F053FC20460B
:107A800009F07EF8042802462146304628BF042229
:107A9000BDE8F04708F046BCBDE8F087DFF810A06D
:107AA0000820CBE7C06400206028030050280300B2
:107AB00044280300F8B50B4F3B6883B1C5002E186E
:107AC00003EB8606044672691AB190473B6886F854
:107AD0002A002C4403EB840393F82A00F8BD1846CF
:107AE000F8BD00BFC0640020054B1B683BB100EB34
:107AF000C00003EB8003586A1B8D08601380704739
:107B0000C06400200A781E2A01D10020704710B5F9
:107B100020221C460521002300F0AEFF204610BDA8
:107B200070B40A4C039A24685CB100EBC00504EB06
:107B30008504A4682CB10E4630461946234670BC15
:107B400018474FF0FF3070BC704700BFC064002082
:107B500070B40A4C039A24685CB100EBC00504EBD6
:107B60008504E4682CB10E4630461946234670BCA5
:107B700018474FF0FF3070BC704700BFC064002052
:107B8000054B1B6833B100EBC00003EB80031B699E
:107B900003B11847704700BFC064002000B5114B07
:107BA000402283B083F8272304F062F84FF080432B
:107BB00002A80024D3F8385400F8084D07F0B4FAAE
:107BC00002A8094B40F8043D07F0DAFA07F0EAFA98
:107BD000EB0702D401F0F2FEFCE7204603F08CFE36
:107BE000F8E700BF00E100E0ED7B020003F084BE97
:107BF000002003F0D9BA00BF00B5002383B00322F0
:107C0000CDE9002303490448C82206F045F903B032
:107C10005DF804FB642803009D7B020007F008BDAB
:107C20004FF08052536E1BBA0360136E1BBA436051
:107C300008207047004870476C28030070B51F4C3F
:107C40002368E3B1C9B91578C5F34115012D11D0E9
:107C5000022D16D15478012C25D0022C0DD19388F9
:107C6000072B0ED1164C114623892246BDE87040E1
:107C700002F06ABE5178222905D0012070BD184655
:107C800070BD084670BD11465288003218BF0122EF
:107C90001A7602F041FE2268136A002BEDD0107EA6
:107CA0009847284670BDDC6934B1114623782246D6
:107CB000BDE8704002F048BE204670BDC46400209C
:107CC0000060002010B5044601F0DAFD08B900207C
:107CD00010BD01F0DDFD0028F9D1044B4FF45A72BC
:107CE00002FB0434207900F0010010BDC8640020BC
:107CF000064A4FF45A7303FB002050F8063F0B600E
:107D0000838882798A718B80704700BFC8640020A5
:107D100008B5044A4FF45A7303FB0020103001F0F9
:107D200027FC08BDC86400202DE9F0414FF45A75C6
:107D300005FB00F5174E05F11004344492B22046BD
:107D400001F040FC0746204601F02AFC3F2802D8FB
:107D50003846BDE8F08106EB0508002098F80310CE
:107D600002F016FD0028F3D0204601F019FC3F2850
:107D700005D898F80310002002F03CFDE8E705F56F
:107D80003A72324498F803104023002002F05EFD5E
:107D9000DEE700BFC8640020034A4FF45A7303FBB8
:107DA0000020103001F07CBCC86400202DE9F843AD
:107DB0004FF45A7505FB00F5224E05F12C043444AE
:107DC00092B2204601F0AAFC0746204601F0D0FB03
:107DD0003F2802D83846BDE8F88301F051FD00285D
:107DE000F8D001F055FD80460028F3D1204601F07F
:107DF000BFFB0028EED006EB0509404699F80210BB
:107E000002F0C6FC0028E5D005F54A753544204649
:107E10002946402201F0D6FB034668B12A4699F86C
:107E20000210404602F012FD0028D3D1064B1B6819
:107E3000DB07CFD500BECDE799F8021002F0DAFCDF
:107E4000C8E700BFC8640020F0ED00E02DE9F04174
:107E5000054601F015FD10B90020BDE8F08101F0E4
:107E600017FD06460028F7D14FF45A7404FB05F4B9
:107E7000174F04F12C053D44284601F079FB0028FA
:107E8000EAD007EB0408304698F8021002F080FCB4
:107E90000028E1D004F54A74274428463946402298
:107EA00001F090FB044668B13A4698F8021030465B
:107EB000234602F0CBFC48B9064B1B68DB07CBD549
:107EC00000BECAE798F8021002F094FC2046C4E70E
:107ED000C8640020F0ED00E008B5044A4FF45A737E
:107EE00003FB00202C3001F05BFB08BDC8640020C0
:107EF000F0B51B4C83B000214FF45A722046012587
:107F00000E4608F033FAFF234FF4424204F14801D1
:107F10006371E2802B460827009604F110004FF4AD
:107F200080722773258101F0E7FA2B464FF48072A7
:107F300004F5A471009504F12C0001F0DDFA04F5BC
:107F40001271284605F046FA04F52671A06228460B
:107F5000666205F03FFAC4E9100603B0F0BD00BF49
:107F6000C864002010B5094B002203F12C0403F172
:107F700010001A601A7101F03BFC204601F038FC39
:107F800020460121BDE8104001F05ABCC864002021
:107F90002DE9F0414B79022B82B004D00025284610
:107FA00002B0BDE8F0818B79022BF7D1304EB37867
:107FB0002BB1304B1B68DB07F0D500BEEEE78B78AA
:107FC00033700C780C4407466378242B4FF0090576
:107FD0000BD1082A02D822E0AA4220D323781C44DD
:107FE0001D446378242BADB2F6D0052B2CD0042B86
:107FF00015D163790A2B12D11F4A94F8008001929F
:10800000022301320092384604EB08011A4602F0BE
:1080100023FB0028CDD00E3518FA85F5ADB21748F0
:1080200001F0BEFA3F28BAD9F178002002F0B0FB87
:108030000028B4D0114801F0B3FA3F28F17811D8E4
:10804000002002F0D7FBAAE72146384602F080FB69
:108050000028AED0A378737023781C441D44ADB2C1
:108060006378C4E7064A4023002002F0EFFB96E75E
:10807000C8640020F0ED00E0CA640020D86400204D
:10808000B067002038B5137803F06003202B01D0CF
:10809000002038BD254C938825789D42F8D153782F
:1080A000203B032BF4D8DFE803F0271E070281B33F
:1080B000022933D0012038BD59B30229FAD155889D
:1080C0001B482571E94301F0010101F0B9FB194B8F
:1080D000002BEFD0C5F3400205F001010020FFF7AF
:1080E0005BFA012038BD0029E4D111460723124A6A
:1080F00002F02AFC012038BD0029F6D00229D9D18E
:108100000E4B002BD6D00C490020AFF3008001208D
:1081100038BD114602F000FC012038BD084B002B91
:10812000C8D051880020AFF30080C3E7C8640020A6
:10813000F464002099750200CE6400200000000065
:10814000000000002DE9F047574CE2788A420D46C6
:1081500007461E4656D19AB204F53A7104F1100052
:1081600001F0DCFA514BD3B16379FF2B17D0B6B1D4
:1081700004F2E72808EB060AA8F2D72902E0C24574
:108180000DD0637918F8012F9A42F8D1484601F0D2
:10819000FFF90028F3D16179AFF30080EFE7444B9A
:1081A00023B1444801F0F4F900285DD0414801F0C2
:1081B000F7F93F285BD8A378AB4203D001252846C6
:1081C000BDE8F0873C4B13B10020AFF3008001F015
:1081D00057FB20BB394801F0CBF90028EED1002E27
:1081E000ECD016F03F06E9D1A178384602F0D0FA7B
:1081F00005460028E2D0A17838463346324602F0E0
:1082000025FBDCE7A3788B42DCD02D4B1D6815F0F5
:108210000105D4D000BE00252846BDE8F08701F056
:1082200037FB05460028D5D1244801F0A1F90028E4
:10823000D0D0A178284602F0ABFA0028CAD0214954
:108240004022A1F53F7001F0BDF9034638B328463E
:108250001C4AA17802F0FAFA0028AFD1184B1B682B
:10826000DB07B7D500BEB5E7AFF300809EE7E17846
:10827000002002F08DFA00289DD00E4801F090F900
:108280003F2804D8E178002002F0B4FA93E74023B5
:108290000D4AE178002002F0D9FAA3788CE7A178A2
:1082A00002F0A8FA96E700BFC864002000000000B2
:1082B00000000000D864002000000000F4640020EA
:1082C000F0ED00E0F0670020B06700208C22002174
:1082D000014808F04BB800BF306800208C22002114
:1082E000014808F043B800BF306800202DE9F04194
:1082F0004B79032B82B004D00024204602B0BDE8A5
:10830000F0810D79C5EBC5041234A4B2944205D9AD
:10831000224B1B68DA07EFD500BEEDE7204F7A78D5
:10832000002AF5D191F800E001EB0E0C9CF80180D9
:10833000B8F1210FECD1C7F888C0884611F80E10AB
:1083400007F1010E614407F1020C2A46CDE900CE87
:10835000064602F081F90028DAD098F80630B9789C
:10836000012B04BF98F80730FB700122D7F8883042
:108370003A7198F80220B3F807303A70FB80002970
:10838000BBD030464023074A02F060FA0028B4D13F
:10839000024B1B68DB07B0D500BEAEE7F0ED00E096
:1083A00030680020786800202DE9F041137803F050
:1083B0001F04012C82B003D0002002B0BDE8F08180
:1083C000DFF8D881968898F80070F6B2B742F3D1FA
:1083D00013F0600305460F46164617D100293BD11E
:1083E0005378062BE8D153881B0A212B00F090808C
:1083F000222BE1D10846FFF7CFFAB8F80630024643
:108400003146284602F0A0FA2046D6E7202BD3D1E9
:108410005378013B0A2BCFD801A252F823F000BFBA
:10842000C9840200B78402004D840200B9830200AF
:10843000B9830200B9830200B9830200B983020044
:10844000A18402007B8402005D84020021B93146D0
:108450000123494A02F078FA0120AEE7D1B102299E
:10846000FAD17188454BC9B288F80410002BF3D0BB
:108470000020AFF3008001209FE70029ECD1718834
:108480003F4B090A88F8051023B13846AFF3008046
:10849000002891D03146284602F03EFA01208CE7B0
:1084A000002941D1F388402B86D83146354A02F065
:1084B0004BFA012081E70029CED131460123324A0F
:1084C00002F042FA012078E70029C5D1F4887388C8
:1084D000402C204628BF402013F0FF014FEA132212
:1084E0003CD0012C3AD90138284B88F8081080B2CA
:1084F000012700900020FFF757FA3B189BB27BBB87
:10850000234A1268D2077FF557AF00BE184654E7DA
:10851000D8F88820002A3FF44FAF1378314602B0D4
:10852000BDE8F04102F010BA022995D1F4887388B1
:10853000402C204628BF402013F0FF014FEA1322B1
:1085400005D0012C03D998F848308B420FD00D4B41
:1085500000900020FFF73CFA01202EE70D4BC8E702
:10856000314628460B4A02F0EFF9012025E7013891
:1085700080B2094BECE700BF346800200000000027
:10858000000000007868002035680020396800206D
:10859000F0ED00E0386800207968002030680020A5
:1085A000F0B51C4CA57866788D4283B00BD1B542EE
:1085B00016D1194A22B1DAB218490020AFF300806F
:1085C000012003B0F0BDB142F3D0154B1B68DB07AF
:1085D00003D500BE002003B0F0BD002003B0F0BD05
:1085E00000229BB2114607460093104604F148034F
:1085F000FFF7EEF93846402304F14802A17802F073
:1086000025F90028DCD1064B1B68DA07E5D500BE4A
:10861000D7E700BF30680020000000003868002065
:10862000F0ED00E030B5154C83B000210D464FF45D
:108630001A72204607F09AFE04F1480104F1100076
:1086400000950123802200F057FF0123802204F1CE
:10865000C801009504F12C0000F04EFF04F5A47150
:10866000012004F0B7FE04F5CC71A0620120656220
:1086700004F0B0FEC4E9100503B030BD0480002052
:1086800010B5084C002304F11000C4E90033C4E91C
:10869000023301F0ADF804F12C00BDE8104001F008
:1086A000A7B800BF048000202DE9F0474B79012BCB
:1086B00003D000242046BDE8F0878B79012BF8D148
:1086C000CB79002BF5D10B78CD1899B26C78242C8E
:1086D0000BD1914202D9ECE78A42EAD32B781D44B0
:1086E0000B446C78242C99B2F6D0042CE1D16B7930
:1086F000012BDED1AB79032BDBD1EB79002BD8D169
:10870000DFF8B88098F8013013B998F802702FB1EB
:10871000274B1B68DB07CCD500BECAE7AB7888F8CF
:1087200000302E7892462A798B1981469CB22E44CD
:1087300032B91FE0337897421C44A4B21E4419D2C8
:10874000A24517D37378052BF4D13146484601F082
:10875000FFFF0028DCD0B378DA0914BF88F80130B5
:1087600088F8023033782A7901371C44FFB2A4B26A
:108770001E44DFE70F4800F013FF3F289AD998F80E
:108780000210002002F004F8002893D0094800F0FD
:1087900007FF3F2898F8021003D8002002F02AF8BB
:1087A00088E7054A4023002002F050F882E700BF26
:1087B000F0ED00E014800020EC8100200480002017
:1087C00000207047F8B53D4CA2788A421F4613D16D
:1087D0009AB204F5F47104F1100000F09FFF384BD9
:1087E00013B10020AFF30080364800F0D9FE3F28D7
:1087F0002CD801252846F8BD63788B4208D0324B2F
:108800001D6815F00105F5D000BE00252846F8BD0D
:10881000064604F12C0000F0ABFE40BB2B4800F0F4
:10882000A7FE0028E5D1002FE3D017F03F07E0D1E5
:108830006178304601F0ACFF05460028D9D0617858
:1088400030463B463A4602F001F8D3E7A1780020D3
:1088500001F09EFF05460028CBD01A4800F0A0FE8C
:108860003F28A17820D8002001F0C4FFC2E761783A
:10887000002001F08DFF0028D0D0402204F50A71BD
:1088800004F12C0000F09EFE034698B104F50A7234
:108890006178002001F0DAFF0028AAD10A4B1B689A
:1088A000DB07BBD500BEB9E7094A4023002001F031
:1088B000CDFF9FE7617801F09DFFAFE704800020C6
:1088C0000000000014800020F0ED00E03080002067
:1088D000EC81002030B4114B9C689A6B93F83C50AB
:1088E00083F82C10A21A022183F830109A6225B95D
:1088F00042F2050183F83E50998744B13AB11A7BA0
:10890000D20906D193F82F1030BC01F0DBBF30BC88
:10891000704793F82E1030BC01F0D4BFBC6A002021
:1089200038B5214B214C05461BB1607BAFF300806D
:10893000A8B1A06BA36894F82F101D4A1B1AB3F5B9
:10894000007F28BF4FF4007328469BB201F07EFFE2
:1089500020B9184B1B68DB0700D500BE38BDA268E4
:10896000A36B84F83E0042F20771D31A0120A1875D
:108970000221A36284F82C0084F83010002AEDD084
:10898000002BEBD0237BDB0906D194F82F1028466F
:10899000BDE8384001F096BF94F82E102846BDE897
:1089A000384001F08FBF00BF00000000BC6A00200B
:1089B000BC680020F0ED00E070B52C4CE28AA368A2
:1089C00052BA92B282B0054612B1B3FBF2F292B241
:1089D000A66BD4F81110607B9B1BB3F5007F28BFFA
:1089E0004FF4007309BA0093B6FBF2F302FB136273
:1089F00019441F4BFFF794F8031E16DB94F82E1052
:108A00000CD09BB228461A4A01F020FF58B9194BE6
:108A10001B68DB0707D500BE02B070BD0093284677
:108A20001A4601F0E5FD02B070BDA268A36B43F2E7
:108A300003300021D31AA08784F83E1001200221C0
:108A4000A36284F82C0084F83010002AEBD0002BAD
:108A5000E9D0237BDB0914BF94F82E1094F82F1073
:108A6000284602B0BDE8704001F02CBFBC6A00206F
:108A7000BC680020F0ED00E010B4054C012084F843
:108A80003C1084F83D2084F83E305DF8044B70477C
:108A9000BC6A002040220021014807F067BC00BFEB
:108AA000BC6A002040220021014807F05FBC00BFE3
:108AB000BC6A00204B79082B01D0002070478B79CD
:108AC000062BFAD1CB79502BF7D1162A06D81C4B9E
:108AD0001B68D907F1D500BE0020704770B5194D4D
:108AE0008B7885F82D300B7882B005F12F0205F1D7
:108AF0002E0619440223CDE900261A46044601F049
:108B0000ABFD48B90E4B1B68DA0702D500BE02B0B8
:108B100070BD002002B070BD20461F2300242A46ED
:108B200095F82F1085F8304001F090FE30B9044BD5
:108B30001B68DB0702D500BE1720E8E71720E6E731
:108B4000F0ED00E0BC6A002079B970B50B461178F1
:108B500001F07F04022C84B0054608D001F06001CA
:108B6000202938D0002004B070BD0120704754780F
:108B7000012CF3D151880029F4D13E4E918896F80A
:108B80003030042BC9B270D096F82E208A425AD0C9
:108B900096F82F408C4253D1002B51D1214601F041
:108BA00083FE00284CD12146284601F0A7FE00286C
:108BB00046D1002386F83030284696F82F102D4AEB
:108BC0001F2301F043FE00283AD12B4B1B68DB0723
:108BD000C8D500BEC7E75178FE2916D0FF29C1D1FC
:108BE0005388002BBED1D488A3B2002BBAD1214E1A
:108BF0001146284686F83030C6E90D33B48786F82A
:108C00003E3001F089FE0120ADE751880029A9D14D
:108C1000D1880129A6D119488DF80F1038B10192D9
:108C2000FEF7ECFE019A00289CD0431EDBB204AC98
:108C3000114604F8013D28462246012301F084FE36
:108C4000012004B070BD022BFAD1B46BB3681B1BBA
:108C500011460324B36206F120020D2386F830404A
:108C600001F0F4FD0028B0D0EAE701F02BFE204629
:108C700079E700BFBC6A0020F0ED00E0FD7902005A
:108C8000F0B5A24C94F83050012D8FB01E46074627
:108C900044D02AD3032D04D0022D5FD001200FB081
:108CA000F0BD94F82E308B42F8D10D2EF6D1E37B37
:108CB000282B00F022812A2B40F01581944B13B110
:108CC000607BFEF75DFF002084F830001F238F4A91
:108CD00094F82F10384601F0B9FD002872D18D4B61
:108CE0001B68DA0771D500BED9E794F82F208A42B5
:108CF000D4D11F2B03D1884B2168994267D004231C
:108D000094F82E1084F83030384601F0DBFD3846F8
:108D100094F82F1001F0D6FD0020C0E7E27BA36B92
:108D2000282A12D02A2A00F08A80217B626B1E44F6
:108D3000CB09A66377D0B2420DD9764B1B68DB070F
:108D400040D500BE94F83050A6E7626B1E449642B0
:108D5000A663C0F0B880022384F8303094F82E1057
:108D6000384601F0CBFD002898D1A368A26B94F897
:108D70002E10934202D9207BC00950D19A1A0325A4
:108D8000A26238460D23654A84F8305001F05EFD3A
:108D90000028A4D082E704AA05A9FEF7A5FE059B3A
:108DA00023B1BDF81020002A40F0928294F83C30A4
:108DB00023B940F2024284F83E30A28701213846AE
:108DC000FFF788FD94F8305066E7002067E7544BC2
:108DD000E57B6168236200236162A362012184F85C
:108DE0002C30A363282DA36884F83010636300F04F
:108DF000C0802A2D53D0002B00F01481217BC9099B
:108E000040F01081B3F5007F00F22B8211469BB237
:108E1000444A01F01BFD00283FF461AFD2E7384619
:108E200001F050FD3AE793B2607B3E4A04F10F0136
:108E3000FEF768FE00287BDBA66B626B7BE7E28AAD
:108E400052BA92B21AB1A168B1FBF2F292B2D4F85E
:108E50001110344DB3FBF2FC09BA02FB1C32607BEB
:108E6000009661442B46FEF773FE0028C0F2B680E0
:108E700086422DD9361A38B1A36B291803443246DD
:108E80002846A36307F059FA002394F82F100093A3
:108E90003246384601F0ACFB94F83050FCE6E18AEB
:108EA00049BA89B2002B68D0207BC00940F08B8082
:108EB000002900F0EC81B3FBF1F1002900F00482FD
:108EC000282D38460CD1FFF777FD94F83050E3E6B3
:108ED000D4E90D231E449642A663BFF43CAF384646
:108EE000FFF71EFD6EE7104B002B3FF4ECAE04F1D4
:108EF0000F01607BAFF30080E5E60C4B002B3FF4E5
:108F0000E2AE607BAFF30080DDE600BFBC6A00200C
:108F1000817B0200F0ED00E055534243DC6A002003
:108F200055534253BC6800200000000000000000C0
:108F3000A368A66B94F83C1084F82C509A1B02206E
:108F4000A26284F8300021B942F2050084F83E1094
:108F5000A087002B3FF471AF002A3FF46EAF237B54
:108F6000DB0940F0A98194F82F10384601F0AAFCE3
:108F700062E7E18A49BA89B20BBB00293FF4EBAE44
:108F800094F83C00A362022184F82C1084F830107D
:108F900000287FF4E3AE42F205000021A08784F8A8
:108FA0003E10002B3FF4DAAE237BDB0940F07C81DE
:108FB0001146384601F086FC94F830506CE6207B70
:108FC000C0097FF475AF94F83C00A362022184F8D5
:108FD0002C1084F830100028DDD0E5E7A36BA268E0
:108FE0001E4443F203300021931BA08784F83E10F7
:108FF00001200221A663A36284F82C0084F83010BB
:10900000002A3FF4ABAE002B3FF4A8AE237BDB0974
:1090100040F04A8194F82F10384601F053FC94F840
:10902000305039E6607B252D00F2228101A252F8F2
:1090300025F000BF5192020071920200719202006D
:10904000FD91020071920200719202007192020081
:1090500071920200719202007192020071920200FC
:1090600071920200719202007192020071920200EC
:10907000719202007192020071920200B791020097
:1090800071920200719202007192020071920200CC
:1090900071920200719202007192020071910200BD
:1090A0003B910200719202007192020071920200E3
:1090B000719202007192020071920200719202009C
:1090C000CD90020071920200978D020005AD002341
:1090D0000DF10E0204A96B600593AB60FEF704FD71
:1090E000049A002A3FF462AEBDF80E30002B3FF424
:1090F0005DAE12BA5BBA08200221ADF81E300692AE
:109100008DF817008DF81C1095E80700744B83E864
:1091100007000C20A368002B00F0A380984228BF12
:10912000184683B260636E4A94F82E10384601F0F8
:109130008DFB00283FF4D3AD44E66A4B002B00F0D2
:109140008C80E17CC1F3400301F001020909AFF317
:109150000080002840F0818094F83C30002B7FF4A0
:109160002DAE40F202420023A28784F83E3025E66D
:109170009DF816305C49002203F0800362F3C713A8
:109180008DF8163003238DF815208DF817208DF8F3
:109190001430002900F09A80AFF300809DF816305B
:1091A0004F4A80F0010060F3C7138DF81630059B1D
:1091B00013600420AEE74FF0203302250022CDE9F2
:1091C000052207A909AA08938026079309930D93FE
:1091D000CDE90A330C938DF816500DAB8DF817506E
:1091E00005AD8DF81560FEF711FC0FCD3C4E0FC696
:1091F0000FCD0FC62B68336024208BE794F83C20FA
:1092000094F83D0094F83E10354E4FF0000C4FF0AE
:109210000003CDE905CCCDE907CC62F303038DF85B
:109220001630F0220A23ADF824C08DF820008DF806
:1092300021108DF814208DF81B3005AD0FCD0FC611
:109240002B68A4F83CC084F83EC03380122061E74C
:10925000FEF730FC00283FF47FAFA368002B3FF4FB
:109260007AAD01213846FFF735FB94F8305013E50D
:1092700094F83C20002A7FF4A1AD9BB2184A1B4908
:10928000FEF740FC0028FFF699ADE6D042E7012149
:1092900094F83C0084F82C100221A36284F830106A
:1092A00000287FF47EAE76E694F82E10384601F062
:1092B00009FB94F83050EFE494F82E10384601F092
:1092C00001FBD4E90D2636E50221E1E7012065E73F
:1092D000013B03491BBA12BAC1E90032082019E761
:1092E000BC6800200000000000000000CB6A0020E5
:1092F00030B5154C83B000210D464FF4EE72204678
:1093000007F034F804F13C01201D009501234022B0
:1093100000F0F2F80123402204F17C01009504F1F1
:10932000200000F0E9F804F1BC01012004F052F83B
:1093300004F58671E0610120A56104F04BF8C4E9F1
:109340000D0503B030BD00BFFC6A002010B5064C0F
:109350002046002340F8043B00F04AFA04F12000C4
:10936000BDE8104000F044BAFC6A00204B79FF2BA6
:1093700001D0002070472DE9F041324D6B7882B06A
:109380000BB9AB781BB1002002B0BDE8F0810C78BE
:109390008B782B70074608790E460C4418B3637817
:1093A000052B0AD0A3189C4202D306E0A34204D99D
:1093B00021780C4461780529F8D1DFF89480CDF844
:1093C000048008F101030246009321460223384637
:1093D00001F042F9A0B13379A978C3EBC3031C446F
:1093E00031B9697891B9A01B80B202B0BDE8F081B3
:1093F00008F25B123846402301F028FA0028F0D129
:10940000114B1B68DA07BED500BEBDE7002001F096
:109410004BFA07460028E6D10C494022A1F5BE7060
:1094200000F0D0F80028DED003466978074A3846B5
:1094300001F00CFA0028D6D1034B1B68DB07D2D50C
:1094400000BED0E7FC6A0020F0ED00E0986C002040
:10945000FD6A002038B5234CA5788D420AD0637888
:109460008B424FF0000004D101F01EFA054600B314
:10947000012038BD9AB204F5AE71201D00F04EF9FE
:10948000194B13B10020AFF30080A178002001F048
:109490000BFA05460028EBD1144800F081F83F286C
:1094A000E6D9A178124A2846402301F0CFF90120DD
:1094B00038BD402204F5CE7104F1200000F082F89E
:1094C0000028D5D0034604F5CE722846617801F015
:1094D000BDF90028CCD1074B1B68DB07C8D500BEFF
:1094E000C6E700BFFC6A002000000000006B0020FF
:1094F000586C0020F0ED00E02DE9F041B2F5004F8E
:109500009DF8188030D8044640691E460F4615461F
:1095100018B14FF0FF3104F09FF9A06918B14FF076
:10952000FF3104F099F96A0092B260692760511E18
:1095300000235242E381A580E68084F80880A1815F
:109540006281238218B11A46194603F069FDA069A9
:1095500038B100231A46194603F062FD0120BDE828
:10956000F0810120BDE8F0810020BDE8F08100BF5E
:10957000C189028A89B292B28B1A91429BB202D2FD
:1095800042899B1A9BB28088984228BF1846704730
:10959000C289038A9BB2981AB0FA80F040097047DA
:1095A000C189028A89B292B28B1A914210B49BB2DD
:1095B000848802D240891B1A9BB2E01A80B25DF8FF
:1095C000044B70472DE9F843044680690E46174660
:1095D00018B14FF0FF3104F03FF9E089218A80B2E1
:1095E00089B2451A8842ADB202D26389ED1AADB292
:1095F000A388AB420AD2C21A984292B245D261897C
:10960000521A92B22282218A1D4689B2002D40D080
:10961000BD4228BF3D468B4203D8C91A89B28B424E
:10962000FBD95B1AB4F8068022689FB2BD4208FBE2
:10963000012124D917FB08F91FFA89F94A46304657
:1096400006F070FEEA1B12FB08F206EB090092B26C
:10965000216806F067FE228A92B253199BB29A42A1
:1096600019D9628913449BB2A069238220B10023D7
:109670001A46194603F0D4FC2846BDE8F88308FBD7
:1096800005F2304606F04EFEE5E7A1899142B9D2D7
:10969000B5E7238A9BB2A2899A42E5D2E1E700BFEF
:1096A00070B5054680690E4618B14FF0FF3104F0E1
:1096B000D3F8EC892B8AA4B29BB2E01A9C4280B208
:1096C00002D26A89801A80B2AA88824208D2A11A7C
:1096D000944289B21CD26889091A89B2298210463B
:1096E000D0B1934203D39B1A9BB29A42FBD9EA882A
:1096F0002968304602FB031106F014FE0124A86914
:1097000020B100231A46194603F08AFC204670BD9A
:10971000A8898842E2D2DEE70446F0E72DE9F04767
:10972000154612B92846BDE8F087044640690F4641
:1097300018B14FF0FF3104F08FF8E689227A218AC0
:10974000A388B4F80680B6B289B282B39D4204D32E
:10975000ED1A08FB05770E461D469E42304603D3A0
:10976000C01A80B29842FBD21B1A22681FFA83F9F2
:109770004D4508FB002027D808FB05F2394606F0C6
:10978000D1FDAB199BB29E4202D8A2899A4202D265
:10979000628913449BB26069E3810028C2D0002330
:1097A0001A46194603F03CFC2846BDE8F087721AB9
:1097B0008E4292B202D26189521A92B29A1A92B22F
:1097C000954228BF1546C8E719FB08FA1FFA8AFA1E
:1097D0005246394606F0A6FDA5EB090212FB08F237
:1097E00007EB0A0192B2206806F09CFDC9E700BFB2
:1097F00010B50446406918B14FF0FF3104F02CF861
:10980000A06918B14FF0FF3104F026F8A388606911
:109810005B009BB2591E5A420023E381A181628101
:10982000238218B11A46194603F0FAFBA06920B149
:1098300000231A46194603F0F3FB012010BD00BFB8
:1098400038B5044640690D4618B14FF0FF3104F0B9
:1098500003F8A06918B14FF0FF3103F0FDFF606914
:10986000257220B100231A46194603F0D9FBA069DE
:1098700020B100231A46194603F0D2FB012038BD5F
:10988000024B5878003018BF01207047306D00201F
:10989000024B1878C0F38000704700BF306D002085
:1098A000014B1878704700BF676D00202DE9F04329
:1098B000374D2C7883B01CB1204603B0BDE8F0834F
:1098C000372221460646334806F050FD3249012032
:1098D00003F080FD314B1860002832D030490B4630
:1098E0004A6833F8080B4988009403F027FB2D4B96
:1098F000186030B32C4B6BB32C4FDFF8B880DFF817
:10990000B8903846AFF300803B78C8F800000DE00F
:10991000D8F8003004EB440203EBC2031B689847FD
:109920003B780134E4B21A1DA24225DBA342EFD8F2
:10993000E31ADBB2042B1CD803EB430309EBC3038C
:10994000ECE71B4B1B68DB07B6D500BE204603B017
:10995000BDE8F083DFF86080144F012458F8183B0D
:1099600098473A780432A24204F1010404DB062C41
:10997000F4D100231B68FFDE304601F05FF930466A
:1099800001F05EF9012420462C7003B0BDE8F0839D
:10999000676D0020306D0020E06C0020686D0020B5
:1099A000B46000206C6D002000000000DC6C002022
:1099B000F0ED00E0D86C0020A82803002DE9F04F5E
:1099C0008BB002F063F9002800F0DC81DFF85C83E3
:1099D000DFF85C93DFF850A3DFF858B3D8F8000045
:1099E0004FF0FF3207A903F0A5FD002800F0CA815F
:1099F0009DF81D30013B072B00F2B881DFE813F022
:109A00001F01FA00C800B900AD0040000E000800B8
:109A1000089B002BE2D009989847DFE79DF82010BB
:109A2000BC4B01F07F0403EB440303EBD11393F829
:109A300025006FF3000083F8250093F825006FF3ED
:109A4000820083F82500002C00F0CC81B24ADB7C38
:109A5000002A00F0C081B14A1278934280F0B981A7
:109A6000DBF8002003EB430312EBC30300F0858116
:109A70001C699DF82120099B9DF81C00A047ADE7BB
:109A8000A44C9DF81C60237843F00103237094F8E4
:109A900025306FF3000384F8253094F825306FF3F8
:109AA000820384F8253094F826306FF3000384F89D
:109AB000263094F826306FF3820384F82630002095
:109AC00000F0ACFF9DF8203003F06002602A00F047
:109AD0006A81402A00F06E8103F01F03012B00F021
:109AE000C581C0F0A281022B40F05D819DF8241059
:109AF00001F07F03082B00F2568158002318CF098C
:109B00003B44854DDB7C002D00F0F481834D2D78A6
:109B1000AB4280F0ED81DBF8005003EB430305EB33
:109B2000C3030093002A00F0EC815BB1009CE06865
:109B300000F074FFE368304608AA00219847002827
:109B40007FF44CAF9DF81C00002101F0CDFA80217C
:109B50009DF81C0001F0C8FA40E76E4B1B78D9074E
:109B60007FF53CAF6E4B002B3FF438AFAFF3008076
:109B700034E7684B1A78D0077FF530AF694A002A7E
:109B80003FF42CAF1878C0F3C000AFF3008025E796
:109B9000624D614A2B78002A00F085800024A342A0
:109BA000194614D9DBF8003004EB440203EBC2037E
:109BB0005B69BBB19DF81C00984729780134E4B279
:109BC0000B1D9C423FF70AAF0B46A342EAD8E31AAB
:109BD000DBB2042B7BD803EB43030AEBC3035B69C3
:109BE000002BE7D10134E4B20B1DA342FFF6F6AE21
:109BF0000B46EAE7494D484A2B789DF81C40002A5D
:109C000000F0F88000260FE0DBF8003006EB46029B
:109C100003EBC2035B68204698472B780136F6B207
:109C20001A1DB242C0F28880B342EDD8F31ADBB2FB
:109C3000042B35D803EB43030AEBC303EAE7374DA4
:109C4000354A2B789DF81C40DAB100260EE0DBF88F
:109C5000003006EB460203EBC2035B6820469847E0
:109C60002B780136F6B21A1DB24233DBB342EED87E
:109C7000F31ADBB2042B13D803EB43030AEBC30341
:109C8000EBE7294F01267B68204698472B78043361
:109C90009E4207F1180706F101061BDC062EF2D1E1
:109CA00000235B68FFDE204E01247269002A00F069
:109CB000B3809DF81C0090472B78191D8C4206F14B
:109CC000180604F101043FF789AE062CEDD10023FC
:109CD0005B69FFDE0F4C37220021204606F046FB71
:109CE0004FF0FF33C4F80730C4F80B30C4F80F301E
:109CF000C4F80330C4F81330C4F81730C4F81B306C
:109D0000C4F81F30A4F8233000F07EFE9DF8203008
:109D1000A37063E6306D002000000000DC6C0020C2
:109D20000000000000000000A82803006C6D002067
:109D3000F0ED00E0D86C002037220021BE4806F08C
:109D400015FBBE4A4FF0FF3353619361D361138417
:109D5000136053609360D360136100F055FEB84BFD
:109D6000002B3FF43BAEAFF3008037E6D9F800306C
:109D7000DA077FF533AE00BE30E6B24B1B68DC0776
:109D800000D500BE0BB0BDE8F08F581EC0B2FDF785
:109D9000F5FD18B14378022B00F06382D9F800304A
:109DA000DB0700D500BED9F80030DD077FF5CAAE6D
:109DB00000BEC7E6A44800283FF4C4AE00F02EFE63
:109DC000304608AA0021FDF739FF00287FF406AECF
:109DD000B8E69B1ADBB2042BCFD803EB43030AEBA4
:109DE000C30345E6099B9DF821209DF81C0000F067
:109DF0002BFEF3E5954F01267B68204698472B788C
:109E000004339E4207F1180706F1010694DC062E82
:109E1000F2D100235B68FFDE1A1D944206F118069A
:109E200004F101047FF751AFD8E5202A00F07A81D0
:109E3000002AB8D19DF82130092BB4D801A252F8DC
:109E400023F000BF59A002001BA00200A79D020042
:109E500079A00200A79D020001A00200AF9F0200AE
:109E6000A79D02009B9F02006D9F02009DF8243079
:109E70000F2B3FF667AE2344754ADB7882B3754AF1
:109E8000127893422AD2DBF8004003EB430314EB31
:109E9000C3043FF457AEE06800F0C0FDE36808AAD1
:109EA00000213046984700287FF498AD9DF8203077
:109EB00013F060047FF446AE9DF821300A3B012B7D
:109EC0003FF640AE00F0AAFD9DF821300A2B00F0CD
:109ED0006E8108A9304600F01FFD7FE59B1ADBB2BA
:109EE000042B3FF62FAE03EB43030AEBC304D2E788
:109EF0005B1BDBB2042B40F22D81002A7FF422AEE3
:109F000000929DF82130012B04D0C0F02C81032B4E
:109F10007FF449AFBDF822509DB9012B00F0348188
:109F200025183D4420356B799B070AD4304601F053
:109F3000DBF86B7943F002036B716B7943F001033B
:109F40006B71009D002D3FF449ADE86800F066FD9F
:109F5000EB6808AA002130469847002000F05EFD1B
:109F600094F82630DF073FF539ADB2E79DF822308F
:109F700003931A4663789A4207D06378002B40F027
:109F80001F81039B002B7FF400AF9DF80C306370A2
:109F9000304608A900F0C0FC20E50AAA637802F860
:109FA0000E3D3046012308A900F0CEFC16E5BDF8B1
:109FB0002200030A5A1EC0B20E2A3FF6C3AD01A109
:109FC00051F822F00DA10200F1A00200E1A0020070
:109FD000459B0200459B0200BBA00200F1A00200CD
:109FE000459B0200459B0200459B0200459B0200E9
:109FF000459B0200459B0200459B020095A0020084
:10A0000008A800F011FD30469DF8221000F01EFE59
:10A01000237843F002032370E0E4BDF82230012BE3
:10A020007FF490AD237830466FF3C30308A9237003
:10A0300000F072FCD2E400BF306D0020336D0020D0
:10A0400000000000F0ED00E03D7C0200A8280300C5
:10A0500000000000DC6C00202378990801F0020168
:10A06000C3F340130AAA0B4322F80E3D30460223E5
:10A0700008A900F069FCB1E4BDF82230012B7FF49F
:10A0800061AD2378304643F0080308A9237000F03F
:10A0900043FCA3E4B14B002B3FF454ADFDF7CAFDE4
:10A0A000024600283FF47FAE3046538808A900F0EE
:10A0B0004BFC00287FF492AC44E5A94B002B3FF405
:10A0C00041ADAFF30080024600283FF43BAD30467F
:10A0D000137808A900F038FC00287FF47FAC31E544
:10A0E000BDF82410FDF750FC02460028EFD129E509
:10A0F000022B00F06D819B4B002B3FF423ADAFF39F
:10A1000000800246002A3FF44EAECDE7FDF732FC58
:10A110001223024608A9304600F016FC00287FF4FE
:10A120005DAC0FE59DF824300F2B3FF60BAD2344BB
:10A130008D4ADB782AB18D4A127893421BD39B1A41
:10A14000DBB2042B3FF6FEAC03EB43030AEBC30484
:10A15000E068EDE403EB43030AEBC3030093002A3A
:10A160007FF4E4ACCDE623183B4420330AAA5B79A4
:10A17000C3F3400378E7DBF8004003EB430314EB41
:10A18000C3043FF4DFACE3E723181F4420377B7997
:10A190009A077FF5D6AE304600F0ECFF7B7965F389
:10A1A00041037B717B7965F300037B71C9E60AAAE1
:10A1B00008A902F80E4D3046012300F0C5FB0DE45E
:10A1C000304600F0E7FD694D674AA1782B78009191
:10A1D0008AB300270EE0DBF8003007EB470203EB01
:10A1E000C2035B68304698472B780137FFB21A1DCF
:10A1F000BA420BDBBB42EED8FB1ADBB2042B3FF6B4
:10A200004FAD03EB43030AEBC303EAE73722002118
:10A21000574806F0ABF8574A9DF80030A3704FF04E
:10A22000FF3353619361D361138413605360936070
:10A23000D3601361A5E6504B2A4601271D461346FD
:10A240006A68019330469047019B19780431B942FE
:10A2500005F1180507F10107D8DB062F3FF420AD03
:10A26000EEE7C2792378511161F30413921162F37E
:10A270004513237043880496C318059300F109071A
:10A28000059BBB4240F29C807B780B2B00F09380B7
:10A29000012300937B78042B7FF480AD059B324A29
:10A2A000DB1B9BB20293314B1B7842B3002201921D
:10A2B000164619E0DBF8005006EB460305EBC30534
:10A2C000AB68029A049839469847082803D9029B3C
:10A2D000834280F08480254B1B780136F6B21A1D2C
:10A2E000B2420196FFF65AAD9E42E3D3F31ADDB2B5
:10A2F000042D21D805EB45050AEBC505E0E71E4D09
:10A30000019215E0AB68029A0498394698470828EC
:10A310002B4602D9029A824211D2144B019A1B7821
:10A32000013204339342019205F11805FFF636AD70
:10A33000019B052BDEB2E5D100239B68FFDE0546BD
:10A34000009A012A4ED0009B33B3B97862180B46AD
:10A35000D278FF2A7FF422AD002216E0357C02007D
:10A36000000000000000000000000000DC6C002085
:10A37000306D0020336D0020A82803005318DBB295
:10A38000E018C078FF287FF409AD23440132DE7065
:10A39000009BD2B29342F1D833462A463946184838
:10A3A00001F0A8FC174B019A1B7804339A422F4402
:10A3B0007FF766AFF2E43B78FA7800921F4469E7D2
:10A3C000114B049E002B3FF4E0ADAFF30080DCE5C1
:10A3D000FDF7D4FA0246002A3FF4E5AC64E62B46CA
:10A3E0000546ADE79B6809490098094A8B4208BFBA
:10A3F00002200146934208BF02210091A5E700BF59
:10A40000436D0020DC6C002000000000917F020002
:10A41000A986020030B589B000248D1E8DF8091080
:10A420008DF80800CDF80E40CDF80A40ADF8124086
:10A43000032D62D8DFE805F0264108023A4B19786F
:10A44000C90760D409B030BD374B1978C807F9D5B2
:10A450001978364841F00401197000682AB30023C6
:10A4600005AA02A902F0ECFF059B002BEAD0304BB5
:10A470004FF080525A6040BFBFF34F8FBFF36F8FD2
:10A4800009B030BD284929480B7800686FF30003F4
:10A490000B700C7800236FF341040C704B700C7838
:10A4A00063F382040C70002ADAD1134602A94FF03C
:10A4B000FF3202F0B5FD09B030BD1B490B785B07D8
:10A4C000C0D50B788DF8140018466FF38200174C36
:10A4D000087000230521CDF81A30CDF81630ADF8FC
:10A4E0001E3020688DF81510B2B101AA05A902F03E
:10A4F000A7FF019B002BA5D0B9E70C4B1868002AD9
:10A50000D3D00023ACE7197808486FF382011970A3
:10A510000068002AA3D1C8E7134605A94FF0FF320F
:10A5200002F07EFD8EE700BF306D00206C6D0020D4
:10A5300000ED00E030B5154D85B0002301248DF805
:10A540000400CDF80630CDF80A308DF80810ADF8CB
:10A550000E3028688DF8054082B16A4601A902F0E4
:10A560006FFF009B43B10A4B4FF080525A6040BFCF
:10A57000BFF34F8FBFF36F8F05B030BD134601A9F6
:10A580004FF0FF3202F04CFDF6E700BF6C6D00208B
:10A5900000ED00E030B50B4685B049688DF8040049
:10A5A0001868114D02AC03C4002306212868ADF8D9
:10A5B00006308DF8051082B16A4601A902F040FF0D
:10A5C000009B43B1094B4FF080525A6040BFBFF32C
:10A5D0004F8FBFF36F8F05B030BD134601A94FF009
:10A5E000FF3202F01DFDF6E76C6D002000ED00E08B
:10A5F00070B584B0164E9DF82040039207250022C6
:10A60000CDF806208DF80400ADF80A208DF808106A
:10A610008DF8093030688DF805508CB1134601A9CA
:10A620006A4602F00DFF009B43B10A4B4FF0805287
:10A630005A6040BFBFF34F8FBFF36F8F04B070BD40
:10A6400023464FF0FF3201A902F0EAFCF6E700BF13
:10A650006C6D002000ED00E02DE9F84FDDE90A67A0
:10A66000002A46D093464A78052A0C460FD191F825
:10A6700003A00AF0030A534509D18B7803F07F0346
:10A68000082B0DD91C4B1B68DA0700D500BE1A4BEE
:10A690001B68DB0702D40020BDE8F88F00BEFAE794
:10A6A00081460025DFF854800CE06378052BEED15D
:10A6B000E37803F003035345E9D1A37803F07F0364
:10A6C000082BDFD898F80210204601F0E1FA0028A4
:10A6D000D8D02146484600F0CBFA0028D7D0A3783E
:10A6E000DA0914BF3B703370237801355D451C4493
:10A6F000DBD10120BDE8F88FF0ED00E0306D0020E7
:10A7000030B5114D85B000230824029001930391C8
:10A7100028688DF8054082B16A4601A902F090FED2
:10A72000009B43B1094B4FF080525A6040BFBFF3CA
:10A730004F8FBFF36F8F05B030BD134601A94FF0A7
:10A74000FF3202F06DFCF6E76C6D002000ED00E0DA
:10A7500038B58B7803F07F03082B06D90A4B1B68AA
:10A76000DB0700D500BE002038BD084B05460C466F
:10A770000846997801F08CFA0028EFD02146284647
:10A78000BDE8384000F074BAF0ED00E0306D002014
:10A7900070B5164C01F07F0304EB430404EBD114B5
:10A7A0002034607910F0010504D16379590704D58C
:10A7B000284670BD0025284670BD0D4E4FF0FF3174
:10A7C000306803F049F86379DA0707D463795B07E7
:10A7D00004D4637943F004036371012500233068D6
:10A7E0001A46194602F01CFC284670BD306D002048
:10A7F000686D002038B5134D0C4628684FF0FF31C6
:10A8000003F02AF8104904F07F0301EB430101EB48
:10A81000D41120314B7913F0010310D14C79C4F3DA
:10A82000800424B14A7963F382024A71012400232F
:10A8300028681A46194602F0F3FB204638BD00246A
:10A84000F5E700BF686D0020306D002070B5144C36
:10A8500001F07F0604EB460404EBD1142034657943
:10A86000ED0706D50F4B1B68DA0700D500BE0020A8
:10A8700070BD657945F00105657100F0DBFA0028CF
:10A88000F6D16379074A60F300036371637960F37B
:10A89000820363711368DB07E9D500BE70BD00BF9A
:10A8A000306D0020F0ED00E0054B01F07F0203EB7E
:10A8B000420303EBD11191F8250000F0010070472D
:10A8C000306D002010B50C4C01F07F0204EB420407
:10A8D00004EBD11494F825309B0700D510BD20342B
:10A8E00000F002FC637943F002036371637943F083
:10A8F0000103637110BD00BF306D0020054B01F0F6
:10A900007F0203EB420303EBD11191F82500C0F362
:10A9100040007047306D00200A4630B4094C496849
:10A9200005461068234603C30023C4E9023392F9A5
:10A9300000209A422846ACBF802119461A4630BCF6
:10A94000FFF784BF306E0020F0B50E462B4C4968EF
:10A9500007463068A260254603C50021E181F588DD
:10A96000AB4228BF2B4683B0A381ADB13BB3002AD5
:10A970003DD094F90000402B28BF402300282CDB59
:10A980001F4A3846FFF762FF98B91E4B1B68DB076A
:10A9900012D500BE03B0F0BD96F90030002BACBF5D
:10A9A0008021002138462B462A46FFF74FFF00281A
:10A9B000EBD0012003B0F0BD002003B0F0BD94F94E
:10A9C0000020002AACBF194680211A463846FFF7FE
:10A9D0003DFF0028D9D00120ECE71146084801933B
:10A9E0001A4605F09FFC064A019B8021EEE7054BC5
:10A9F0001B68D907E0D500BE1046CBE7306E0020BB
:10AA0000446E0020F0ED00E0034B0022C3E9002279
:10AA1000C3E902221A617047306E0020014B1861B1
:10AA2000704700BF306E00200346064A5968006830
:10AA300010B41346002403C3C2E902445DF8044B7A
:10AA4000704700BF306E002070B5424C2278C909B3
:10AA5000B1EBD21F82B0064616D033B13E4B1B6815
:10AA6000DA0743D4002002B070BD3C4B13B121463D
:10AA7000AFF300802369002B42D03046354A0221D3
:10AA80009847012002B070BD94F90020A068002A08
:10AA900008DB0028E6D01A463149019305F042FC54
:10AAA000A068019BE589E2881D44ADB21844AA4222
:10AAB000A060E58101D03F2B25D8236923B1254A29
:10AAC00001213046984798B194F9002000239A421A
:10AAD000ACBF8021194630461A46FFF7B7FE78B959
:10AAE0001D4B1B68DB07BDD500BEBCE700BEB9E748
:10AAF0000146304600F0F8FA3046802100F0F4FAC2
:10AB0000012002B070BDA28994F90010531B9BB2C2
:10AB1000402B28BF402300290ADB95424FF000015B
:10AB200012D00F4A3046FFF791FE0028D8D0E7E751
:10AB300095420BD001461A460948019305F0F2FBF5
:10AB40008021074A019BEDE70A46EBE780210022BE
:10AB5000E8E700BF306E0020F0ED00E000000000EC
:10AB6000446E002042DF704743DF704744DF704788
:10AB700012DF70472C4B5B68C3F3080313B9EFF384
:10AB800010839BB1294B93F8D820002A36D101229B
:10AB900083F8D8200260BFF36F8FBFF34F8F244A32
:10ABA000904227D0043A904224D07047214A5368FB
:10ABB0001B06E7D5802110B4C2F88410BFF34F8F75
:10ABC000BFF36F8F194B93F8D840E4B9012283F893
:10ABD000D8200260BFF36F8FBFF34F8F144A9042AB
:10ABE0001DD0043A90421AD0124B80225A605DF870
:10ABF000044B7047002283F8D82070470146012299
:10AC00000D48FFF77DBD5160C2F88410BFF34F8F30
:10AC1000BFF36F8F93F8D840002CF4D1D6E7002211
:10AC200083F8D820E0E700BF00ED00E0846E00204C
:10AC30005070024000E100E075AB0200704700BFB9
:10AC4000014B80225A60704700E100E0074BD3F8C7
:10AC50000014D3F8002400200A434FF48001C3F805
:10AC60000024C3F85801C3F8041370470070024071
:10AC7000F0B488788D88CC78424FC10900F07F020B
:10AC800002EB42034E00DB000E4403EB86033B4421
:10AC900004F00304C5F30A05012C1D812BD0012308
:10ACA00003FA02F5B9B1384902329340C1F80433CE
:10ACB000D1F810352B43C1F81035334B40F4807276
:10ACC000C3F81805C3F80C25BFF36F8FBFF34F8F80
:10ACD0000120F0BC70472C4C02F10C06B340C4F8C4
:10ACE0000433D4F8143502F594722B43C4F81435A8
:10ACF00044F82210E1E7082A08D0244B186810F025
:10AD00000100E6D000BE0020F0BC7047E9B9B7F8FA
:10AD1000D4301BB11C4B8022C3F81C251A4A0023D7
:10AD2000C2F85031D2F8003313F4001308BFC2F850
:10AD30005431154B4FF44012C3F80423D3F81425B3
:10AD400042F48072C3F81425B7E7B7F8C8200E4B59
:10AD50000021C3F82C1112B18022C3F81C250A4A25
:10AD6000D2F8003313F4001308BFC2F85431064B75
:10AD7000074AC3F80423D3F8102542F48072C3F8BD
:10AD800010259AE7846E002000700240F0ED00E08C
:10AD900000082000214B8022F0B4C3F88420BFF3C8
:10ADA0004F8FBFF36F8F1E4A1E4E0D2101250023CA
:10ADB0001D4CA1F10A004FEA810C05FA01F7644429
:10ADC00005FA00F0013138431429C6F8080363601E
:10ADD000A362C2E90033C2E90233C2E9043302F1DB
:10ADE0001802E5D11149124AC6F80823C6F81C35E5
:10ADF000C1F8C0307362C1F8C430B364C1F8C83060
:10AE0000C6F81455C1F8CC30C6F81055C1E9343332
:10AE1000024B80225A60F0BC704700BF00E100E0A6
:10AE20009C6E002000700240D06F0240846E0020B3
:10AE30000008300001F07F00F0B54FEA400CCE0969
:10AE40000F460CEB000571009D4CED00314405EB05
:10AE5000810104EB010E6250002283B0AEF8043091
:10AE6000AEF80620002832D1002B39D1954BD3F80B
:10AE70008034C3F3C0139E4232D0934B5B68C3F35C
:10AE80000803002B4DD1EFF31083002B49D18F4BDA
:10AE90005A68150645D58022C3F88420BFF34F8F2A
:10AEA000BFF36F8F94F8D810002940F0E980884AEA
:10AEB000012384F8D8301360BFF36F8FBFF34F8F37
:10AEC000002384F8D830814B80225A603AE04EB992
:10AED00063199A7A002A40F08580012003B0F0BD02
:10AEE000002E40D0844404EBCC0400EB8003618A44
:10AEF000228AA58AE468521A9B0092B203F1804329
:10AF000003F51C337349C3F80046AA4228BF2A46FA
:10AF100001EB8000C3F80426FFF72CFE012003B0EC
:10AF2000F0BD94F8D83003F0FF02002B42D16849FD
:10AF3000012384F8D8300B60BFF36F8FBFF34F8FBE
:10AF400084F8D820604B5A68C2F30802003218BF58
:10AF5000012200230092184639461A46FFF748FBA3
:10AF6000012003B0F0BD584B5B68C3F308033BBB43
:10AF7000EFF3108323BB554B5A68100620D580226F
:10AF8000C3F88420BFF34F8FBFF36F8F94F8D810AE
:10AF9000002977D1504A012384F8D8301360BFF3D9
:10AFA0006F8FBFF34F8F002384F8D830474B802238
:10AFB0005A6092E7012246494848FFF7A1FBC1E7E2
:10AFC00094F8D83003F0FF02002B5DD142490123F1
:10AFD00084F8D8300B60BFF36F8FBFF34F8F84F8C6
:10AFE000D8207AE708289E722ED1364BD3F8C02499
:10AFF000D1033FF572AFD4F8C0003349C3F8A007BE
:10B00000C3F8A4274B68C3F30803002B42D1EFF326
:10B010001083002B3ED12D4B5A6812063AD5802260
:10B02000C3F88420BFF34F8FBFF36F8F94F8D8100D
:10B0300000293CD12A4A012384F8D8301360BFF399
:10B040006F8FBFF34F8FB1E765591E499A8800F59E
:10B05000947400EB800651F82440DB88D21A93B236
:10B06000A4B201EB86011F4AC1F80057A34228BFD2
:10B070002346C1F8043702EB8000FFF77BFD2CE785
:10B080005A6009E75A607BE7012213491348FFF72A
:10B0900037FB22E794F8D8305BB9114A012384F8D2
:10B0A000D8301360BFF36F8FBFF34F8F15E75A602F
:10B0B000B6E701220A490948FFF722FB0DE700BF66
:10B0C000846E00200070024000ED00E000E100E02E
:10B0D00050700240047002404C70024075AB020098
:10B0E0004870024028700240F8B511F07F0314D078
:10B0F000082B0DD01C4C41F48072C909C4F81825E6
:10B1000006D103EB4302194DD200A818867A66B91E
:10B11000BFF36F8FBFF34F8FF8BD134B01225A65FA
:10B12000BFF36F8FBFF34F8FF8BD03F59476817235
:10B1300054F826608188B0F806C0AF580C48A1EBDF
:10B140000C018AB2B5B203EB830C04EB8C04AA4267
:10B1500028BF2A46C4F8007700EB8300C4F8042710
:10B16000FFF708FDD4E700BF00700240846E0020A6
:10B170002870024011F0770F12D00A4B41F4807210
:10B18000C3F80C15C3F80C25CA09C3F8181504BF79
:10B1900001F5947143F82120BFF36F8FBFF34F8FF8
:10B1A000704700BF007002402DE9F04F8C4B8D4C72
:10B1B000D3F80003002387B01E461F46012520FA5E
:10B1C00003F11A19C9074FEA820209D5116839B18A
:10B1D00005FA03F117600E43BFF36F8FBFF34F8F74
:10B1E0000133192BEBD1F70700F1CE81DFF80C8288
:10B1F000350508D57A4BD3F8A83601229BB2A8F8BA
:10B20000D23088F8D720B40214D5754BD3F8142562
:10B21000D00500F11082D3F81025D00540F1F0815F
:10B2200098F8D730002B40F0128201220321002031
:10B23000FFF7F0F871021FD5694BD3F8004404F40E
:10B24000E062C3F80024E20500F1EA81670510D549
:10B25000634B0122C3F808259A65D3F8002312F442
:10B26000001208BFC3F854215D4B4FF40012C3F81D
:10B270000423A50500F1CE8134022BD5584BD3F819
:10B280008024D2B28DF81020D3F88414C9B28DF87E
:10B290001110D3F888048DF81200D3F88C048DF8BF
:10B2A0001300D3F890048DF81400D3F894048DF8AB
:10B2B0001500D3F898048DF81600D3F89C348DF857
:10B2C0001730500601D1052904D0012204A900201D
:10B2D000FFF760F9444B33404BB198F8D830002B5E
:10B2E00040F03C81414B1B68DA0700F1AE81DFF88A
:10B2F0000C91DFF8ECA0DFF808B1C8464D460024F9
:10B3000010E0224408EBC2020123D188A980D28830
:10B310000093002318463946FFF76AF9082F45D0F5
:10B320000134183504F10C0326FA03F3DB07E7B206
:10B33000F4D504EB84030AEB83032968D3F80837B8
:10B340006200DBB21019194408EBC0002960C18803
:10B350009BB2194489B2082CC180D2D02989994264
:10B36000CFD1C388A9889942CBD9002FD6D1204B01
:10B370005B68C3F30803002B40F07282EFF3108385
:10B38000002B40F06D821B4B5A68100640F168821A
:10B390008022C3F88420BFF34F8FBFF36F8F98F8DC
:10B3A000D810002900F08E825A60F2E7124B334029
:10B3B000002B00F0C3800A4BD3F86C74C3F86C7494
:10B3C000BFF36F8FBFF34F8F16F4806640F0B980E4
:10B3D000CDE90266024EDFF82CA000241CE000BF7D
:10B3E00000700240409C0010FCFB1F00F0ED00E0EC
:10B3F00000ED00E000E100E000040001846E0020A8
:10B400004C700240019C0010002C00F0AD81072D13
:10B410003BD0013409F1180927FA04F304EB840C3A
:10B4200004EB4402D90706EB8C0C08EBC202E5B230
:10B43000EAD5DCF80836D9F80C10DBB201EB030EC4
:10B44000C9F80CE0518A0B449BB25382518AB9F877
:10B4500010B004EB0A008B454FF000034FEA800068
:10B4600045F080017ED9538AB9F81420CCF800E663
:10B47000ABEB030B1FFA8BF3934228BF1346CCF8B8
:10B480000436FFF777FB072DC3D1FB0371D4039B71
:10B49000002B6ED1BE0309D5B8F81E20B8F81C30B9
:10B4A000934200F26681012388F822307D0309D59A
:10B4B000B8F83620B8F83430934200F20181012305
:10B4C00088F83A303C0309D5B8F84E20B8F84C302B
:10B4D000934200F21F81012388F85230F80209D507
:10B4E000B8F86620B8F86430934200F2598101231D
:10B4F00088F86A30B90209D5B8F87E20B8F87C30EF
:10B50000934200F26281012388F882307A0209D5E1
:10B51000B8F89620B8F89430934200F26B8101237A
:10B5200088F89A303B0209D5B8F8AE20B8F8AC30AC
:10B53000934200F27481012388F8B23007B0BDE86D
:10B54000F08FD3F88024D3F8803483F08003C3F3E2
:10B55000C0130393C2F3C01302933BE7002388F8A0
:10B56000D830C4E60120528A00901846FFF740F810
:10B570004DE7B8F80620B8F80430934200F2DF80B7
:10B58000012388F80A3085E7BE4BBF4ADFF83083D5
:10B59000BE4800240125C2F81455C2F81055546065
:10B5A00094625C609C629C60DC62DC601C631C6179
:10B5B0005C635C619C639C61DC63DC611C64546261
:10B5C0009464C2F85841D2F80034D2F800140B4306
:10B5D000C2F80034D2F80033C2F808332146C2F86A
:10B5E00004034046DC2204F0C1FE40232A462146E3
:10B5F0002046A8F81430A8F80830FEF79BFFF7E5BE
:10B600004FF40012C3F80823032101220020FEF7A3
:10B6100001FF0FE6012205210020FEF7FBFE2BE6CD
:10B620000122C3F82C2504210020FEF7F3FE670554
:10B630007FF51FAE0CE6D3F8C024D10314D5D3F8A0
:10B640001035DF057FF5F1ADEAE500BE4FE60024D9
:10B650000121B8F8D220009123462046882188F89D
:10B66000D740FEF7C5FFE0E5D8F8C0008849C3F829
:10B67000A007C3F8A4274B68C3F30803002B34D1F9
:10B68000EFF310838BBB834B5A6812062DD58022B3
:10B69000C3F88420BFF34F8FBFF36F8F98F8D81093
:10B6A00000297BD17C4A012388F8D8301360BFF38E
:10B6B0006F8FBFF34F8F774B80225A60724BBEE77C
:10B6C000714AD8F83040D2F8A814B8F83600C2F859
:10B6D00028471B1A9BB289B28B4228BF0B46C2F87F
:10B6E0002C376E48FFF746FAECE698F8D830002B76
:10B6F00040F0AA80684A012388F8D8301360BFF36D
:10B700006F8FBFF34F8F604BD3F81035DC053FF5DB
:10B7100087AD8AE55C4AD8F84840D2F8AC14B8F84E
:10B720004E00C2F83C471B1A9BB289B28B4228BF1D
:10B730000B46C2F840375A48FFF71CFACEE6524A89
:10B74000D8F80040D2F8A014B8F80600C2F80047B4
:10B750001B1A9BB289B28B4228BF0B46C2F8043732
:10B760005048FFF707FA95E6029B002B3FF451AED5
:10B770005FE6454AD8F81840D2F8A414B8F81E007D
:10B78000C2F814471B1A9BB289B28B4228BF0B46E2
:10B79000C2F818374448FFF7EDF987E65A6077E7B3
:10B7A000394AD8F86040D2F8B014B8F86600C2F848
:10B7B00050471B1A9BB289B28B4228BF0B46C2F876
:10B7C00054373A48FFF7D6F994E62F4AD8F878402C
:10B7D000D2F8B414B8F87E00C2F864471B1A9BB2C2
:10B7E00089B28B4228BF0B46C2F868373048FFF752
:10B7F000C1F98BE6244AD8F89040D2F8B814B8F8CA
:10B800009600C2F878471B1A9BB289B28B4228BFB8
:10B810000B46C2F87C372748FFF7ACF982E61A4A94
:10B82000D8F8A840D2F8BC14B8F8AE00C2F88C47DB
:10B830001B1A9BB289B28B4228BF0B46C2F89037C5
:10B840001D48FFF797F979E6012213491B48FEF7D7
:10B8500057FF0D4BD3F81035DD053FF5E1ACE4E4BF
:10B8600098F8D83003F0FF02002B3BD1012388F871
:10B87000D830CBF80030BFF36F8FBFF34F8F88F80D
:10B88000D8204DE504700240007002400514C0014C
:10B8900000ED00E000E100E048700240307002403E
:10B8A00034700240287002402C7002403870024010
:10B8B0003C700240407002404470024075AB020090
:10B8C000846E0020012388F8D830CBF80030BFF315
:10B8D0006F8FBFF34F8F002388F8D830044B80223E
:10B8E0005A601DE5012259460248FEF709FF17E597
:10B8F00000E100E075AB020030B5012883B000F034
:10B900009B8053D302283CD1B44BD3F80435002B91
:10B9100040F0CB80B14AD2F800341C05FBD54FF47F
:10B920000063C2F80034BFF36F8FBFF34F8FAC4A90
:10B93000AC4B12681B68082A00F0CB80A749AA4AC2
:10B9400080230120C1F81C35C1F80403C2F88431FA
:10B950005360A64D43F204044FF080432268AA428C
:10B9600011D0D3F80C14D3F80C24D003F6D5CA07A1
:10B97000F4D59A4B0122C3F80425BFF36F8FBFF3B0
:10B980004F8F03B030BD02AA002102F8041D1046FB
:10B99000FFF7EEF89DF804000028E2D01046019170
:10B9A000FFF7E4F8019A002AD8D0E2E78B4BD3F8EE
:10B9B0000025002AE5D14FF480014FF40062C3F85E
:10B9C0000813C3F80024BFF36F8FBFF34F8F844B6E
:10B9D0001B68082B00F0AC80804B0122C3F80025C7
:10B9E000BFF36F8FBFF34F8F43F2040203F18D5308
:10B9F00003F57723126803F2DB539A4200F0BF800D
:10BA00004FF08043D3F80C24D3F80C34D90301D57C
:10BA1000D207B6D443F20402744B12689A4200F083
:10BA20000C81734B00221A601B6801934FF0804316
:10BA3000012201991A60A4E7684BD3F80025002A77
:10BA40009FD00022C3F80425BFF36F8FBFF34F8F41
:10BA500065498020C1F88400BFF34F8FBFF36F8F1B
:10BA6000D3F80013C3F80813C3F80025BFF36F8F92
:10BA7000BFF34F8F43F2040103F18D5303F5772396
:10BA8000096803F2DB53994200F08E80594B012282
:10BA90001A60594B5A68C2F30802003218BF0122DB
:10BAA00002210020FEF7B6FC6BE743F204024F4B85
:10BAB00012689A4200F0AC804FF08043D3F80C2417
:10BAC000D3F80C34DB037FF525AFD5077FF522AF24
:10BAD00057E7032B09D8494A1168002979D1484C06
:10BAE00049F275301060216010605A1E022A10D889
:10BAF000424A1168002964D1424D3948394B0068E7
:10BB00001B6849F2753414602960146008287FF4BA
:10BB100015AF032B3FF612AF3B493C4B40F2E370AD
:10BB2000402208601A60BFF36F8FBFF34F8F05E7A5
:10BB30002C4B1B685A1E022A12D8304B1A68002A56
:10BB400040F08D802F4949F2753203201A60086059
:10BB50001A60234A234B12681B68082A7FF43CAF03
:10BB6000032B3FF639AF254B1A68002A73D12449BD
:10BB700049F27532C0201A6008601A602CE702ABE7
:10BB8000002203F8042D1846FEF7F2FF9DF804107A
:10BB900000293FF435AF18460192FEF7E7FF019BFD
:10BBA000002B7FF4EEAE35E702A800F8042DFEF777
:10BBB000DFFF9DF80430002B3FF468AFFEF7D4FFA1
:10BBC00067E70749074B0F4A08681B6800211160A7
:10BBD0009CE70B4A0021116087E700BF007002401C
:10BBE000300100103401001000E100E0DBE5B1514C
:10BBF000000100400400004000ED00E000EC0640C1
:10BC000014EC064014ED064000780240047802402F
:10BC100002AB002203F8042D1846FEF7A9FF9DF899
:10BC2000041000293FF448AF18460192FEF79EFF2A
:10BC3000019B002B7FF4A5AE6CE602A8002300F860
:10BC4000043DFEF795FF9DF80430002B3FF4E9AE6C
:10BC5000FEF788FF95E6044BC0221A60BCE6034B52
:10BC600003221A6075E700BF14EC064014ED06408D
:10BC700008B50020FDF71AFE20B9034B1B68DB074F
:10BC800000D500BE08BD00BFF0ED00E0FDF708BE26
:10BC9000C378828803F003000228C2F30A021DD091
:10BCA00013D801280FD1022940F2FF3308BF4FF407
:10BCB0008063934211D20E4B186810F001000CD033
:10BCC00000BE002070470020704702290CBF4FF4CF
:10BCD000806340239342EED301207047022902D0B3
:10BCE000402AE8D8F8E7B2F5007FE4D1F4E700BFD6
:10BCF000F0ED00E00A44914216D230B44C78052CA5
:10BD000005D00C7821448A42F8D830BC70478C7832
:10BD100004F07F0500EB4505E4092B550C78214420
:10BD20008A42EBD830BC7047704700BF38B5044634
:10BD300000F10805D4F8B430284698474FF6FD7353
:10BD4000984201D9012038BD0346B4F8BA20B4F8AE
:10BD5000B810284600F036FC94F89030032BF1D848
:10BD6000DFE803F0140E0802B4F8BA30181AA4F889
:10BD7000BA00E7E7B4F8B830181AA4F8B800E1E759
:10BD8000B4F8BA301844A4F8BA00DBE7B4F8B83015
:10BD90001844A4F8B800D5E72DE9F047002A4ED0A2
:10BDA00004460D46DFF8A0908F18002600F1080821
:10BDB0004FF6FD7A03E00120BD42064420D02368FF
:10BDC00015F8011B1B684B4515D1D4F8B43040461B
:10BDD00098475045EFD80346B4F8BA20B4F8B810E5
:10BDE000404600F0EFFB94F89030032BE3D8DFE8F7
:10BDF00003F01F18110A20469847BD420644DED1C1
:10BE00003046BDE8F087B4F8BA30181AA4F8BA0082
:10BE10000120D1E7B4F8B830181AA4F8B80001200E
:10BE2000CAE7B4F8BA301844A4F8BA000120C3E74E
:10BE3000B4F8B8301844A4F8B8000120BCE716469E
:10BE40003046BDE8F08700BF2DBD0200064810B5A2
:10BE50004FF4E1310446FBF773FB2046FBF788FB08
:10BE60000028FAD010BD00BF18630020704700BF43
:10BE700070B50F4C0F4B104A236004F108050023E6
:10BE80002846C4F8B4206360C4F8B83000F032FE2D
:10BE90000A4820600A4B0B4A0B49284600F0E0F89C
:10BEA000FF2328461A461946BDE8704000F098B8AE
:10BEB000606F002028290300E5CA02003C29030026
:10BEC000CDBE0200F1BF02005829030030B5A1F138
:10BED000280383B00546252B14D8DFE803F05A2A3F
:10BEE0002727414E13131313131313131313131391
:10BEF0001313131313131313131313131313131312
:10BF0000131330303F295DD901F03F03E91891F850
:10BF10002C00FF280AD00F2B56D9102B59D003F034
:10BF20002FFC003018BF012085F82700012003B046
:10BF300030BD104600F0E8FF012003B030BD01F035
:10BF40003F031D4495F82C00002A36D1114603F01A
:10BF5000FBFB95F82C00012103F072FB0120E6E7C2
:10BF6000002A14BF01200020E0D01C4B800143F0C8
:10BF700001039847012003B030BD184B022A8CBF43
:10BF800080204FF4A07043F001039847012003B0D4
:10BF900030BD2B35002415F8013FFF2B4FF0010178
:10BFA000184605D00F2C84BF1846022103F048FB29
:10BFB0000134E4B2162CEED1B8E7022103F040FBC5
:10BFC0000120B4E70020B2E7114603F0BDFB0120D9
:10BFD000ADE7019003F042FA0198A0E75029030071
:10BFE00080F8371080F8382080F83930704700BF6B
:10BFF000143920B505460C292CD8DFE801F0122BA6
:10C000002B071F0D2B2B2B2B2B2B0B00194612480C
:10C0100003F0C4FC012020BD0F4803F085FD012082
:10C0200020BDAB692BB92A680C4B527B03FB02F392
:10C03000AB61094803F0E6FC012020BDA969064870
:10C0400003F044FD95F824100348490803F062FD0D
:10C05000012020BD002020BD387E0020A0860100E8
:10C0600030B585B00D46009309491346094A044688
:10C0700000F026FF0DF10F0000F040FF9DF80F20AB
:10C0800000950146044B204600F004FD05B030BD8C
:10C0900021CD020055CC0200F5C702004218435CD6
:10C0A000507800EB032080B2704700BF002070473B
:10C0B0000378407800EB032080B27047012B0BD04F
:10C0C00007D3022B02D1801A80B27047401A80B287
:10C0D0007047104480B27047084480B2704700BF78
:10C0E000012B0BD007D3022B02D1401A80B270472C
:10C0F000104480B27047084480B27047801A80B202
:10C10000704700BF2DE9F04F824690F89000CAF8C2
:10C11000781000238AF8843007288BB00C7840F21E
:10C1200024810131A0F10802CAF87810D2B24FF090
:10C13000FF33834024EA03049AF891608AF884204C
:10C1400064B28AF8824093190878DBB2072B40FA70
:10C1500002F740F215814D1CCAF87850C2F108026E
:10C160004878D2B29040083B3843DBB2C0B29AF86C
:10C17000AA109AF892708AF884304FF0FF32B240D9
:10C1800020EA0200B1FA81F246B252098AF8872009
:10C190008AF883608AF88610FA1829780896D2B24D
:10C1A000072A41FA03F140F2E8806E1CCAF8786071
:10C1B000C3F108036D78DBB205FA03F3083A1943BB
:10C1C000D2B2C9B29AF893C08AF884200CEB020369
:10C1D0003578DBB2072B45FA02F540F2CB8006F149
:10C1E0000108CAF87880C2F108027678D2B206FA5D
:10C1F00002F2083B1543DBB2EDB29AF894608AF87C
:10C200008430F21898F800E0D2B2072A4EFA03FE02
:10C2100040F2AD8008F10109CAF87890C3F1080333
:10C2200098F80180DBB208FA03F3083A43EA0E03F8
:10C23000D2B2DBB24FF0FF3E06EB0E080EFA06F666
:10C2400023EA06035FFA88F8012606FA08F8A3EB4A
:10C2500008035BB2002C8AF88420099340F38180A4
:10C260000CEB0E0207EB0E030EFA0CFCD2B225EA21
:10C270000C0C06FA02F20EFA07F5DBB2A2EB0C0286
:10C2800006FA03F321EA0505161AED1A9AF88870E2
:10C29000BAF87C0076B26DB2324629463B46FFF7CB
:10C2A0001FFFAAF87C008046BAF87E00FFF706FF61
:10C2B0000246AAF87E00032F00F28281DFE817F021
:10C2C000390140014C0163004FFA89F30593BAF834
:10C2D0007C3003939AF88850BAF87E300293214656
:10C2E000DDF8148003982B464246FFF7F9FE064618
:10C2F0000298FFF7E3FE9AF8863000950246314631
:10C300008AF8AA3050463B4600F0E2F927449AF8F2
:10C310008410DAF878008AF881807FB28AF8807019
:10C320004A1C0378D2B2072A43FA01F340F224816F
:10C33000451CCAF878504078C1F10802D2B290404A
:10C340000343CA1FD2B2D9078AF884205ED4DDF82D
:10C3500014902846089B4B452DDC9AF886308AF8C5
:10C36000AA3009980BB0BDE8F08F0246DFE65FFA0D
:10C370008EF35FE7EDB2B0463FE7C9B22E4621E744
:10C38000F8B20D46F3E6089AC4F10103034408EB42
:10C39000020101309AB280B28BB200904146504601
:10C3A00000F0FEF90028DCD000239AF88420DAF8A7
:10C3B0007800AAF880309AF88E700178BB18DBB24A
:10C3C000072B41FA02F400F2DF80E1B29AF88F40C5
:10C3D0008AF88430E2184FF0FF360578D2B2BE40BA
:10C3E00021EA0601072A45FA03F5079100F2DA80EF
:10C3F000EBB24FF0FF31A1409AF981909AF9807029
:10C400008AF8842023EA0103CDE905939AF9823062
:10C41000BAF87C209AF888500392DBB2BAF87E20F2
:10C420000292FEB29DF814900493DDF81C802F4612
:10C430000BE0444509F10103A8EB040439D85FFA85
:10C4400083F9049B5FFA84F8002675B24FFA89FBE2
:10C4500029465A469C1B03983B46FFF741FE059030
:10C460000298FFF72BFE9AF88530E4B25D46002B68
:10C47000DFD19AF8873005990097444502468AF83B
:10C48000AA305046234628BF434600F021F99AF9C6
:10C490008230BAF87C200392DBB2BAF87E20049393
:10C4A00044459AF888700292A8EB040409F101034C
:10C4B000C5D906EB0804049B0595E4B23D461E1B56
:10C4C000069F8AF881B0F6B24FFA84F8B7428AF82C
:10C4D00080804146FFF404AF03982B465A464146FC
:10C4E000FFF7FEFD04460298FFF7E8FD9AF8863054
:10C4F0000095024621468AF8AA305046334600F09D
:10C50000E7F8BF1B9AF88260FFB209F10109BE4249
:10C510005FFA89F94FF000043FF6D6AEBAF87E30E4
:10C520009AF88850BAF87C000293A0464FFA89FB2B
:10C53000D3E7089908EB040308449BB280B22CE7C8
:10C54000089BC3F10101204408F10103414480B27A
:10C550001FFA81F89BB220E7089BC4F10104C3F1E4
:10C560000101014408F10103444401301FFA84F839
:10C570009BB28AB280B210E7DB078AF884203FF5CD
:10C5800045AFDDF81490E5E6451CCAF878504178CF
:10C59000C2F10802D2B29140083B2143DBB2C9B2DA
:10C5A000284613E7411CCAF87810C3F10803417804
:10C5B000DBB201FA03F3083A2B43D2B2DBB218E73D
:10C5C0004346EAE62DE9F041054690F888008846A2
:10C5D00017461E46032809D8DFE800F05D554F02D4
:10C5E0006B6F2846984780441FFA88F82C6FA5F88F
:10C5F0007C80FF2EA5F87E7004F117040FD8602E02
:10C6000035D9B5F8A0301C44607830B12378B342F6
:10C6100047D0044460780028F8D1BDE8F081B5F82F
:10C62000A2100C4427463846FFF742FD022104447D
:10C630003846FFF733FD864207F10407F3D8208818
:10C6400040BA80B20028E8D0864208D0A3781C44C3
:10C65000208840BA80B20028DFD08642F6D1E11CA3
:10C6600009B32846FFF74EFD80B2BDE8F081402EA9
:10C67000D0D9B5F89E301C44CCE76B6F284698475C
:10C680003F1ABFB2B2E76B6F28469847A8EB000885
:10C690001FFA88F8AAE76B6F284698470744BFB28D
:10C6A000A4E7A11CDCE70846B7E700BF014B4367DE
:10C6B000704700BFADC0020070B4B0F85640456C82
:10C6C0009DF80C600396121BAC4692B270BC60479A
:10C6D00070B490F8A4409DF80C506CB363B3012B78
:10C6E00005F0010403D9022D28D0032D4FD044B307
:10C6F000B0F860508D421FD8B0F862508D421BD9FF
:10C7000013449BB29342B0F86460B0F8665043D2D1
:10C71000954240D96B1E9BB29E420DD2B24238BFA9
:10C7200032469D4294BFC2EB0503C2EB03039BB2AA
:10C7300027E031468D4218D870BC70470131C91AC4
:10C7400089B2B0F864509542F6D8B0F86650954278
:10C75000F2D90B449BB28B42B0F86060B0F86250E3
:10C76000E8D28D42E5D96B1E9BB29E42E4D2B14223
:10C7700038BF31469D4294BFC1EB0503C1EB0303B3
:10C780009BB2856C0394AC68A44670BC60470132D0
:10C79000D21A92B2ACE732469542CDD9BCE700BF7F
:10C7A00070B4B0F86660B0F86450BDF80C409642C2
:10C7B0000FD9A5420FD2B0F86240B0F860208C4289
:10C7C0000ED99A4213D3994294BF0020012070BC25
:10C7D0007047A54201D2A242EDD8002070BC70473C
:10C7E0009A42FAD2994294BF00200120EFE701203B
:10C7F00070BC70472DE9F04790F8AA609DF820C002
:10C8000002F007050124AC40012EE4B240F2BE80E4
:10C8100000270668D0F84CA0367C22F0070202FB05
:10C8200006F24FF6F876164031440AEB0106BCF1E9
:10C83000000F40F08D80724202F00302D51C042DDF
:10C8400003F1FF3038BF04251FFA80FCAC4557D3F5
:10C85000002A00F09F801AF8010038436040012A46
:10C860000AF8010006F1010815D0707838436040DD
:10C87000A3F1020C032A70701FFA8CFC06F1020867
:10C8800009D1B07838436040A3F1030CB07006F1D1
:10C8900003081FFA8CFC4FF000099B1A4E461FFA42
:10C8A00083FE67F3070964F307061144AEF104053C
:10C8B00067F30F2964F30F265144C5F38D0567F321
:10C8C000174964F31746013567F31F6964F31F6660
:10C8D0000B1F002053F8042F013049EA02021FFA0F
:10C8E00080FA7240554541F8042BF3D8AD00ADB243
:10C8F000ACEB0503AE459BB208EB050622D0581EF3
:10C9000032783A43624080B23270D8B172783A439A
:10C910006240022B727015D0B2783A436240032B0A
:10C92000B2700FD0F2783A436240042BF27009D013
:10C9300032793A436240052B327103D073793B431D
:10C940005C407471BDE8F08727D11746002BF9D001
:10C950003278691C3A436240013B11F0070532709E
:10C960009BB24FEA47014FEA44020AD190F8AA204D
:10C97000B0F85210012A0E44E6D90124002BE7D169
:10C98000E0E7CFB2D4B2002BE2D1DBE7274608BF05
:10C9900000243EE7B0469C467DE701242746002B55
:10C9A000D6D1CFE710B49DF8044001945DF8044B54
:10C9B000FFF782BEF0B490F85010026890F8517002
:10C9C000CB00A0F85430167C1FFA87FCF6004FEA23
:10C9D000CC05A0F85260A0F85650547C3944A142CE
:10C9E00003DDA4EB0C03DB009BB2918AD28AA0F892
:10C9F0005E202B44A0F85850A0F85A30A0F85C10E4
:10CA0000F0BC704770B50025B0F85C60A0F86050CD
:10CA100082B0B0F85850A0F86260A0F86450B0F846
:10CA20005A60B0F86E50B0F86A30B0F86C20B0F8C8
:10CA30006810A0F8666000950446FFF7B1FE20B3C9
:10CA4000B4F86830B4F860209A4238BFA4F8603077
:10CA5000B4F86220B4F86A309A4288BFA4F8623011
:10CA6000B4F86420B4F86C309A4238BFA4F864304B
:10CA7000B4F86620B4F86E3001219A4284F8A4100C
:10CA800088BFA4F8663002B070BD84F8A40002B07C
:10CA900070BD00BF38B580F850200122002580F815
:10CAA000AA2080F8AB20049A80F85150044680F800
:10CAB000855080F8A95080F8A550C1644364826411
:10CAC000136805679847064BA26C20465268C4E974
:10CAD0001A3390472046FFF7E9FD84F8885038BDA7
:10CAE0000000FFFF19B10A2901D088B270474FF644
:10CAF000FF707047002380F82630704710B4046937
:10CB00001346A4460A465DF8044B1721604700BF50
:10CB100000B583B002AA02F8011D0121FFF7EEFF64
:10CB200003B05DF804FB00BF10B404690023A44601
:10CB30001A4618215DF8044B604700BF10B4046921
:10CB40000023A4461A4619215DF8044B604700BF34
:10CB500070B5044616460D46FFF7E6FF2046402115
:10CB6000FFF7D6FF33462A46204625691721A847F6
:10CB70002046BDE87040FFF7E1BF00BF10B4C468B5
:10CB80000A46A446002315215DF8044B604700BF08
:10CB900010B4C4680A46A446002316215DF8044B6D
:10CBA000604700BF10B4C4681346A4460A465DF847
:10CBB000044B1721604700BF10B4C4680023A4468B
:10CBC0001A4618215DF8044B604700BF10B4C468D2
:10CBD0000023A4461A4619215DF8044B604700BFA4
:10CBE00070B5064682B00D462C78172C13D01DD98F
:10CBF0000023192C1A462146304626D9FE2C4FF028
:10CC0000290120D16A788DF80720023500F050F90B
:10CC10002C78172CEBD16B788DF807300DF10702CB
:10CC2000012130460235FFF7BDFFDDE7152C4FF03F
:10CC300000032146304606D36A788DF80720F46851
:10CC40000235A047D0E702B070BDF4680135A047B7
:10CC5000CAE700BF14392DE9F041064614461D46C7
:10CC6000052958D8DFE801F00C1A2E344B032B4F5E
:10CC70003B78002B49D100233B700120BDE8F081B7
:10CC800090F824300469FF2B04BF782380F8243007
:10CC9000A4462B461421BDE8F04160471F4F3B7866
:10CCA0000BB1FFF74BFF3046FFF73EFF0021304648
:10CCB000FFF72EFF21463046FFF72AFF012038708C
:10CCC000BDE8F0811146FFF723FF0120BDE8F081A8
:10CCD000124F3B783BB11BE018213046FFF738FF7D
:10CCE000183CE4B21835182C2A46F5D830462146AF
:10CCF000FFF72EFF00233B700120BDE8F081074BBA
:10CD000000221A700120BDE8F081FFF717FFB2E79B
:10CD1000FFF714FFE7E70020B0E700BF1C7000201A
:10CD2000F8B5A1F10B07064614461D46042F04D89A
:10CD3000DFE807F057034D3E0F00092959D00A29B3
:10CD400055D100F07BF830463349FFF749FF012009
:10CD5000F8BDFFF731FF6B7996F8227007EBC30738
:10CD600007F0FF0740213046FFF708FF390941F07F
:10CD700010013046FFF702FF07F00F013046FFF7C2
:10CD800007FFA979304641F0B001FFF701FF29798B
:10CD90002A68C90001F0F8013046013CFFF702FFA4
:10CDA00014F0FF04F3D13046FFF710FF0120F8BD67
:10CDB000FFF702FF81213046FFF7E0FE21463046B3
:10CDC000FFF7E6FE3046FFF701FF0120F8BDD2B9BC
:10CDD0001249FFF705FF33689B7C86F8223001205B
:10CDE000F8BD5AB90E49FFF7FBFE0120F8BD00203F
:10CDF000F8BD0C4900F01CF80120F8BD0A49FFF706
:10CE0000EFFE0120F8BD0949FFF7EAFE3368DB7C3D
:10CE100086F8223001209BE774290300642903006F
:10CE2000AC290300BC290300B42903006C290300CA
:10CE300001608B7C80F82230704700BF38B500233A
:10CE400004461A4645692821A84700231A46E56882
:10CE500020461421A847204601224B2100F028F843
:10CE6000236820461A79292100F022F82046002262
:10CE70004B2100F01DF8236820461A79292100F083
:10CE800017F8204601224B2100F012F823682046B3
:10CE90005A792921BDE8384000F00AB810B48468F6
:10CEA0000023A4461A4609215DF8044B604700BFE1
:10CEB00010B444690023A4465DF8044B604700BFEA
:10CEC000F0B4FF27002580F8247080F82870049FB4
:10CED000056080F8235080F8265085614FF0FF35BB
:10CEE000C562056345638563C563A0F84050C0E92A
:10CEF0000437C0E90212F0BCFFF7D0BF082303706B
:10CF00000048704720700020014638B54FF47A720F
:10CF100000238002890D03F03DF8054601F0A4F8D6
:10CF20000446FAF7D5F901F09FF8001B854200D8B6
:10CF300038BD281ABDE8384001F0BAB938B51C46EA
:10CF40009DF8105043B3002908BF1A460123C4E9D5
:10CF50000F01226084F8463001F0CEFED4E90F13B1
:10CF60002268A26001FB03F1CB1A134400200A449B
:10CF7000FF21A063E36084F84410626084F84510E8
:10CF800004F1100002F01EFC04F1240002F01AFC6F
:10CF900001F0BCFE84F84C50204638BDF8B5074679
:10CFA00015460E4669B100FB01F0503002F088FCD6
:10CFB000044690B3002200F1500380F8462003603D
:10CFC00007E0502002F07CFC044630B384F8466051
:10CFD0002460C4E90F7601F08FFED4E90F132268B4
:10CFE000A26001FB03F1CB1A134400200A44FF2185
:10CFF000A063E36084F84410626084F8451004F193
:10D00000100002F0DFFB04F1240002F0DBFB01F072
:10D010007DFE84F84C502046F8BD00242046F8BD23
:10D020002DE9F04F044685B01D460192884601F077
:10D0300063FEA26BE36BA84F4FF000099A424E4685
:10D04000C0F08B80022D00F006810198002800F0CE
:10D050003081B9F1000F00F0958001F057FE00F02B
:10D06000FBFF01F049FE94F84430FF2B08BF84F821
:10D07000446094F84530FF2B08BF84F8456001F008
:10D0800045FE01A902A801F015FB002840F0188117
:10D0900001F032FEA26BE36B9A4277D001F036FECC
:10D0A00001F02AFE94F845304FFA83FABAF1000FE6
:10D0B0001ADD636AC3B104F1240907E00AF1FF3302
:10D0C000DBB24FFA83FA7BB1636A6BB1484601F079
:10D0D00097FA0028F2D001F025FB0AF1FF33DBB20A
:10D0E0004FFA83FA002BEFD1FF2384F8453001F08B
:10D0F0000DFE01F001FE94F844304FFA83FABAF1C4
:10D10000000F1ADD2369C3B104F1100907E00AF129
:10D11000FF33DBB24FFA83FA7BB123696BB1484628
:10D1200001F06EFA0028F2D001F0FCFA0AF1FF33A8
:10D13000DBB24FFA83FA002BEFD1FF2384F844309F
:10D1400001F0E4FD01F02EF801F0D6FDA26BE36BD7
:10D150009A424FF00109BFF475AF226CA66B002A0A
:10D1600040F0FC8025680136002D00F01881A66390
:10D17000636A002B40F08C8001F0C8FD012005B0EF
:10D18000BDE8F08F02A801F089FA66E704F1100902
:10D1900001F0BCFD4846019901F0B6F901F0ACFD83
:10D1A00094F845A04FFA8AFABAF1000F1CDD636AC1
:10D1B000D3B104F1240B08E00AF1FF3A5FFA8AF3D5
:10D1C0004FFA83FA83B1636A73B1584601F018FAD3
:10D1D0000028F1D00AF1FF3A01F0A4FA5FFA8AF3CD
:10D1E0004FFA83FA002BEED1FF2384F8453001F08B
:10D1F0008DFD01F081FD94F844304FFA83FABAF1C5
:10D20000000F06DC15E00AF1FF33DBB24FFA83FAB8
:10D210007BB123696BB1484601F0F2F90028F2D0E6
:10D2200001F080FA0AF1FF33DBB24FFA83FA002BE8
:10D23000EFD1FF2384F8443001F068FD00F0B2FF25
:10D24000002881D14FF080537B6040BFBFF34F8FE8
:10D25000BFF36F8F78E7226CA66B002A82D041461D
:10D26000E06803F05FF8236CE26821685B421A44CF
:10D270008A42E26080F0898062681344E360022D94
:10D2800000F083800136A663636A002B3FF474AF1D
:10D2900004F1240001F0B4F900283FF46DAF0E4B07
:10D2A0004FF080525A6040BFBFF34F8FBFF36F8F74
:10D2B00062E7009001F02AFD009805B0BDE8F08F0C
:10D2C00001F01AFD94F845506DB2002D18DD636A27
:10D2D000B3B104F1240607E000ED00E0013DEBB23C
:10D2E0005DB26BB1636A5BB1304601F089F9002829
:10D2F000F4D0013D01F016FAEBB25DB2002BF1D192
:10D30000FF2384F8453001F001FD01F0F5FC94F8AD
:10D3100044506DB2002D16DD2369A3B104F110064F
:10D3200005E0013DEBB25DB26BB123695BB1304604
:10D3300001F066F90028F4D0013D01F0F3F9EBB2F9
:10D340005DB2002BF1D1FF2384F8443001F0DEFC04
:10D3500000F028FF002005B0BDE8F08F41465DBB1E
:10D36000A06802F0DFFFA368216C62680B4493425F
:10D3700006F10106A360FFF4FAAEA663636A2268B1
:10D38000A260002B3FF4F8AE82E7002E7FF4EFAEF0
:10D390000123A363636A002B3FF4EEAE78E7606875
:10D3A00001F032FAA663636A6560002B7FF470AF08
:10D3B00000287FF474AFDFE6E06802F0B3FF236C6F
:10D3C000E26821685B421A448A42E260BFF457AFC8
:10D3D00052E700BFF8B50C4679B300250123216060
:10D3E00081F84630C1E90F35064601F085FCD4E9E5
:10D3F0000F322168A56303FB02F39A1A0A440B4417
:10D40000FF27C4E90131E26084F8447004F11000A0
:10D4100084F8457002F0D6F904F1240002F0D2F944
:10D4200001F074FCC4E90055E56084F84C602B46BB
:10D430002A4629462046FFF7F3FD2046F8BD00BFE7
:10D440002DE9F0418C4682B004461746EFF3118671
:10D45000402282F31188806BE26B904221D3022B31
:10D4600005D0002086F3118802B0BDE8F08194F861
:10D470004550226CD4F838806DB252BB236808F155
:10D480000108002B4FD06B1CC4F8388037D0013511
:10D490006DB284F84550012086F3118802B0BDE8D2
:10D4A000F08194F84550226CD4F838806DB2002A8F
:10D4B000E4D073B9A06802F035FFA368216C6268FC
:10D4C0000B44934208F10108A360DCD32368A360F6
:10D4D000D9E76146E068019302F024FF206CE2681E
:10D4E0002168019B404202448A42E26002D26268A3
:10D4F0001044E060022B10D008F10108C3E7636A12
:10D50000002BC8D004F1240001F07AF80028C2D022
:10D51000002FC0D001203860A4E7B8F1000F08BF89
:10D520004FF00108AFE76068019301F06DF9019BCE
:10D530006360A8E72DE9F047044684B0884601926D
:10D5400001F0DAFBD4F83890B9F1000F40F0938085
:10D55000019B002B00F00A8102A801F09FF8B34F55
:10D560004E4604F1240501F0D1FB00F075FD01F0F9
:10D57000C3FB94F84430FF2B08BF84F8446094F850
:10D580004530FF2B08BF84F8456001F0BFFB01A9BF
:10D5900002A801F08FF8002840F0878001F0ACFB72
:10D5A000A36B002B40F0E88001F0B0FB0199284606
:10D5B00000F0AAFF01F0A0FB94F845304FFA83F980
:10D5C000B9F1000F06DC15E009F1FF33DBB24FFAC9
:10D5D00083F97BB1636A6BB1284601F011F800282A
:10D5E000F2D001F09FF809F1FF33DBB24FFA83F973
:10D5F000002BEFD1FF2384F8453001F087FB01F0C9
:10D600007BFB94F844304FFA83FABAF1000F1ADD2D
:10D610002369C3B104F1100907E00AF1FF33DBB25B
:10D620004FFA83FA7BB123696BB1484600F0E8FFFB
:10D630000028F2D001F076F80AF1FF33DBB24FFA9E
:10D6400083FA002BEFD1FF2384F8443001F05EFB16
:10D6500000F0A8FD00287ED14FF080537B6040BFD2
:10D66000BFF34F8FBFF36F8F01F046FBD4F83890B4
:10D67000B9F1000F76D0226C52B1E16863681144B1
:10D680009942E16024BF2168E160404602F04AFE11
:10D6900009F1FF33A3632369002B40F0C98001F037
:10D6A00035FB012004B0BDE8F08701F025FB94F8BC
:10D6B00045304FFA83F9B9F1000F06DC15E009F1A6
:10D6C000FF33DBB24FFA83F97BB1636A6BB1284653
:10D6D00000F096FF0028F2D001F024F809F1FF33A2
:10D6E000DBB24FFA83F9002BEFD1FF2384F84530EA
:10D6F00001F00CFB01F000FB94F844304FFA83FA80
:10D70000BAF1000F1ADD2369C3B104F1100907E073
:10D710000AF1FF33DBB24FFA83FA7BB123696BB1B5
:10D72000484600F06DFF0028F2D000F0FBFF0AF140
:10D73000FF33DBB24FFA83FA002BEFD1FF2384F8DB
:10D74000443001F0E3FA00F02DFD01F0D5FAA36BAF
:10D7500063B101F0DBFA01F0CFFAD4F83890B9F1F7
:10D76000000F88D1019B002B7FF4FDAE01F0CEFAB3
:10D77000002004B0BDE8F08701F0C8FA01F0BCFA5F
:10D7800094F845304FFA83F9B9F1000F06DC15E043
:10D7900009F1FF33DBB24FFA83F97BB1636A6BB1F6
:10D7A000284600F02DFF0028F2D000F0BBFF09F161
:10D7B000FF33DBB24FFA83F9002BEFD1FF2384F85C
:10D7C000453001F0A3FA01F097FA94F844304FFA8B
:10D7D00083FABAF1000F1ADD2369C3B104F110090D
:10D7E00007E00AF1FF33DBB24FFA83FA7BB123691A
:10D7F0006BB1484600F004FF0028F2D000F092FF21
:10D800000AF1FF33DBB24FFA83FA002BEFD1FF238B
:10D8100084F8443001F07AFA00F0C4FC01F06CFAAC
:10D82000D4F83890B9F1000F9CD024E700ED00E067
:10D8300004F1100000F0E4FE00283FF430AF054B87
:10D840004FF080525A6040BFBFF34F8FBFF36F8FCE
:10D8500025E700BF00ED00E02DE9F043044685B068
:10D860000026019101F048FAA36BB24FB04635464D
:10D87000002B40F0F380019B002B00F05D81B8F19C
:10D88000000F00F0FC8001F041FA00F0E5FB01F030
:10D8900033FA94F84430FF2B08BF84F8445094F8CE
:10D8A0004530FF2B08BF84F8455001F02FFA01A93D
:10D8B00002A800F0FFFE00286CD101F01DFAA36B56
:10D8C000002B40F0E08001F021FA2368002B00F0EB
:10D8D0003C8104F124094846019900F015FE01F04D
:10D8E0000BFA94F845304FFA83F8B8F1000F06DCD4
:10D8F00015E008F1FF33DBB24FFA83F87BB1636ABE
:10D900006BB1484600F07CFE0028F2D000F00AFF20
:10D9100008F1FF33DBB24FFA83F8002BEFD1FF237E
:10D9200084F8453001F0F2F901F0E6F994F844305A
:10D930004FFA83F8B8F1000F1ADD2369C3B104F17F
:10D94000100907E008F1FF33DBB24FFA83F87BB12F
:10D9500023696BB1484600F053FE0028F2D000F076
:10D96000E1FE08F1FF33DBB24FFA83F8002BEFD171
:10D97000FF2384F8443001F0C9F900F013FC0028BB
:10D9800064D14FF080537B6040BFBFF34F8FBFF334
:10D990006F8F5BE001F0B0F994F845304FFA83F8EF
:10D9A000B8F1000F1ADD636AC3B104F1240907E07E
:10D9B00008F1FF33DBB24FFA83F87BB1636A6BB1D6
:10D9C000484600F01DFE0028F2D000F0ABFE08F142
:10D9D000FF33DBB24FFA83F8002BEFD1FF2384F83B
:10D9E000453001F093F901F087F994F844304FFA8B
:10D9F00083F8B8F1000F1ADD2369C3B104F11009EF
:10DA000007E008F1FF33DBB24FFA83F87BB12369FB
:10DA10006BB1484600F0F4FD0028F2D000F082FE21
:10DA200008F1FF33DBB24FFA83F8002BEFD1FF236D
:10DA300084F8443001F06AF900F0B4FB01F05CF9BD
:10DA4000A36B002B00F08A8001F060F901F054F91B
:10DA5000A36B4FF00108002B3FF40DAF2268013B90
:10DA6000A363002A00F09E802369002B40F0898088
:10DA700001F04CF90126304605B0BDE8F08302A85C
:10DA800000F00CFEFFE601F041F901F035F994F8E1
:10DA900045304FFA83F8B8F1000F1ADD636AC3B15D
:10DAA00004F1240907E008F1FF33DBB24FFA83F8F1
:10DAB0007BB1636A6BB1484600F0A2FD0028F2D04A
:10DAC00000F030FE08F1FF33DBB24FFA83F8002B91
:10DAD000EFD1FF2384F8453001F018F901F00CF97B
:10DAE00094F844304FFA83F8B8F1000F1ADD236937
:10DAF000C3B104F1100907E008F1FF33DBB24FFABC
:10DB000083F87BB123696BB1484600F079FD0028AA
:10DB1000F2D000F007FE08F1FF33DBB24FFA83F8D2
:10DB2000002BEFD1FF2384F8443001F0EFF800F030
:10DB300039FB8BE700ED00E0009301F0E7F8009B74
:10DB40001E46304605B0BDE8F08301F0D5F86068A8
:10DB500000F018FE064601F0D9F8BAE601F0D6F852
:10DB6000002E88D001F0C8F8616A19B1236B1968DA
:10DB7000C1F10501606800F073FE002601F0C6F8EF
:10DB800079E704F1100000F03BFD00283FF470AF8E
:10DB9000064B4FF080525A6040BFBFF34F8FBFF328
:10DBA0006F8F65E700F092FE60605DE700ED00E0DA
:10DBB000074B1A681AB19A6802B17047012210B473
:10DBC00003EBC20443F8321060605DF8044B704709
:10DBD0006C82002070B505460C46164601F08CF8A4
:10DBE00095F84430FF2B04BF002385F8443095F8A6
:10DBF0004530FF2B04BF002385F8453001F086F83F
:10DC0000AB6B2BB93246214605F1240000F0B8FC7D
:10DC100001F072F895F8454064B2002C16DD6B6A8D
:10DC2000A3B105F1240605E0013CE3B25CB26BB19F
:10DC30006B6A5BB1304600F0E3FC0028F4D0013C95
:10DC400000F070FDE3B25CB2002BF1D1FF2385F848
:10DC5000453001F05BF801F04FF895F8444064B2AC
:10DC6000002C16DD2B69A3B105F1100605E0013C7F
:10DC7000E3B25CB26BB12B695BB1304600F0C0FC23
:10DC80000028F4D0013C00F04DFDE3B25CB2002B63
:10DC9000F1D1FF2385F84430BDE8704001F036B87B
:10DCA0002DE9F041044601F027F8344A344D136859
:10DCB000013313602B68002B2FD0324EE36A326899
:10DCC0002AB33148314907680A689F4238BF036068
:10DCD0002F48013203EB83030A6000EB8300E26309
:10DCE000211D01F07FFD01F011F833686BB12A6846
:10DCF000E36AD26A9A4208D2264B4FF080525A60A9
:10DD000040BFBFF34F8FBFF36F8FBDE8F0812A682C
:10DD1000D26A9A4298BF2C60D3E72C601368012B1B
:10DD200002D0E36A174ECCE71948DFF894801A4F07
:10DD3000144E01F047FD194801F044FD184801F068
:10DD400041FD184801F03EFD174801F03BFD4046FB
:10DD500001F038FD384601F035FD144801F032FD80
:10DD6000134801F02FFD134801F02CFD124B134A0C
:10DD7000C2F800801F60E36AA3E700BF9074002030
:10DD800020740020F0740020A4740020A0740020EF
:10DD90002C74002000ED00E0BC74002040740020D2
:10DDA00054740020687400207C740020DC7400200F
:10DDB00008750020F47400202874002024740020CA
:10DDC000A87400202DE9F843DDE90964002C60D037
:10DDD00016B93046BDE8F8830D46970098460223F1
:10DDE0003A4684F85130814626633046A52102F038
:10DDF000BDFA2A78236B84F83420043F2A781F4424
:10DE000027F0070702B36B7884F835306B78DBB105
:10DE1000AB7884F83630AB78B3B1EB7884F8373030
:10DE2000EB788BB12B7984F838302B7963B16B792F
:10DE300084F839306B793BB1AB7984F83A30AB79FF
:10DE400013B1EB7984F83B30089D042D28BF0425DD
:10DE50000026E5626564201D84F83B60A66401F03D
:10DE6000BDFCC5F1050504F1180001F0B7FCE6643E
:10DE700042464946A561246184F850606462384690
:10DE800000F0FEFE20602046FFF70AFF2046BDE8B6
:10DE9000F8832046BDE8F8832DE9F04796008046D8
:10DEA00030460D469946099F01F00AFD002869D0C9
:10DEB0008246542001F004FD044600285BD0002374
:10DEC000C0F830A03246504684F85130A52102F007
:10DED0004DFA2A78236B84F83420043E2A781E44B5
:10DEE00026F0070A02B36B7884F835306B78DBB123
:10DEF000AB7884F83630AB78B3B1EB7884F8373050
:10DF0000EB788BB12B7984F838302B7963B16B794E
:10DF100084F839306B793BB1AB7984F83A30AB791E
:10DF200013B1EB7984F83B30089D042D28BF0425FC
:10DF30000026E5626564201D84F83B60A66401F05C
:10DF40004DFCC5F1050504F1180001F047FCE6643D
:10DF5000A561246184F8506064624A464146504697
:10DF600000F08EFE206007B13C602046FFF798FE6F
:10DF70000120BDE8F087504601F0B4FC4FF0FF30BF
:10DF8000BDE8F0874FF0FF30F3E700BF70B584B015
:10DF9000002503AA02A901A8CDE9015501F072FAF2
:10DFA000019C002C46D00298002843D0039E206399
:10DFB0000223B600A521324684F8513002F0D6F98A
:10DFC000236B1F4A6263201D84F83850043E84F896
:10DFD0003B50E562C4E911551E4401F0FFFB04F11A
:10DFE000180001F0FBFB26F007060523A3612A4673
:10DFF0001449E56430462461646284F8505000F0AE
:10E000003FFE20602046FFF74BFE0F4B1C6000F0E8
:10E01000DBFD012811D1402383F311880B490C4A01
:10E020000C4B4FF0FF340C6010601D6000F03EFEA2
:10E0300004B070BD044B00221A6004B070BD00BF74
:10E0400049444C4535E30200D0740020D4740020CC
:10E05000F07400201C750020024A1368013313601D
:10E06000704700BF9C740020014B1868704700BFC8
:10E070001C750020024A136818441060704700BFE6
:10E080001C7500202DE9F04F3B4B1B6883B0002B23
:10E0900042D13A4B1F6801371F60002F4AD0384BDE
:10E0A00001931B68BB423BD8364EDFF8EC80DFF8AB
:10E0B000ECA0DFF8EC90002525E03368DB68DC6835
:10E0C000636804F1040B9F42584651D301F0B4FB3E
:10E0D000A36A04F118000BB101F0AEFBE36AD8F8B3
:10E0E000002003EB8300934259460AEB800088BF6F
:10E0F000C8F8003001F076FBD9F80030E26ADB6A3C
:10E100009A4228BF012533681B68002BD5D1019A9C
:10E110004FF0FF33136004E01B4A136801331360B0
:10E1200000251A4B1B68002B0CBF2846012003B0AA
:10E13000BDE8F08F134E164B3168164A18683060F0
:10E14000196013680133136033681B683BB90C4BCB
:10E1500001931A464FF0FF3313601346A1E733686B
:10E16000074ADB680192DB685B681360134698E737
:10E17000019A1360D5E700BF9C7400201C75002035
:10E18000D47400202474002098740020207500208E
:10E1900028740020D8740020A47400202C7400205F
:10E1A000207400202DE9F04700F0A6FD354B1A68D9
:10E1B000013A1A601C68002C57D1334B1B68002BA6
:10E1C00053D0DFF8E0A0314E314FDFF8DC90DFF8BC
:10E1D000DC80336813B3F368DC68251D04F1180094
:10E1E00001F02AFB284601F027FBE36A3A6803EBBB
:10E1F00083009342294609EB800088BF3B6001F011
:10E20000F1FAD8F80030E26ADB6A9A424FF0010373
:10E21000DFD3CAF800303368002BDCD13CB11D4B92
:10E220001A6812683ABB1C4B4FF0FF321A601B4D44
:10E230002C6844B10126FFF725FF08B1CAF8006039
:10E24000013CF8D12C60DAF8003073B1144B4FF078
:10E2500080525A6040BFBFF34F8FBFF36F8F0124CE
:10E2600000F054FD2046BDE8F087002400F04EFD8C
:10E270002046BDE8F0871A68074BD268D26852681A
:10E280001A60D4E79C74002090740020DC74002095
:10E29000A474002024740020D474002098740020FA
:10E2A00000ED00E0207500202C7400202074002078
:10E2B00070B548B9184B4FF080525A6040BFBFF359
:10E2C0004F8FBFF36F8F70BD144A15491368154EF9
:10E2D000013313600D6804463068043001F0ACFA75
:10E2E000336864195C600FD20F4B186831680431D1
:10E2F00001F088FA0D4B1A68944238BF1C60FFF792
:10E3000051FF0028D6D070BD094B18683168043120
:10E3100001F078FAF3E700BF00ED00E09C74002004
:10E320001C7500202074002024740020D474002068
:10E33000287400202DE9F84F3C4E3D4D3D4CDFF850
:10E340000891DFF80881DFF808B14FF0805A2368A0
:10E35000D3B100F0D1FCF368DF68381D01F06CFA2E
:10E360002B68013B2B602368013B236000F0CEFC4F
:10E3700097F85130002B37D0012BE8D1384601F007
:10E38000B1FA2368002BE4D12B4B1B68012B06D973
:10E39000CBF804A040BFBFF34F8FBFF36F8F00F0E7
:10E3A00041FED9F8003033BBD8F80030DB6A002BCF
:10E3B000CDD1214B1B68012BC9D8204B204A1B68AB
:10E3C00012689B1A012BC2D91E4A136801331360CD
:10E3D000D9F80030BBB1D8F80030DB6A0BB9164B66
:10E3E0001B68FFF7DFFEB2E7386B01F07BFA3846B7
:10E3F00001F078FAABE7D8F80030DB6A002BA6D141
:10E400000D4B1B68A3E7D8F80030DB6A002BE8D17E
:10E41000094B1B68012BE4D8084B1868084B1B6894
:10E42000C01A0128DDD900F0DDFCDAE7087500200C
:10E4300090740020947400202C740020D474002068
:10E440001C7500209C740020A474002020740020FF
:10E4500000ED00E0274B1B68002B40D1264A70B529
:10E46000264C13602268236812681B6B9A423AD9C3
:10E47000234D24492A689300981880000858E0B971
:10E48000561EB30098198000085830BB961EB30082
:10E4900098198000085800BBD61EB3009819800058
:10E4A0000858D0B9161FB300981980000858A0B9B1
:10E4B000053A930098188000085813449B00CE1822
:10E4C00008337068406870600B44984204BF40682D
:10E4D0007060C36823602A6070BD3246EDE7064B6A
:10E4E00001221A60704720682168343100F0C6FFAD
:10E4F000BEE700BF9C74002020750020207400201F
:10E50000A47400202C74002070B5174D2B680C46A5
:10E5100003F1180101F076F9144B1E6828680430E5
:10E5200001F08AF9631C17D02B68A4195C600BD228
:10E530000F4B18682968043101F064F90D4B1A6813
:10E54000944238BF1C6070BD0B4B18682968BDE849
:10E550007040043101F056B9296808480431BDE81B
:10E56000704001F03FB900BF207400201C750020EE
:10E5700024740020D474002028740020F474002037
:10E5800070B5194D2B680C46164603F1180101F0C1
:10E5900029F9164B5EB11B682868043001F04CF96C
:10E5A000296813480431BDE8704001F01BB91E68AA
:10E5B0002868043001F040F92B68A4195C600BD284
:10E5C0000C4B18682968043101F01CF90A4B1A68D1
:10E5D000944238BF1C6070BD084B18682968BDE8BC
:10E5E0007040043101F00EB9207400201C75002029
:10E5F000F474002024740020D474002028740020B7
:10E6000038B5C368DC6804F11805284601F014F930
:10E610001A4B1B682BBB251D284601F00DF9184A23
:10E62000E36A116817488B4288BF136003EB8303CA
:10E63000294600EB830001F0D5F8134BE26A1B6812
:10E64000DB6A9A4282BF114B01201860104B1A6896
:10E65000126898BF00204AB90E4B4FF0FF321A6083
:10E6600038BD29460C4801F0BDF8E6E71A68094BA9
:10E67000D268D26852681A6038BD00BF9C7400200E
:10E68000A47400202C740020207400202075002029
:10E6900024740020D4740020DC740020034A044B4E
:10E6A00012681B68C0E90023704700BFD8740020BF
:10E6B0001C750020F8B50D46044600F01DFB2B68C4
:10E6C0001649581C0A6813D0DFF854C0D4E900601A
:10E6D000DCF80070BE4201D090421AD9121A93425F
:10E6E0000BD800232B60012500F010FB2846F8BD55
:10E6F000002500F00BFB2846F8BDDCF800009B1A53
:10E700000A682B60C4E90002002500F0FFFA2846E1
:10E71000F8BD012500F0FAFA2846F8BD1C75002066
:10E72000D8740020014B01221A6070472075002028
:10E73000084B186860B9084B1B6853B9074A084B67
:10E7400010681B68013B984214BF012002207047EB
:10E7500000207047DC74002020750020F474002035
:10E7600090740020054B1B6833B1054B1B68002BD0
:10E770000CBF02200020704701207047F074002079
:10E780009C74002018B3F8B51C4CC36A2268D26A86
:10E79000934214D28269002A04DB2268D26AC2F151
:10E7A00005028261164D426903EB830305EB830387
:10E7B0009A420DD02368DB6AC3620120F8BD23684A
:10E7C000406CDB6A98422CBF00200120F8BD7047E6
:10E7D000061D0746304601F02FF82268094BD06A23
:10E7E0001A68F862904200D9186000EB800005EBCF
:10E7F0008000314600F0F6FF0120F8BD20740020B3
:10E800002C740020A474002050B138B5C16A836C08
:10E81000426C013B9142836400D01BB1002038BDA3
:10E8200000207047051D0446284601F005F80A4AF5
:10E83000636C1168E362C3F105008B42A061074875
:10E8400088BF136003EB830300EB8300294600F0CD
:10E85000C9FF012038BD00BFA47400202C74002023
:10E8600048B1426CC36A914238BF11468B4202D014
:10E87000826C012A00D07047826970B5114DC16267
:10E88000002A03EB83034269A8BFC1F1050105EB30
:10E890008303A8BF81619A4200D070BD061D044663
:10E8A000304600F0C9FF084BE06A1A68904288BF02
:10E8B000186000EB800005EB80003146BDE8704039
:10E8C00000F090BF2C740020A4740020044B1A6840
:10E8D0001AB119688A6C01328A641868704700BFDF
:10E8E000207400202DE9F04FAD4EDFF8C482AD4D0D
:10E8F00089B033681C68002C00F08E80DB681C68CF
:10E90000FFF7AAFBFFF7B0FBD8F8003098420746A4
:10E910005DD38442C8F8000040F20B810022E11B65
:10E920002868FFF757F9FFF73DFC88B99E4A4FF07A
:10E930008053536040BFBFF34F8FBFF36F8F07E02B
:10E94000019B039920469847009B002B80F2388159
:10E95000286800226946FEF7EDFD0028C9D0009B1B
:10E96000029C002BECDB636913B1201D00F064FFF7
:10E97000FFF77AFBD8F800309842814643D3009BDA
:10E98000C8F80090092BE3D8012202FA03F313F42C
:10E99000047F69D113F0C70F40F0A1809B06D7D543
:10E9A00094F82C30002BD3D1204600F09BFFCFE70A
:10E9B000DB68DC68D3F800A004F10409484600F0E5
:10E9C0003BFF636A20469847E369012B36D03368E2
:10E9D0001A68002AECD17549C8F800700A683260DC
:10E9E0000B60FFF7DFFBB3E7DB68DF68D3F800B04D
:10E9F00007F1040A504600F01FFF7B6A384698472B
:10EA0000FB69012B25D033681A68002AECD16749CD
:10EA10000A6832600B60B2E7FFF71EFBFFF724FBCA
:10EA2000D8F8003083420746D1D8604BC8F8007050
:10EA30001B681A68B2FA82F2520970E7A36953445C
:10EA40009A45494622D263602461306800F0DAFEBC
:10EA5000BDE7BB695B449B45514627D27B603F6164
:10EA6000306800F0CFFECEE7019B246103EB090282
:10EA70004A45A36162602CD8002B3FF469AF4B4B31
:10EA8000211D186800F0BEFE286862E72B68002B85
:10EA90009DD00023CDE9043A0694FFF763FE0023DE
:10EAA0001A4604A92868FEF7BBFA90E72B68002BEA
:10EAB000A9D00023CDE9043B0697FFF753FE0023BE
:10EAC0001A4604A92868FEF7ABFA9CE74B4500D923
:10EAD00098B13068211D00F095FE286839E7019B48
:10EAE000A269246199182CBF01200020494561606A
:10EAF000ECD8A9EB03039A42C1D8636A2046984731
:10EB0000E369012B7FF424AF019BA26928681344B9
:10EB100000283FF41EAF0022CDE904230694FFF73E
:10EB200021FE00231A4604A92868FEF779FA28680E
:10EB30000FE7FFF737FB3368DB68D3F80C9009F178
:10EB4000040A504600F078FED9F81C30012B04D09E
:10EB5000D9F8243048469847FAE6D9F81830C9F869
:10EB60001090E218BA42C9F8042004D9514630681E
:10EB700000F048FEECE73F1BBB421BD82B68002B84
:10EB8000E6D00023CDE90434CDF81890FFF7EAFD74
:10EB900000231A4604A92868FEF742FAD8E700BF06
:10EBA00024750020A877002000ED00E028750020E3
:10EBB00054770020034B5146186800F023FEC7E746
:10EBC000029CD0E628750020F0B5204C89B000F0FA
:10EBD00093F82568FDB100F099F82068C8B10024C9
:10EBE00007AA06A905A8CDE9054400F059FCDDE90E
:10EBF00005300221CDE90010079A02931449154807
:10EC00002346FFF7DFF8144A0346001B18BF012014
:10EC1000136009B0F0BD114F114E384600F0D2FD1F
:10EC2000304600F0CFFD0F4A0F4900950F4B17609B
:10EC30000E600F4A10212020FEF780F92060002886
:10EC4000C9D00C49FEF7B4FFC5E700BFA877002084
:10EC5000DC290300E5E80200AC7700202C770020D7
:10EC60004077002024750020287500205877002068
:10EC70002C750020D4290300402383F31188FEE77C
:10EC800030B46FF002034FF08075074C40F8045C1D
:10EC900040F80C4C40F8081C40F8202C40F8243C6C
:10ECA00030BC4438704700BF79EC02000F4C08B507
:10ECB000E02384F8223000F077F80D4B0D4A002154
:10ECC0001960D4F8883043F47003C4F8883053686E
:10ECD00043F040435360236943F01003236100F085
:10ECE0004FF9402383F31188FEE700BF00ED00E0F9
:10ECF000B077002030EF00E0402383F31188024A10
:10ED00001368013313607047B0770020034A13681B
:10ED1000013B13600BB983F311887047B077002073
:10ED200041DF704712DF704770B51B4B00251D6037
:10ED300082B01B680193019BEFF31186402383F39C
:10ED40001188164A164BD2F804451D601B680093C3
:10ED5000009BFFF789F9241A24F07F44012C0DD879
:10ED600044B1FFF78FF9054625B10E4B4FF08052A5
:10ED70005A6040BF86F3118802B070BDFFF7F2FC05
:10ED80000228EED1013CFFF77DF9013C631C45EA06
:10ED90000005F8D1E8E700BF401101400010014034
:10EDA0000011014000ED00E00B4B0C4930B41F2076
:10EDB0000B4DC3F8080501220224E020C3F8042308
:10EDC0002A601A60C3F8444381F811034FF40033FA
:10EDD0000B6030BC704700BF0010014000E100E054
:10EDE000081001402DE9F041804684B0EFF3108215
:10EDF00072B6584CA36883B9574B58480121A1609B
:10EE0000D3F8801001402160C3F88000D3F884104B
:10EE100061604FF0FF31C3F8841002B962B6504E02
:10EE2000D6F80475FFF784FC00283DD04D4A4E49C2
:10EE3000424528BF4246BB1823F07F4301200025EE
:10EE4000C6F80803C6F840350D600B6801934FF40F
:10EE500080330199C6F80433BFF34F8FB8F1000F28
:10EE600054D13F4B404D41494FF48030C3F8080323
:10EE7000002028602D680395039D086009680291B1
:10EE800001210298C3F80413D3F804353249DB1B7F
:10EE900023F07F45954228BF15464FF40033012DDE
:10EEA000C1F8803111D827D0A3685BB1EFF310838C
:10EEB00072B6294A21681160616851600022A2601F
:10EEC00003B962B604B0BDE8F081681EFFF7D2F85E
:10EED000274BDB68DA010FD5264A1368DB070BD511
:10EEE000254B516803FB05F5A5F57425A5F51075AF
:10EEF000AD0A01EB85155560FFF7C4F80028D3D0A3
:10EF00001E4B4FF080525A6040BFCDE7F1EE103AF1
:10EF100023F09F03E1EE103AF1EE103A0E4B04A8F5
:10EF20004FF480614026C3F88461C3F8841100F86F
:10EF3000045DFFF7F7FE9DF80C1039B920BFD3F838
:10EF40000001D3F804110143F8D08AE7FFF7E8FE87
:10EF500087E700BF8082002000E100E0FC06FFBDE3
:10EF600000100140FDFFFF00401101400011014071
:10EF7000F0ED00E0001000E040420F0000ED00E086
:10EF80000748006880F3088862B661B6BFF34F8F08
:10EF9000BFF36F8F4FF0E00080F3118800DF00BFF8
:10EFA00000700200064B19680868B0E8F04F80F363
:10EFB0000988BFF36F8F4FF0000080F3118870470E
:10EFC00020740020EFF30980BFF36F8F144B1A6891
:10EFD0001EF0100F08BF20ED108A20E9F04F1060DE
:10EFE0004DF8043D4FF0400080F31188BFF34F8F80
:10EFF000BFF36F8FFFF72EFA4FF0000080F31188F8
:10F0000008BC19680868B0E8F04F1EF0100F08BF80
:10F01000B0EC108A80F30988BFF36F8F704700BF90
:10F0200020740020704700BF0A490B4A0B4B9B1A03
:10F0300003DD043BC858D050FBDC094809494FF0B8
:10F04000AD32026004300439FBD100F029F9F8F741
:10F05000FFF800003C2D030000600020FC6200204F
:10F0600000F8032000080000FEE7FEE7FEE7FEE7E9
:10F07000FEE7FEE7FEE7FEE7FEE7FEE708B5002055
:10F08000F8F720F9FCF7E2FE0E4B43B10E4B7BB1D3
:10F09000FCF7ECFE00F0E2F9AFF30080F8E7FCF7D4
:10F0A000E5FE00F0DBF9FCF7E1FE00F0D7F9F6E74A
:10F0B000FCF7DCFE00F0D2F9FCF7D8FE00F0CEF948
:10F0C000F6E700BF000000000000000000B583B0BC
:10F0D00000F06EFA00F070FE0E4B019301234FF426
:10F0E00080620D4900930D480023FEF7D5FE4FF4D2
:10F0F000407000F027FAFEF749FFBFF34F8F084931
:10F10000084BCA6802F4E0621343CB60BFF34F8F31
:10F1100000BFFDE7B4770020E42903007DF0020082
:10F1200000ED00E00400FA05114B1A78EAB9017805
:10F13000104810B40A464FF0804402F00102C1F3B7
:10F140004001C4F88015C4F878250268D20706D4B7
:10F15000E021012280F80013C0F880210260012222
:10F1600005481A705DF8044B70470448704700BFAB
:10F170007C82002000E100E00000AD0B0C00AD0B34
:10F180000268074B4FF0804010B400214FF46074C8
:10F19000C0F80843196002B11A605DF8044B70476B
:10F1A000C07700204FF080434FF46072C3F804230F
:10F1B000704700BF10B54FF0804386B0D3F80443CA
:10F1C000620705D5D3F8082103F58473002A4ED1D0
:10F1D000A30603D52A4B1A68002A3FD1600603D53F
:10F1E000284B1A68002A2FD1210602D5264B1A680F
:10F1F0000ABBE20502D5254B1A6892B9A3050ED5C4
:10F20000234B1A685AB100221A601A68214B0592E2
:10F21000059A1B68022006B0BDE81040184706B0EA
:10F2200010BD00221A601B4A1B680493012013685A
:10F23000049A9847E2E700201860164A1B68039377
:10F240001368039A9847D4E700221A60124A1B6891
:10F25000029301201368029A9847C5E700201860BE
:10F260000D4A1B6801931368019A9847B6E700227C
:10F270001A600A4A1B6800931368009A9847A7E728
:10F2800014010040180100401C0100402001004012
:10F2900024010040C0770020BC770020B877002010
:10F2A000604B1B6830B45C1C37D05F4A082B126877
:10F2B00000F08F805B4B5C4A1B681268082B15D0EE
:10F2C000591C23D0584A1268082B12D0574AD2F83A
:10F2D000883043F47003C2F88830BFF34F8FBFF318
:10F2E0006F8F534B534A1A6030BC7047002A00F0AE
:10F2F0008280032AEAD84FF08043D3F80024D20753
:10F3000044BF6FF00102C3F80024DFE74A4A4B4BC9
:10F3100012681B78C2F30312D6E7484A464B1278AC
:10F320001B68082AC3F3031301D1032B53D9424AA4
:10F33000424B12681B78C2F30312082BBAD1032A7E
:10F34000B8D84FF080523E4BD2F80414C3F82015C1
:10F35000D2F80814C3F82415D2F80C14C3F82815F1
:10F36000D2F81014C3F82C15D2F81414C3F83015C1
:10F37000D2F81814C3F83415D2F81C14C3F8401589
:10F38000D2F82014C3F84415D2F82414C3F8481551
:10F39000D2F82814C3F84C15D2F82C14C3F8501521
:10F3A000D2F83014C3F85415D2F83414C3F86015E9
:10F3B000D2F83814C3F86415D2F83C14C3F86815B1
:10F3C000D2F84014C3F86C15D2F84424C3F8702561
:10F3D00070E7032A0CD8134B1B684FF080420021C2
:10F3E000581CC2F80C11C2F81011C2F838159ED082
:10F3F0000D4A1268A1E7134C1349144D25601448B7
:10F40000144AFB24C1F8184501681268124C21F017
:10F410000F0102F00F020A434FF4007102602160F5
:10F4200050E700BF300100103401001000ED00E093
:10F430000C6100200090D003E80F00F0E00F00F016
:10F4400000C000408C56004000F00040488103009E
:10F45000E40E0040580200104096024008B5F7F74D
:10F4600037FF054B4FF080525A6040BFBFF34F8FBC
:10F47000BFF36F8F08BD00BF00ED00E0704700BF15
:10F48000704700BF044B036010B46423034C0C604E
:10F4900013605DF8044B7047C47700201878002093
:10F4A000054B036010B44FF48073044C0C60136080
:10F4B0005DF8044B704700BFA8790020FC7900205C
:10F4C00070B51F4C84B04FF0FF3203A92068FEF7DF
:10F4D00031F80028F7D00398037A4568052B0DD83A
:10F4E000DFE803F0272A221C1503D0E90361D0E9E5
:10F4F0000523C06900903046A847039803681BB1F4
:10F50000184600F0C7F9039800F0C4F9DBE7D0E92A
:10F510000523D0E90301A8470398EFE7D0E90412D7
:10F52000C068A8470398E9E7D0E90301A847039812
:10F53000E4E7A8470398E1E7C068A8470398DDE738
:10F54000007E002030B540230B4D83B004460022DE
:10F55000184604212B60FDF721FD084B084918606F
:10F560000223CDE90031A2B2002306490648FEF786
:10F5700093FC03B030BD00BFFC7D0020007E002066
:10F58000047E0020EC290300C1F40200BFF34F8F7A
:10F590000549064BCA6802F4E0621343CB60BFF32F
:10F5A0004F8F00BFFDE700BF00ED00E00400FA054B
:10F5B0004FF08043194AD3F80014194830B4116051
:10F5C000D3F80054D3F80024164C17492A43C3F843
:10F5D0000024D4F84025026001224FF40030C3F823
:10F5E00018259A60C1F88000BFF34F8FBFF36F8F6B
:10F5F0000E4C03F588334FF0A0454FF480304FF0A8
:10F60000FF31C3F84803C3F808035A609A60C5F88D
:10F610000815C4F8081530BC704700BF087E0020EC
:10F620000C7E002000A0004000E100E0000300503C
:10F6300008B54FF080434E22C3F81C25FFF7A6FF04
:10F6400020281BD83C4B53F820301F2B86BF03F0DB
:10F650001F033A4A4FF0A0420E290FD8DFE801F00D
:10F66000655F59534D474039322B241D160F080052
:10F6700003F5E07340F2037142F82310704703F57D
:10F68000E07340F2036142F82310704703F5E07322
:10F6900040F2035142F82310704703F5E07340F243
:10F6A000034142F82310704703F5E07340F2033141
:10F6B00042F82310704703F5E07340F2032142F84B
:10F6C0002310704703F5E07340F2031142F8231052
:10F6D000704703F5E0734FF4403142F82310704750
:10F6E00003F5E0734FF4003142F82310704703F53F
:10F6F000E073134942F82310704703F5E073114992
:10F7000042F82310704703F5E073042142F82310F8
:10F71000704703F5E0730C2142F82310704703F59E
:10F72000E073032142F82310704703F5E0730021D2
:10F7300042F82310704700BF1C2A0300000300504A
:10F74000040002000C000300202811D80A4B53F8D3
:10F7500020301F2B88BF03F01F034FF001028CBF26
:10F7600006484FF0A04002FA03F311B1C0F8083583
:10F770007047C0F80C3570471C2A03000003005086
:10F78000202818D80D4B53F820201F2A8ABF0C4977
:10F790004FF0A04102F01F02D1F81405012393405D
:10F7A000034214BFD1F80425D1F81025134214BF29
:10F7B0000120002070470020704700BF1C2A030072
:10F7C0000003005000F108034FF0FF310022816078
:10F7D00002604360C0E90333704700BF0023036148
:10F7E000704700BF4368026810B49C688C609C68D6
:10F7F0004B600132616099605DF8044B0861026002
:10F80000704700BF30B40D686B1C11D000F10802C6
:10F8100000E01A4653681C68AC42FAD904684B6091
:10F82000013499608A6051600861046030BC70479F
:10F8300002695368F2E700BF42688168036910B447
:10F84000916081685C684A601A68844208BF5960A8
:10F85000013A002101611A6018685DF8044B704795
:10F8600010B50446FEF77EFF022804D02046BDE80E
:10F87000104000F047BDFEF7EFFB204600F042FDD0
:10F880000446FEF78FFC0CB1204610BDFFF7F8FDD3
:10F89000FAE700BF10B50446FEF764FF02280AD15C
:10F8A00044B1FEF7D9FB204600F034FDBDE810401E
:10F8B000FEF778BC10BD2046BDE8104000F02ABD20
:10F8C00010B50446FEF7C8FB204600F01BFD0446B9
:10F8D000FEF768FC0CB1204610BDFFF7D1FD2046B5
:10F8E00010BD00BF50B110B50446FEF7B5FB204671
:10F8F00000F010FDBDE81040FEF754BC704700BF9B
:10F9000070B41049104A1148114B556A146A0860C6
:10F91000906A566E0D738C730125546F4873906E08
:10F920000D7100220B4D1E739C735873CA730A74B9
:10F930001A71DA731A741D604A748A605A749A6074
:10F9400070BC7047107E00201C2A030000F00240AB
:10F95000247E002000300240704700BF203000F0BD
:10F9600085BA00BF203000F073BA00BF203000F02D
:10F9700083BA00BF38B5437F0BB9002038BD00F112
:10F98000680420460D4600F07FFA0028F5D1204695
:10F99000294600F04BFA012038BD00BF2DE9F047A1
:10F9A0005AB30646DFF8588033681B684D1E43453E
:10F9B00017464FF0000400F1680915F801AF16D1A1
:10F9C000737F13B92046BDE8F087484600F05CFA23
:10F9D0000028F7D15146484600F028FA0134A742E2
:10F9E000F0D0336815F801AF1B684345E8D05146A5
:10F9F000304698470028F1D1E4E71446E2E700BF1B
:10FA000075F9020010B4837E1F2B4FF0010288BFEE
:10FA100003F01F03C27603F5E0738CBF284A4FF052
:10FA2000A04240F20C6142F82310437E1F2B86BF98
:10FA300003F01F03224A4FF0A04203F5E07340F2A7
:10FA40000C6142F8231003694FF0CC72C3F82425EF
:10FA500003690622C3F800250369827EC3F80825DE
:10FA60000369427EC3F80C2590F91830002B14DA94
:10FA7000144A03F00F031A446023137690F91830E8
:10FA8000002B07DB104903F01F0001225B098240B5
:10FA900041F823205DF8044B70475909603103F0A9
:10FAA0001F030124084A04FA03F342F8213090F9B5
:10FAB0001830002BDCDB1344602283F80023DDE7E1
:10FAC00000030050FCEC00E000E100E0C37EE3B185
:10FAD0000E4B026910B499424FF00004C2F8004581
:10FAE00010D90B4B994294BF4FF080614FF0C86121
:10FAF00003695DF8044BC3F8241503690622C3F8B3
:10FB0000002570474FF0CC71F2E77047A0860100E6
:10FB100090D0030010B50446683084F8B01000F0AF
:10FB200093F90123637710BD70B5026990F8B010A6
:10FB300000234377C2F888150269C2F804310369CB
:10FB400001261E62036900F168050446C3F84455A6
:10FB5000284600F08BF92369C3F8480523699E60A5
:10FB6000236902E0D3F824211AB9D3F85021002ADE
:10FB7000F8D00022C3F85021284600F077F9236915
:10FB800018BB0022C3F86021236901225A6122694F
:10FB9000D2F80431002BFBD00021C2F804112369F4
:10FBA000D3F8240160B1C3F824112369D3F8C40445
:10FBB000C3F8C404022803D0042814BF042003207F
:10FBC00070BDD3F82421002ADBD1D3F86021002AAC
:10FBD000F7D0D6E770B5294C6369D3F86421002AC1
:10FBE0003AD1D3F86821E2B9D3F8042162B1227F77
:10FBF0000021C3F804113AB1D4F8B820D3F83C0579
:10FC000020660AB190476369D3F8242142B10022EB
:10FC1000C3F82421D3F8D024C3F8D02401225A6198
:10FC200070BD0022C3F8682115482277012363774D
:10FC300000F00AF9D4F8B43003B19847636910486A
:10FC4000C3F844050023637700F010F963690122CB
:10FC5000C3F848055A63C7E7002204F12006C3F839
:10FC6000642101253046257700F0EEF863694022D3
:10FC7000C3F83465C3F838251D63B2E7387E002029
:10FC8000A07E002070B5294C6369D3F86421002A56
:10FC90003AD1D3F86821E2B9D3F8042162B1227FC6
:10FCA0000021C3F804113AB1D4F8B820D3F83C05C8
:10FCB00020660AB190476369D3F8242142B100223B
:10FCC000C3F82421D3F8D024C3F8D02401225A61E8
:10FCD00070BD0022C3F8682115482277012363779D
:10FCE00000F0B2F8D4F8B43003B198476369104813
:10FCF000C3F844050023637700F0B8F86369012274
:10FD0000C3F848055A63C7E7002204F12006C3F888
:10FD1000642101253046257700F096F8636940227A
:10FD2000C3F83465C3F838251D63B2E7F47E0020BC
:10FD30005C7F00202DE9F8431A4DDFF878901A4CCB
:10FD40001A4F284600264FF47A7840F8209BC5E9E0
:10FD5000016800F061F805F1680000F05DF8032328
:10FD60002B763B696B76C4E901682046104B7A69B3
:10FD700040F8209BAA76C5E904336E7700F04CF872
:10FD800004F1680000F048F8D7E9102104204FF092
:10FD90004023667720766176A276C4E90433BDE815
:10FDA000F88300BF387E0020F47E00201C2A030068
:10FDB00000300040002A030008B501210E20FFF7A3
:10FDC0003FFC01210E20FFF7BFFC00211620FFF7AA
:10FDD00037FC01211920FFF733FC01211920FFF71F
:10FDE000B3FC01210B20FFF72BFC01210B20FFF7B7
:10FDF000ABFC01210D20FFF723FC01210D20FFF7B3
:10FE0000A3FC01210C20FFF71BFC01210C20BDE805
:10FE10000840FFF799BC00BF08B54022002100F060
:10FE2000A5FA0022C0E9102208BD00BF10B4D0E935
:10FE30001024531C03F03F039C4218BF81545DF80B
:10FE4000044B18BF036470470023C0E910337047A8
:10FE5000D0E91023934206D05A1CC35C02F03F0243
:10FE60004264184670474FF0FF307047D0E91030B9
:10FE7000181A48BF40307047D0E91023934214BF8E
:10FE8000C05C4FF0FF307047D0E91030013303F011
:10FE90003F03181AB0FA80F040097047194BD3F8A5
:10FEA000182102B970470021174AC3F81811D3F876
:10FEB0001811D37F82B0FF2B019101990DD0917F52
:10FEC00099B11F2B86BF03F01F0310484FF0A040CD
:10FED000012101FA03F3C0F80C35002353771372A4
:10FEE000D2E900310A4802B018471F2B86BF03F041
:10FEF0001F0306484FF0A040012101FA03F3C0F8A8
:10FF00000835EAE700300240B07F002000030050CF
:10FF1000B87F00201B4BD3F8182102B9704700218D
:10FF2000194AC3F81811D3F8181192F8433082B067
:10FF3000FF2B019101990ED092F84210A9B11F2B0D
:10FF400086BF03F01F0311484FF0A040012101FAC2
:10FF500003F3C0F80C35002382F8413082F82C30CE
:10FF6000D2E909310A4802B018471F2B86BF03F0B7
:10FF70001F0306484FF0A040012101FA03F3C0F827
:10FF80000835E8E700F00240B07F00200003005091
:10FF9000DC7F002053B94AB9002908BF00281CBFE4
:10FFA0004FF0FF314FF0FF3000F072B9ADF1080CA7
:10FFB0006DE904CE00F006F8DDF804E0DDE9022387
:10FFC00004B070472DE9F047089E04468846002B90
:10FFD0004BD18A42154667D9B2FA82F24AB1C2F1D0
:10FFE000200701FA02F320FA07F7954047EA0308D1
:10FFF00094404FEA154E230CB8FBFEF71FFA85FC20
:020000023000CC
:100000000EFB178843EA084307FB0CF1994209D914
:10001000EB1807F1FF3080F01B81994240F2188104
:10002000023F2B445B1AA4B2B3FBFEF00EFB10336D
:1000300044EA034400FB0CFCA44509D92C1900F147
:10004000FF3380F00781A44540F2048102382C443C
:1000500040EA0740A4EB0C0400271EB1D440002363
:10006000C6E900433946BDE8F0878B4209D9002E26
:1000700000F0EB800027C6E9000138463946BDE8AC
:10008000F087B3FA83F7002F47D18B4202D3824225
:1000900000F2FA80841A61EB030301209846002ED7
:1000A000E0D0C6E90048DDE702B9FFDEB2FA82F22D
:1000B000002A40F08F80491B4FEA154E1FFA85F841
:1000C0000127B1FBFEFC230C0EFB1C1143EA01438C
:1000D00008FB0CF1994207D9EB180CF1FF3002D262
:1000E000994200F2CD808446591AA3B2B1FBFEF0CA
:1000F0000EFB101443EA044408FB00F8A04507D99E
:100100002C1900F1FF3302D2A04500F2B680184648
:10011000A4EB080440EA0C409FE7C7F1200CBB4069
:1001200022FA0CFE4EEA030E01FA07F420FA0CF54F
:1001300021FA0CF34FEA1E482543B3FBF8F92C0CC7
:1001400008FB19331FFA8EFA44EA034309FB0AF449
:100150009C4202FA07F200FA07F10BD91EEB0303E7
:1001600009F1FF3080F087809C4240F28480A9F141
:10017000020973441B1BADB2B3FBF8F008FB10334C
:1001800045EA034400FB0AFAA24508D91EEB040421
:1001900000F1FF336BD2A24569D90238744440EABA
:1001A0000940A0FB0289A4EB0A044C45C2464B4619
:1001B00054D351D0002E69D0B1EB0A0564EB03048F
:1001C00004FA0CFCFD40FC404CEA0505C6E900546D
:1001D000002747E7C2F1200320FA03F7954001FA10
:1001E00002F021FA03F34FEA154E3843010CB3FB3A
:1001F000FEF71FFA85F80EFB173341EA034107FBB0
:1002000008F38B4204FA02F407D9691807F1FF3C9E
:100210002FD28B422DD9023F2944CB1A81B2B3FB96
:10022000FEF00EFB103341EA034100FB08F38B4262
:1002300007D9691800F1FF3C17D28B4215D9023853
:100240002944C91A40EA07473BE73746304609E7E1
:100250000746E7E61846FBE64145ABD2B8EB020A93
:1002600069EB0E0201381346A4E76046E9E7184639
:1002700095E76746D1E781467CE702382C4447E79B
:10028000ACF1020C2B442FE7384608E73746E9E685
:10029000704700BF08B5074B044613B10021AFF308
:1002A0000080054B1868836A03B19847204602F026
:1002B0006FFA00BF00000000A02A030070B50D4EC9
:1002C0000D4CA41BA4100025A54209D10B4E0C4CCB
:1002D00002F060FAA41BA4100025A54205D170BD50
:1002E00056F8253098470135EEE756F825309847FF
:1002F0000135F2E7E0620020E0620020E0620020C9
:10030000F8620020024B0146186800F085B800BF73
:1003100010610020024B0146186800F02FB800BFA2
:100320001061002010B5431E0A44914200D110BD57
:1003300011F8014B03F8014FF7E7884210B501EBC4
:10034000020307D8421E99420AD011F8014B02F865
:10035000014FF8E78342F5D98118D21AD34200D170
:1003600010BD13F8014D01F8014DF7E702440346B3
:10037000934200D1704703F8011BF9E738B50546F1
:10038000002945D051F8043C0C1F002BB8BFE418DD
:1003900001F050FA1F4A1368104633B963601460C5
:1003A0002846BDE8384001F046BAA3420CD921687E
:1003B0006218934204BF1A685B68636004BF5218F6
:1003C00022600460ECE713465A680AB1A242FAD9E7
:1003D00019685818A0420BD120680144581882426D
:1003E0001960DDD1106852685A6001441960D7E77E
:1003F00002D90C232B60D3E7206821188A4204BF5E
:1004000011685268626004BF091821605C60C7E728
:1004100038BD00BFF87F002070B5CD1C25F0030566
:1004200008350C2D38BF0C25002D064601DBA942EE
:1004300003D90C233360002070BD01F0FBF9214A81
:100440001468214691B9204C23681BB9304600F04E
:1004500087FB20602946304600F082FB431C24D1F4
:100460000C233360304601F0E6F9E4E70B685B1BD0
:1004700018D40B2B0FD90B60CD50CC18304601F09F
:10048000DAF904F10B00231D20F00700C31AD3D0C2
:100490005A42E250D0E78C424B6816BF636013604B
:1004A0000C46EBE70C464968CCE7C41C24F0030477
:1004B000A04205D0211A304600F052FB0130CFD0C7
:1004C0002560DBE7F87F0020FC7F00202DE9FF4757
:1004D00055EC104B0D9FDDF830A0002D0E469146D7
:1004E0001946B8BF22462B4627F02007BBBF05F1AF
:1004F00000431D4600232D23B8BF1446462F0B7022
:1005000004D0452F00D10136022100E0032103ABC6
:10051000019302AB00933246534645EC104B00F07A
:10052000C3FB472F804602D119F0010F26D0462F7A
:1005300008EB060911D198F80030302B0AD10022BF
:1005400000232046294602F0A5F818B9C6F1010695
:10055000CAF80060DAF800309944002200232046EF
:10056000294602F097F838B93022039B4B4505D253
:10057000591C03911A70F8E7CDF80C90039B0E9A62
:10058000A3EB08034046136004B0BDE8F087F7B55D
:1005900000290446BABF49422D232B23092904F818
:1005A000022B437020DD0DF107031F460A2691FB45
:1005B000F6F506FB15113031092D03F8011C03F186
:1005C000FF32294609DC3031023B02F8011CBB42F4
:1005D000224604D3101A03B0F0BD1346E7E713F820
:1005E000012B04F8012BF2E7302319448370021D1C
:1005F000C170EFE72DE9F04F8DB00C46DDF8588063
:1006000016461F46054601F007F90368049318468D
:1006100000F0B6FA00230A93D8F8003005900733AB
:1006200023F0070303F1080294F818A0D4F800B0EF
:10063000C8F80020D3E90023C4E91223D4E91289C1
:1006400029F000430793CDF818804FF0FF32A74BF5
:10065000DDE9060102F050F870BB4FF0FF32A34B0A
:10066000DDE9060102F02AF830BB002200234046F3
:10067000494602F019F810B12D2384F843309C4A02
:100680009C4BBAF1470F8CBF9046984603232BF042
:100690000402236122604FF00009009733460BAA41
:1006A0002146284600F0E6F9013040F08D804FF0F9
:1006B000FF300DB0BDE8F08F42464B4640464946FC
:1006C00002F01AF810B18C4A8C4BDAE761684B1CC7
:1006D0004BF480620AA83ED1062363600023CDE973
:1006E000020309AB009349EC108B0DF12303226048
:1006F000CDF804A061682846FFF7E8FE0AF0DF03A2
:10070000472B804609D1099BD81C02DB62689342C3
:1007100047DDAAF1020A5FFA8AFABAF1650F099970
:1007200024D80139524604F150000991FFF72FFFF8
:100730000A9A1318012A8146236102DC2268D10734
:1007400001D5013323619DF82330002BA5D02D2343
:1007500084F84330A1E7BAF1670F00F07781BAF16E
:10076000470FBBD10029B9D10123B6E7BAF1660F13
:1007700019D1002963680CDD216113B92268D20701
:1007800002D501330B442361099BA3654FF0000997
:10079000D9E713B92268D00701D50233F3E7012363
:1007A000F1E74FF0670ADDE90932934205DB226881
:1007B0002361D107E8D50133E5E7002BD4BFC3F1AE
:1007C000020301231344DEE723685A0507D4236993
:1007D000424631462846B84701302BD167E7BAF187
:1007E000650F40F2DC8000220023D4E9120101F001
:1007F00051FF002833D00123414A31462846B847EB
:1008000001303FF454AFDDE909239A4202DB23684B
:10081000D8070FD5DDE9042331462846B847013013
:100820003FF445AF4FF0000804F11A090A9B013B61
:10083000434509DC23689B0700F10381E0680B9BBB
:100840009842B8BF184634E701234A463146284645
:10085000B84701303FF42BAF08F10108E6E7099BE8
:10086000002B2BDC0123264A31462846B8470130AD
:100870003FF41DAF099B23B90A9B13B92368D9071D
:10088000D8D5DDE9042331462846B84701303FF486
:100890000EAF4FF0000904F11A0A099B5B424B4569
:1008A00001DC0A9B94E70123524631462846B847AB
:1008B00001303FF4FCAE09F10109EEE70A9AA36D9D
:1008C0009A42A8BF1A46002A914607DD13463146D0
:1008D00042462846B84701303FF4E9AE04F11A0316
:1008E0004FF0000B29EAE979069315E0FFFFEF7F4F
:1008F000A82A0300A42A0300B02A0300AC2A03009C
:10090000B42A03000123069A31462846B84701302D
:100910003FF4CDAE0BF1010BD4F858A0AAEB0903BC
:100920005B45EFDCDDE909239A42D04415DB2368FF
:10093000DA0712D40A9B0999A3EB0A02A3EB010A76
:100940009245A8BF9246BAF1000F0EDC4FF00008A6
:100950002AEAEA7A04F11A0919E0DDE904233146AA
:100960002846B8470130E5D1A1E653464246314614
:100970002846B8470130E9D199E601234A46314675
:100980002846B84701303FF492AE08F10108DDE98E
:1009900009239B1AA3EB0A034345EEDC4AE70A9AB4
:1009A000012A01DCDB073AD50123424631462846BD
:1009B000B84701303FF47BAEDDE9042331462846D9
:1009C000B847013008F101083FF471AE0A9B0022DC
:1009D00003F1FF3AD4E91201002301F05BFEC8B92C
:1009E0005346424631462846B84701300ED15EE6AE
:1009F0000123524631462846B84701303FF457AEEE
:100A000008F101080A9B013B4345F1DC4B4604F128
:100A10005002DEE64FF0000804F11A0AF2E7012363
:100A2000DFE701234A4631462846B84701303FF404
:100A30003EAE08F10108E3680B9A9B1A4345F0DCCF
:100A4000FCE64FF0000804F11909F4E700293FF42F
:100A50008BAE0023CDE9020309AB009349EC108B68
:100A60002260CDF804A00DF123032846FFF72EFDE8
:100A7000804648E62DE9F04791461F468A680B6993
:100A8000DDF820809342B8BF1346C9F8003091F8D2
:100A9000432006460C4612B10133C9F800302368E2
:100AA000990642BFD9F800300233C9F800302568F2
:100AB00015F0060507D104F1190AE368D9F80020FA
:100AC0009B1AAB4228DC94F843302268003318BFED
:100AD000012392062DD404F1430239463046C04723
:100AE000013020D02368E568D9F8002003F0060320
:100AF000042B08BFAD1AA36822690CBF25EAE5756F
:100B000000259342C4BF9B1AED184FF000091A3418
:100B10004D451AD1002008E001235246394630469F
:100B2000C047013003D14FF0FF30BDE8F0870135F9
:100B3000C3E7E1185A1C302081F84300224494F89E
:100B4000451082F843100233C5E701232246394697
:100B50003046C0470130E6D009F10109D8E700006E
:100B600038B5064C002305460846236001F002FE16
:100B7000431C02D1236803B12B6038BD8C82002056
:100B8000034613F8012B002AFBD1181A01387047CD
:100B90002DE9F74F03690C69A3428046C0F28280B9
:100BA000013C01F114074FEA840C00F1140657F8D8
:100BB000245056F8240006EB0C03013507EB0C0912
:100BC0000193B0FBF5F595B34FF0000A3846B646F1
:100BD000D34650F8042B93B205FB03A34FEA134A04
:100BE0009BB2ABEB0303120CDEF800B005FB02A2D4
:100BF00013FA8BF34FEA124A1FFA82FBDEF8002049
:100C0000CBEB124202EB23429BB243EA0243814503
:100C10004FEA224B4EF8043BDBD256F80C3033B986
:100C2000019B043B9E421A4630D3C8F81040404610
:100C300001F018F8002825DB013530464FF0000C94
:100C400057F8042BD0F800E093B2ACEB0303120C7E
:100C500013FA8EF3C2EB1E4202EB23429BB243EA2D
:100C60000243B9454FEA224C40F8043BE8D256F81B
:100C7000242006EB84032AB9043B9E421A460BD378
:100C8000C8F81040284603B0BDE8F08F1268043B56
:100C9000002ACAD1013CC5E71268043B002AEFD103
:100CA000013CEAE70020EEE72DE9F04F57EC106B2E
:100CB00097B0456A069104460B921293DDF8808046
:100CC000CDE900673DB91020FEF7CAFD6062C0E9BA
:100CD00001550560C560636A196851B15A684A6078
:100CE000012393408B60204600F0DAFD636A002206
:100CF0001A603B1EBBBF23F0004301930023012277
:100D0000ACBFC8F80030C8F80020AF4BDDF8048055
:100D100033EA080314D1129A42F20F731360009B56
:100D200023B9C8F31300002800F04285219BDFF8A7
:100D3000ACB2002B00F044850BF1030300F03EBD84
:100D4000DDE90067002200233046394601F0A2FCAD
:100D5000814668B1129A01231360219B002B00F099
:100D600024859A4B219A03F1FF3B136000F028BDC4
:100D700014AA15A947EC106B204600F0EAFFC8F34F
:100D80000A550490002D7CD0C7F3130343F07F5B1A
:100D9000B2464BF4401BA5F2FF35CDF84C90002233
:100DA0008B4B5046594601F055F881A3D3E90023F7
:100DB00001F008FA80A3D3E9002301F04DF80646BC
:100DC00028460F4601F094F97DA3D3E9002301F0F2
:100DD000F9F902460B463046394601F03DF8064621
:100DE0000F4601F09FFC0022824600233046394620
:100DF00001F05AFC48B1504601F07AF932463B46C0
:100E000001F048FC08B90AF1FF3ABAF1160F59D8B7
:100E1000704901EBCA01DDE90023D1E9000101F0CD
:100E200061FC002850D00AF1FF3A00230F93149B75
:100E30005D1BB5F1010849BFC5F10103002305930E
:100E40004FF0000858BF0593BAF1000F3EDB0023B6
:100E5000D044CDF838A00793069B092B00F2908070
:100E6000052BC4BF043B0693069BA3F10203CCBF32
:100E700000250125032B00F28F80DFE803F07D7F42
:100E80003171DDE914531D4405F23240202813DD91
:100E9000C0F14000009B08FA00F805F2124023FA66
:100EA00000F048EA000001F013F901238246A1F1A5
:100EB000F87B013D139372E7009BC0F1200003FA19
:100EC00000F0F0E70123B1E70F90B0E7059BA3EB3B
:100ED0000A030593CAF10003079300230E93BBE7AF
:100EE00001230A930B9B002B59DD02939946666AF6
:100EF00000227260042202F114009842716853D9F2
:100F0000204600F099FC636A3060B9F10E0FD3F807
:100F100000B000F2E680002D00F0E3809DED007B44
:100F2000BAF1000F8DED107B74DD2A4A0AF00F0331
:100F300002EBC30393ED007B4FEA2A16F0068DED1A
:100F4000087B65D5244BDDE91001D3E9082301F0C6
:100F500063FACDE9000106F00F0603251E4F4CE0B1
:100F600001230A930B9B534403F1010902934B465F
:100F7000012BB8BF0123BAE70023B2E70023F0E753
:100F80000125002306930A954FF0FF3302939946FB
:100F9000002212230B92AAE701230A93F4E701230C
:100FA000029399461A46F5E7013171605200A2E7B3
:100FB00061436F63A787D23FB3C8608B288AC63F5F
:100FC000FB799F501344D33F0000F07FB52A030004
:100FD0000000F83F502B0300282B0300BF2A03001A
:100FE000F10708D5DDE90801D7E9002301F0EAF8A7
:100FF000CDE90801013576100837002EF0D1DDE982
:101000000823DDE9000101F007FACDE900011AE04B
:101010000225A3E700F0A080CAF100069F4BA04F75
:1010200006F00F0203EBC203D3E90023DDE9100150
:1010300001F0C8F8CDE90001361100230225002E89
:101040007FD1002BE1D10F9B002B00F08780DDE9E1
:1010500000670022934B3046394601F025FB0028FB
:101060007CD0B9F1000F79D0029B002B35DD0AF15D
:10107000FF330893394600228B4B304601F0A2F82B
:10108000CDE90001029F0135284601F031F8DDE984
:10109000002301F097F80022844B00F0DDFE0546A6
:1010A000A1F15076002F5DD10022814BDDE90001D6
:1010B00000F0D0FE2A463346CDE9000101F012FBD4
:1010C000002840F088822A4606F10043DDE900014D
:1010D00001F0EAFA002840F07C82DDE91023CDE936
:1010E0000023159B002BC0F25081BAF10E0F00F3C4
:1010F0004C816A4B03EBCA0393ED007B0B9B002BE7
:101100008DED027B80F2D880B9F1000F00F3D4801E
:1011100040F05E820022664B51EC170B01F052F852
:10112000DDE9002301F0D4FA4F464E46002840F096
:10113000348231230BF101058BF800300AF1010AEA
:101140002FE2F20705D5D7E9002301F03BF801357E
:1011500001237610083772E7022574E7CDF820A046
:101160004F4691E74D4B03EBC70353E902010A9B3E
:10117000002B47D002460B4600204E4901F04CF9A7
:101180002A46334600F066FECDE90C015D46DDE9F6
:10119000000101F0C7FA064600F0AAFF02460B461E
:1011A000DDE9000100F056FE303605F8016BDDE99F
:1011B0000C23CDE9000101F077FA002863D1DDE9C5
:1011C00000230020374900F045FEDDE90C2301F043
:1011D0006BFA002840F0B780A5EB0B039F427FF726
:1011E0007CAF0022304BDDE90C0100F0EBFF002268
:1011F000CDE90C012C4BDDE9000100F0E3FFCDE966
:101200000001C4E72A46334600F0DCFFCDE90C01BB
:101210000BEB07055E46DDE9000101F083FA0746A6
:1012200000F066FF303702460B46DDE9000100F0B2
:1012300011FE06F8017BAE42CDE900014FF000023D
:1012400026D11C4BDDE90C0100F006FE02460B46E0
:10125000DDE9000101F046FA002874D1DDE90C2334
:101260000020144900F0F6FD02460B46DDE90001BE
:1012700001F01AFA00283FF430AF15F8013C302B8A
:1012800005F1FF3202D0DDF820A04AE01546F4E770
:10129000054B00F097FFCDE90001BCE7502B0300A0
:1012A000282B03000000F03F0000244000001C40F9
:1012B000000014400000E03FDDE900675D46DDE925
:1012C00002233046394601F0A7F801F02BFA804698
:1012D00000F00EFFDDE9022300F074FF02460B462A
:1012E0003046394608F1300600F0B4FD05F8016BD0
:1012F000A5EB0B06B14502460B4639D100F0ACFD1B
:10130000DDE9022306460F4601F0ECF9C8B9DDE934
:1013100002233046394601F0BDF910B118F0010F33
:101320000FD10499204600F0BBFA0023129A2B70CB
:101330000AF101031360219B002B00F041821D6024
:101340003EE2CDF820A015F8012C392A05F1FF3333
:1013500008D19B450AD1089B0133089330238BF8B1
:1013600000305B461A7801321A708CE71D46EAE7B6
:1013700000229B4B00F026FF0022002306460F466A
:1013800001F088F900289AD0CBE70A9A002A00F0E9
:101390008B80069A012A6EDC139A002A67D003F22A
:1013A0003343079F059D059A01211A442046059263
:1013B000984400F015FB0646002D0CDDB8F1000F37
:1013C00009DD4545059A2B46A8BF4346D21A05922A
:1013D000ED1AA8EB0308079BEBB10A9B002B67D023
:1013E0008FB131463A46204600F09AFB049A0146F6
:1013F0000646204600F0FDFA04990890204600F0C9
:101400004FFA089B0493079BDA1B04D004992046EB
:1014100000F086FB04900121204600F0E1FA0E9BCB
:101420000746002B00F0D0811A460146204600F006
:1014300077FB069B012B074640DC009B002B39D134
:10144000019BC3F31303002B36D1019B23F0004310
:101450001B0D1B052BB1059B0133059308F10108FA
:10146000012307930E9B002B2AD1012030E0149B0F
:10147000C3F1360395E7079B09F1FF37BB42BFBFB6
:10148000079B0797FA1A0E9BBBBF9B180E93DF1B97
:101490000027B9F1000FB5BF059B059DA3EB09051A
:1014A0004B46B8BF00237EE7079F059D0A9E83E752
:1014B000079AABE70023D4E7009BD2E7002307930A
:1014C0003B6907EB8303186900F03CFAC0F1200088
:1014D000404410F01F0047D0C0F12003042B3BDD37
:1014E000059BC0F11C000344059305448044059B03
:1014F000002B05DD1A460499204600F05FFB04909E
:10150000B8F1000F05DD39464246204600F056FB93
:1015100007460F9B53B33946049800F0A3FB0028FD
:1015200024DA00230A220499204600F0D0F90A9B0D
:1015300004900AF1FF3A002B00F04D810023314660
:101540000A22204600F0C3F9029B002B06464FDC1E
:10155000069B022B4CDD11E0C9D0059A1C331A44BE
:1015600005921D449844C2E70346F6E7B9F1000F1F
:1015700038DC069B022B35DDCDF80890029B63B961
:1015800039460522204600F0A2F901460746049894
:1015900000F068FB00283FF7CCAD0B9B5D466FEA7F
:1015A000030A4FF000093946204600F079F9002E71
:1015B0003FF4B7AEB9F1000F05D0B14503D04946AD
:1015C000204600F06DF93146204600F069F9A8E6A2
:1015D00000273E46E1E7DDF820A03E46A9E500BF32
:1015E000000024400A9BCDF80890002B00F0FA8000
:1015F000002D05DD31462A46204600F0DFFA06467A
:10160000079B002B4CD07168204600F015F9326919
:1016100002320546920006F10C010C30FEF782FE04
:1016200001222946204600F0C9FA009BCDF814B0EB
:1016300003F00103B1460793064639460498FFF7C5
:10164000A7FA4946054600F13008049800F00AFB65
:10165000324600903946204600F01EFBC368024621
:1016600003BB01460890049800F0FCFA089A034670
:1016700011462046089300F013F9089BA3B9069A77
:1016800092B9079A82B9B8F1390F29D0009B002B83
:1016900001DD05F13108059B5D1C83F8008082E7C0
:1016A0003046C2E70123E3E7009A002A04DB25D194
:1016B000069A1ABB079A0ABB002BECDD012204999B
:1016C000204600F07BFA3946049000F0CBFA00285F
:1016D00003DCE0D118F0010FDDD0B8F1390FD8D11B
:1016E000059B059A5D1C3923137015F8013C392BB5
:1016F00005F1FF324FD00133137054E7059A002BE8
:1017000002F1010506DDB8F1390FE9D008F1010851
:10171000059BC2E7029A05F8018CA5EB0B039342E7
:1017200021D000230A220499204600F0D0F8B145C8
:1017300004904FF000034FF00A024946204605D1BD
:1017400000F0C5F881460646059576E700F0BFF83B
:101750003146814600230A22204600F0B8F80646AA
:10176000F2E74FF0000901220499204600F026FA22
:101770003946049000F076FA0028B6DC02D118F061
:10178000010FB2D115F8013C302B05F1FF327FF487
:101790000AAF1546F6E7934505D131230AF1010A50
:1017A0008BF80030FFE615469FE7DFF864B007E0EE
:1017B000219BDFF860B01BB10BF10803219A136085
:1017C000584617B0BDE8F08F069B012B7FF735AE6A
:1017D0000E9B079349E6029B002B03DC069B022B22
:1017E0003FF7CCAE5D4639460498FFF7D1F900F1DA
:1017F000300805F8018B029AA5EB0B039A42B0DD85
:1018000000230A220499204600F061F80490EAE7D8
:10181000B42A0300B62A0300044B1B68186A044B61
:10182000002808BF1846F030704700BF1061002044
:10183000746100207047704770B5456A04460E46D3
:101840003DB91020FEF70CF86062C0E90155056053
:10185000C560656AEB6883B1636ADB6853F826008C
:10186000B8B9012101FA06F56A1D9200204600F080
:10187000BFFA60B1C0E901650EE0212204212046D3
:1018800000F0B6FA636AE860DB68002BE4D1002060
:1018900070BD026843F826200023C0E90333F7E750
:1018A00070B5446A06460D463CB91020FDF7D8FFD6
:1018B0007062C0E901440460C4603DB1736A6A6843
:1018C000DB6853F82210296043F8225070BD2DE9DF
:1018D000F0410D691F4606460C4601F1140C002329
:1018E000DCF8000081B202FB01710F0C000C02FB5E
:1018F000007089B2013301EB00419D424FEA10476D
:101900004CF8041BECDCD7B1A368AB4212DC616875
:1019100030460131FFF790FF2269023204F10C01D9
:10192000804692000C30FEF7FDFC21463046FFF762
:10193000B7FF444604EB850301355F61256120460E
:10194000BDE8F081020C12040346B2B90304102072
:1019500013F07F4F04BF1B02083013F0704F04BF19
:101960001B01043013F0404F04BF9B000230002BDA
:1019700006DB5B0003D5013070470020E8E720203C
:101980007047036813F0070201460BD0DA0723D42F
:10199000980749BF5B089B0801200B605CBF0B6088
:1019A0000220704798B2A8B91B0C102013F0FF0F4B
:1019B00004BF1B0A08301A0704BF1B0904309A072A
:1019C00004BF9B080230DA0702D45B0806D001305E
:1019D0000B6070471046E9E70020704720207047F1
:1019E00010B50C460121FFF727FF01224461026177
:1019F00010BD2DE9F74F14460A6923699A42B8BF12
:101A00000B468846BCBFA0461C46D8F81070D4F8D8
:101A10001090D8F80830D8F8041007EB0906B34244
:101A2000B8BF0131FFF708FF00F1140505EB860E82
:101A30002B460022734516D304F1140208F1140159
:101A400002EB890301EB87070093009B019293420D
:101A50000CD8002E03DD5EF8043D002B5DD006613E
:101A600003B0BDE8F08F43F8042BE3E7B2F800B011
:101A7000BBF1000F23D08946AC464FF0000859F85F
:101A8000044BDCF800A0A3B21FFA8AFA0BFB03A3F5
:101A90004FEA144ADCF8004043444FEA14480BFB79
:101AA0000A8404EB1344E2469BB243EA04434F45E5
:101AB0004FEA14484AF8043B2BD8CCF80480019B29
:101AC000B3F802A00432BAF1000F20D02B68894687
:101AD000A8464FF0000BB9F800C0B8F802400AFB66
:101AE0000C445C44C4469BB243EA04434CF8043BB8
:101AF00059F8043BB8F804B01B0C0AFB03B303EB22
:101B000014434F454FEA134B05D8C8F80430043549
:101B10009BE7D446B3E7E046DDE7013E99E70000E6
:101B20002DE9F843154612F0030206460F4607D08A
:101B3000013A214C002354F82220FFF7C8FE074643
:101B4000AD1035D0746A3CB91020FDF789FE706283
:101B5000C0E901440460C460D6F82480D8F8084085
:101B60004CB940F271213046FFF73AFF0023C8F824
:101B70000800044603604FF00008EB070AD5394619
:101B800022463046FFF735FF394681463046FFF79B
:101B900087FE4F466D100BD0206838B9224621468B
:101BA0003046FFF726FF2060C0F800800446E4E7D7
:101BB0003846BDE8F88300BF182C03002DE9F04734
:101BC0000C464FEA621A236949680AEB0309A368C5
:101BD0000746164609F10105AB4232DB3846FFF7EE
:101BE0002BFE0023804600F114011A4653452BDBDF
:101BF00020692AEAEA7A04F1140316F01F0201EBC5
:101C00008A0103EB800C25D0C2F1200E00201E6853
:101C10008A46964030434AF8040B53F8040B9C451F
:101C200020FA0EF014D8486008B109F10205013D10
:101C30003846C8F810502146FFF732FE4046BDE84E
:101C4000F08701315B00C7E741F823200133CDE77E
:101C50005146DCE7043953F8042B41F8042F9C4526
:101C6000F9D8E4E703690A699B1A30B50CD19200F0
:101C7000143014318418114454F8045D51F8042DC3
:101C8000954203D005D30123184630BDA042F3D3BB
:101C9000FAE74FF0FF33F7E72DE9F0470D46074627
:101CA000114628461446FFF7DDFF061E08D13146CF
:101CB0003846FFF7C1FD0123C0E90436BDE8F087CF
:101CC000A4BF23462C4638466168A6BF1D460026A1
:101CD0000126FFF7B1FD2B69C660266905F11409DD
:101CE00004F1140202EB860709EB830800F11405E6
:101CF0004FF0000E52F804AB59F8044B1EFA8AF16B
:101D0000A3B2C91A230CC3EB1A4303EB214389B2D4
:101D10004FEA234EC84541EA0343944645F8043B45
:101D2000E8D8BC4504D355F8043D83B10661C5E746
:101D30005CF8041B1EFA81F31A1402EB11429BB2E9
:101D400043EA02434FEA224E45F8043BE9E7013EED
:101D5000E9E72DE9F7430E46012159EC108B1546B2
:101D6000FFF76AFDC9F30A540746C9F3130334BBEE
:101D70000193B8F1000327D002A840F8083DFFF70F
:101D800000FE0099F0B1019AC0F1200302FA03F3BA
:101D90000B43C2407B610192019BBB61002B14BFCE
:101DA000022101213961C4B1A4F2334404443460F6
:101DB000C0F135002860384603B0BDE8F08343F435
:101DC0008013D5E77961E7E701A8FFF7DAFD019B0A
:101DD0007B61012139612030E5E707EB8103A0F247
:101DE000324030601869FFF7ADFDC0EB4110E1E70C
:101DF00038B502FB01F42146FEF70EFB054618B18B
:101E000022460021FEF7B2FA284638BD82B001B959
:101E100001A942B14BB113780B601278101C18BFA6
:101E2000012002B070471046FBE76FF00100F8E7B1
:101E300049B1FF2A85BF8A2303600A704FF0FF3043
:101E400098BF0120704708467047000081F00041AC
:101E500002E000BF83F0004330B54FEA41044FEA8F
:101E6000430594EA050F08BF90EA020F1FBF54EA2A
:101E7000000C55EA020C7FEA645C7FEA655C00F0C6
:101E8000E2804FEA5454D4EB5555B8BF6D420CDD97
:101E90002C4480EA020281EA030382EA000083EA1A
:101EA000010180EA020281EA0303362D88BF30BDBA
:101EB00011F0004F4FEA01314FF4801C4CEA113110
:101EC00002D0404261EB410113F0004F4FEA03336F
:101ED0004CEA133302D0524263EB430394EA050FFA
:101EE00000F0A780A4F10104D5F1200E0DDB02FA69
:101EF0000EFC22FA05F2801841F1000103FA0EF2FD
:101F0000801843FA05F359410EE0A5F120050EF1C2
:101F1000200E012A03FA0EFC28BF4CF0020C43FAF3
:101F200005F3C01851EBE37101F0004507D54FF000
:101F3000000EDCF1000C7EEB00006EEB0101B1F550
:101F4000801F1BD3B1F5001F0CD349085FEA300096
:101F50004FEA3C0C04F101044FEA445212F5800FA1
:101F600080F09A80BCF1004F08BF5FEA500C50F13E
:101F7000000041EB045141EA050130BD5FEA4C0C21
:101F8000404141EB010111F4801FA4F10104E9D1AA
:101F900091F0000F04BF01460020B1FA81F308BFA1
:101FA0002033A3F10B03B3F120020CDA0C3208DD6D
:101FB00002F1140CC2F10C0201FA0CF021FA02F148
:101FC0000CE002F11402D8BFC2F1200C01FA02F1B8
:101FD00020FA0CFCDCBF41EA0C019040E41AA2BFDD
:101FE00001EB0451294330BD6FEA04041F3C1CDAA5
:101FF0000C340EDC04F11404C4F1200220FA04F0C5
:1020000001FA02F340EA030021FA04F345EA03016E
:1020100030BDC4F10C04C4F1200220FA02F001FA30
:1020200004F340EA0300294630BD21FA04F02946B2
:1020300030BD94F0000F83F4801306BF81F480114B
:102040000134013D4EE77FEA645C18BF7FEA655CBE
:1020500029D094EA050F08BF90EA020F05D054EA90
:10206000000C04BF1946104630BD91EA030F1EBF95
:102070000021002030BD5FEA545C05D14000494199
:1020800028BF41F0004130BD14F580043CBF01F58C
:10209000801130BD01F0004545F0FE4141F4700172
:1020A0004FF0000030BD7FEA645C1ABF194610464D
:1020B0007FEA655C1CBF0B46024650EA013406BF4E
:1020C00052EA033591EA030F41F4002130BD00BF0D
:1020D00090F0000F04BF0021704730B54FF48064CA
:1020E00004F132044FF000054FF0000150E700BF4B
:1020F00090F0000F04BF0021704730B54FF48064AA
:1021000004F1320410F0004548BF40424FF0000196
:102110003EE700BF42004FEAE2014FEA31014FEAD9
:1021200002701FBF12F07F4393F07F4F81F0605128
:10213000704732F07F4208BF704793F07F4F04BF73
:1021400041F40021704730B54FF4607401F0004550
:1021500021F000411CE700BF50EA010208BF7047B0
:1021600030B54FF000050AE050EA010208BF7047A1
:1021700030B511F0004502D5404261EB41014FF40A
:10218000806404F132045FEA915C3FF4D8AE4FF012
:1021900003025FEADC0C18BF03325FEADC0C18BFF5
:1021A000033202EBDC02C2F1200300FA03FC20FA46
:1021B00002F001FA03FE40EA0E0021FA02F1144493
:1021C000BDE600BF70B54FF0FF0C4CF4E06C1CEAAC
:1021D00011541DBF1CEA135594EA0C0F95EA0C0F1D
:1021E00000F0DEF82C4481EA030621EA4C5123EA90
:1021F0004C5350EA013518BF52EA033541F48011BF
:1022000043F4801338D0A0FB02CE4FF00005E1FB71
:1022100002E506F00042E0FB03E54FF00006E1FBBB
:1022200003569CF0000F18BF4EF0010EA4F1FF04FE
:10223000B6F5007F64F5407404D25FEA4E0E6D413E
:1022400046EB060642EAC62141EA55514FEAC5204F
:1022500040EA5E504FEACE2EB4F1FD0C88BFBCF5CB
:10226000E06F1ED8BEF1004F08BF5FEA500E50F17C
:10227000000041EB045170BD06F0004646EA010142
:1022800040EA020081EA0301B4EB5C04C2BFD4EB74
:102290000C0541EA045170BD41F480114FF0000E6D
:1022A000013C00F3AB8014F1360FDEBF002001F0DB
:1022B000004170BDC4F10004203C35DA0C341BDC55
:1022C00004F11404C4F1200500FA05F320FA04F027
:1022D00001FA05F240EA020001F0004221F000415B
:1022E00010EBD37021FA04F642EB06015EEA430ECE
:1022F00008BF20EAD37070BDC4F10C04C4F12005FE
:1023000000FA04F320FA05F001FA04F240EA0200B0
:1023100001F0004110EBD37041F100015EEA430E81
:1023200008BF20EAD37070BDC4F1200500FA05F2A1
:102330004EEA020E20FA04F301FA05F243EA020320
:1023400021FA04F001F0004121FA04F220EA02002F
:1023500000EBD3705EEA430E08BF20EAD37070BD75
:1023600094F0000F0FD101F00046400041EB010155
:1023700011F4801F08BF013CF7D041EA060195F037
:10238000000F18BF704703F00046520043EB0303F1
:1023900013F4801F08BF013DF7D043EA06037047DE
:1023A00094EA0C0F0CEA135518BF95EA0C0F0CD0E9
:1023B00050EA410618BF52EA4306D1D181EA03012F
:1023C00001F000414FF0000070BD50EA410606BF29
:1023D0001046194652EA430619D094EA0C0F02D16E
:1023E00050EA013613D195EA0C0F05D152EA0336B3
:1023F0001CBF104619460AD181EA030101F00041D1
:1024000041F0FE4141F470014FF0000070BD41F019
:10241000FE4141F4780170BD70B54FF0FF0C4CF4F3
:10242000E06C1CEA11541DBF1CEA135594EA0C0F12
:1024300095EA0C0F00F0A7F8A4EB050481EA030E5F
:1024400052EA03354FEA013100F088804FEA033346
:102450004FF0805545EA131343EA12634FEA022214
:1024600045EA111545EA10654FEA00260EF00041D5
:102470009D4208BF964244F1FD0404F5407402D227
:102480005B084FEA3202B61A65EB03055B084FEAB8
:1024900032024FF480104FF4002CB6EB020E75EBB5
:1024A000030E22BFB61A754640EA0C005B084FEADD
:1024B0003202B6EB020E75EB030E22BFB61A75465A
:1024C00040EA5C005B084FEA3202B6EB020E75EBA5
:1024D000030E22BFB61A754640EA9C005B084FEA1D
:1024E0003202B6EB020E75EB030E22BFB61A75462A
:1024F00040EADC0055EA060E18D04FEA051545EA19
:1025000016754FEA06164FEAC30343EA52734FEAC1
:10251000C2025FEA1C1CC0D111F4801F0BD141EA3A
:1025200000014FF000004FF0004CB6E711F4801F9F
:1025300004BF01430020B4F1FD0C88BFBCF5E06F7F
:102540003FF6AFAEB5EB030C04BFB6EB020C5FEA8F
:10255000500C50F1000041EB045170BD0EF0004EE4
:102560004EEA113114EB5C04C2BFD4EB0C0541EA16
:10257000045170BD41F480114FF0000E013C90E613
:1025800045EA060E8DE60CEA135594EA0C0F08BFD7
:1025900095EA0C0F3FF43BAF94EA0C0F0AD150EAD6
:1025A00001347FF434AF95EA0C0F7FF425AF104669
:1025B00019462CE795EA0C0F06D152EA03353FF491
:1025C000FDAE1046194622E750EA410618BF52EA0E
:1025D00043067FF4C5AE50EA41047FF40DAF52EAE2
:1025E00043057FF4EBAE12E74FF0FF3C06E000BF7F
:1025F0004FF0010C02E000BF4FF0010C4DF804CD8C
:102600004FEA410C7FEA6C5C4FEA430C18BF7FEA4B
:102610006C5C1BD001B050EA410C0CBF52EA430C79
:1026200091EA030F02BF90EA020F0020704710F1F9
:10263000000F91EA030F58BF994208BF90422CBF88
:10264000D8176FEAE37040F0010070474FEA410C81
:102650007FEA6C5C02D150EA013C07D14FEA430C9F
:102660007FEA6C5CD6D152EA033CD3D05DF8040B10
:10267000704700BF8446104662468C461946634642
:1026800000E000BF01B5FFF7B7FF002848BF10F119
:10269000000F01BD4DF808EDFFF7F4FF0CBF01205E
:1026A00000205DF808FB00BF4DF808EDFFF7EAFFDA
:1026B00034BF012000205DF808FB00BF4DF808ED95
:1026C000FFF7E0FF94BF012000205DF808FB00BF8A
:1026D0004DF808EDFFF7CEFF94BF012000205DF814
:1026E00008FB00BF4DF808EDFFF7C4FF34BF012021
:1026F00000205DF808FB00BF4FEA410C7FEA6C5CEC
:1027000002D150EA013C0AD14FEA430C7FEA6C5CEB
:1027100002D152EA033C02D14FF0000070474FF063
:10272000010070474FEA410212F5001215D211D58F
:102730006FF47873B3EB625212D94FEAC12343F0BE
:10274000004343EA505311F0004F23FA02F018BF40
:10275000404270474FF00000704750EA013005D109
:1027600011F0004008BF6FF0004070474FF00000CC
:10277000704700BF044A05491368002B08BF0B4689
:102780001844106018467047008000209082002096
:10279000FEE700BFF8B500BFF8BC08BC9E46704716
:1027A000F8B500BFF8BC08BC9E46704754696E7906
:1027B0005553422053657269616C000000000000AF
:1027C00000000000C97402008174020071740200EC
:1027D000E973020035740200097402006574020096
:1027E000ED720200F0FFFFFF00000000E173020045
:1027F000120100020000004086284580000101020D
:102800000301000009020900000100A032000000DD
:102810003031323334353637383941424344454616
:1028200053656565642053747564696F000000002A
:102830005849414F206E5246353238343020536566
:102840006E73650041646166727569740000000012
:102850004D6173732053746F7261676500000000EF
:10286000312E30007573626400000000050F3900DE
:10287000021810050038B60834A909A0478BFDA03E
:10288000768815B665000101011C100500DF60DDCA
:10289000D88945C74C9CD2659D9E648A9F000003E1
:1028A00006B2000200000000F17E0200657F020017
:1028B000917F020085800200458102000000000037
:1028C000958A0200A58A0200B58A0200498B02009F
:1028D000818C020000000000CD820200DD82020037
:1028E000ED820200A9830200A18502000000000021
:1028F0002586020081860200A9860200C1870200A7
:10290000C587020000000000F19202004D93020012
:102910006D9302003D7C020055940200000000000F
:1029200000000000000000002DBD020099BD020063
:10293000F979020000000000000000002DBD020037
:1029400099BD0200F97902000000000000000000BB
:102950000338FDD870470000B5C9020005CA02005F
:10296000A5C902001815A115C819FF001815A01552
:10297000C019FF001815AE15D5168015A8163F15FD
:10298000D316001540158D16141520160015A11527
:10299000C815DA1612158116CF15D916F115DB16E2
:1029A00040152E15A415A619FF0000001815AF1923
:1029B000FF0000001815AE19FF0000000001140A06
:1029C0006464323200127A00000428961008000075
:1029D00080004000546D725100000000546D722060
:1029E000537663006C6F6F700000000043616C6C85
:1029F0006261636B00000000000000000000000046
:102A000075F902009DF90200F97902005DF90200F2
:102A100065F902006DF9020059F902000200000098
:102A2000030000001C0000001D0000000400000066
:102A3000050000002B0000002C0000002D0000000D
:102A40002E0000002F0000001A0000000600000009
:102A50001E0000000E000000280000001B00000007
:102A6000070000000B0000002A000000200000000A
:102A7000100000000D000000110000001500000013
:102A800019000000140000001800000016000000EB
:102A900017000000090000000A0000001F000000ED
:102AA00014610020494E4600696E66004E414E009A
:102AB0006E616E003000496E66696E697479004E11
:102AC000614E000000000000000000000000000057
:102AD00000000000000000000000000000000000F6
:102AE00000000000000000000000000000000000E6
:102AF00000000000000000000000000000000000D6
:102B000000000000000000000000000000000000C5
:102B100000000000000000000000000000000000B5
:102B200000000000000000000080E03779C341434E
:102B3000176E05B5B5B89346F5F93FE9034F384D23
:102B4000321D30F94877825A3CBF737FDD4F1575CF
:102B5000000000000000F03F0000000000002440E2
:102B600000000000000059400000000000408F40BD
:102B7000000000000088C34000000000006AF84028
:102B80000000000080842E4100000000D01263414C
:102B90000000000084D797410000000065CDCD41C2
:102BA000000000205FA00242000000E876483742A3
:102BB000000000A2941A6D42000040E59C30A24241
:102BC0000000901EC4BCD64200003426F56B0C43B6
:102BD0000080E03779C3414300A0D885573476435D
:102BE00000C84E676DC1AB43003D9160E458E143BE
:102BF000408CB5781DAF154450EFE2D6E41A4B4433
:102C000092D54D06CFF08044F64AE1C7022DB54477
:102C1000B49DD9794378EA4405000000190000000A
:102C20007D0000004300504F534958002E00002003
:102C3000202020202020202028282828282020206C
:102C4000202020202020202020202020202020881C
:102C50001010101010101010101010101010100480
:102C600004040404040404040410101010101010D0
:102C700041414141414101010101010101010101C4
:102C800001010101010101010101101010101010DA
:102C90004242424242420202020202020202020294
:102CA00002020202020202020202101010102000B0
:102CB0000000000000000000000000000000000014
:102CC0000000000000000000000000000000000004
:102CD00000000000000000000000000000000000F4
:102CE00000000000000000000000000000000000E4
:102CF00000000000000000000000000000000000D4
:102D000000000000000000000000000000000000C3
:102D100000000000000000000000000000000000B3
:102D200000000000000000000000000000000000A3
:042D3000000000009F
:082D34001C45FF7F01000000B7
:102D3C000A00000000000306B200080001000000B9
:102D4C00A800080002000000A0001400030057496E
:102D5C004E555342000000000000000000008400AB
:102D6C00040007002A004400650076006900630037
:102D7C00650049006E007400650072006600610019
:102D8C0063006500470055004900440073000000D3
:102D9C0050007B0039003700350046003400340009
:102DAC00440039002D0030004400300038002D0064
:102DBC0034003300460044002D003800420033003C
:102DCC0045002D003100320037004300410038002F
:102DDC004100460046004600390044007D000000DA
:102DEC000000000010000C00706D002000000000BE
:102DFC0000000000000000000000000000000000C7
:102E0C0000000000000000000000000000000000B6
:102E1C0000000000000000000000000000000000A6
:102E2C000000000000000000000000000000000096
:102E3C000000000000000000000000000090D00323
:102E4C001461002000000000E42A0300042B03009E
:102E5C00C42A030000000000000000000000000075
:102E6C000000000000000000000000000000000056
:102E7C000000000000000000000000000000000046
:102E8C000000000000000000000000000000000036
:102E9C000000000000000000000000000000000026
:102EAC0000000000430000000000000000000000D3
:102EBC000000000000000000000000000000000006
:102ECC0000000000430000000000000000000000B3
:102EDC0000000000000000000000000000000000E6
:102EEC000000000043000000000000000000000093
:102EFC0000000000000000000000000000000000C6
:102F0C000000000043000000000000000000000072
:102F1C0000000000000000000000000000000000A5
:102F2C000000000043000000000000000000000052
:102F3C000000000000000000000000000000000085
:102F4C000000000043000000000000000000000032
:102F5C000000000000000000000000000000000065
:102F6C000000000043000000000000000000000012
:102F7C000000000000000000000000000000000045
:102F8C0000000000311E03000D1E030000000000B5
:102F9C002E2C03002C2C03002D2C03002D2C0300B5
:102FAC002D2C03002D2C03002D2C03002D2C0300A5
:102FBC002D2C03002D2C03002D2C0300FFFFFFFFF5
:102FCC00FFFFFFFFFFFFFFFFFFFF0000010041536A
:102FDC004349490000000000000000000000000010
:102FEC000000000000000000000000000000415341
:102FFC0043494900000000000000000000000000F0
:10300C0000000000000000000000000000000000B4
:10301C000172020035720200BD75020071BE020021
:0C302C0001F9020035FD020011720200E3
:040000032000F029C0
:00000001FF
