:020000022000DC
:1070000000000420C17A0600F97A0600DD5D060062
:10701000FD7A0600E95D0600EF5D06000000000055
:10702000000000000000000000000000290903002B
:10703000057B060000000000C3090300D30903001C
:10704000B1BB0600491406000B7B06000B7B060053
:107050000B7B06000B7B06000B7B06000B7B060000
:107060000B7B06000B7B06000B7B06000B7B0600F0
:107070000B7B060045BD06000B7B06000D210600BC
:107080000B7B06000B7B06000B7B06000B7B0600D0
:107090000B7B06000B7B06000B7B06000B7B0600C0
:1070A0000B7B06000B7B06000B7B06000B7B0600B0
:1070B0000B7B06000B7B06000000000000000000B8
:1070C0000B7B06000B7B06000B7B06000B7B060090
:1070D0000B7B06000B7B06000B7B06000B7B060080
:1070E0000B7B06000B7B06000B7B060000000000FC
:1070F000000000000B7B0600000000000B7B060078
:1071000010B5054C237833B9044B13B10448AFF3E1
:1071100000800123237010BD68670020000000007C
:107120001860070008B5034B1BB103490348AFF3D0
:10713000008008BD000000006C6700201860070098
:10714000154B002B08BF134B9D46A3F5803A002139
:107150008B460F461348144A121A47F087FA0F4B12
:10716000002B00D098470E4B002B00D098470020F2
:10717000002104000D000D48002802D00C483FF00B
:10718000CDFB47F04DF9200029000BF075FC3FF0D6
:10719000C2FB00BF00000800000004200000000047
:1071A000D529030068670020507001201D69060082
:1071B0000000000006EE103ADFED136AB4EEE66A56
:1071C000F1EE10FA10B507EE102A044604DD0F495F
:1071D00009F067F9204610BDDFED0D7AB4EEE76ADD
:1071E000F1EE10FA01D50B49F2E7B4EEE67AF1EED2
:1071F00010FA01DD0849EBE7B4EEE77AF1EE10FA98
:107200004CBF06490649E3E76666663FD20C0700B5
:10721000666666BFDA0C0700E40C0700EF0C070097
:10722000F90C07001D4B1B68042B10B5044605DC48
:107230001B49204609F035F9204610BD194B1A4666
:10724000B2EC016A0921F0EE467AB0EE467AF2EC31
:10725000016AF4EE476AF1EE10FAF4EE676A48BF8D
:10726000B0EE667AF1EE10FAC8BFF0EE667A013938
:10727000EDD177EEC77A9FED0C7AF4EEC77AF1EE96
:1072800010FAD5D4D3ED097A084B0949F4EEC67A41
:10729000F1EE10FAD8BF1946CBE700BFB467002063
:1072A0009C3B0700886700206666E63F0B0D0700E1
:1072B000010D070004EE901A9FED266AB0EEE47A05
:1072C00005EE102A05EE903AB4EEC67AF1EE10FA09
:1072D00010B5F0EEC57A0446F0EEE56A0ED5F4EE90
:1072E000C67AF1EE10FA09D5F4EEC66AF1EE10FA9C
:1072F00004D5194909F0D5F8204610BDB4EEE77A57
:10730000F1EE10FA0EDBB4EEE67AF1EE10FA09DBDC
:10731000F5EEC04A1149124BF1EE10FAD8BF1946EA
:107320002046E7E7B4EEE77AF1EE10FA0BD8F4EE78
:10733000E67AF1EE10FA06DBB5EEC05AF1EE10FA7D
:107340000849094BEAE7F5EEC05AF1EE10FA074991
:10735000074BE3E70000C8429C3B0700160D0700FF
:10736000210D07002B0D0700330D07003D0D070011
:10737000480D07002DE9F047A64BA74C1868036895
:10738000A4B01B69984709F0F3F9236813339842B6
:1073900040F23D8109F0ECF92060A04800F0FBFDCF
:1073A00082469E4800F016FE81469C4800F031FE61
:1073B00005469A4800F04CFE8046984800F067FE6B
:1073C0000746964800F082FE954A9649136801EBFD
:1073D00083010133092BC3BF00231360924B136059
:1073E000C4BF01221A700D602B4651464A4606461C
:1073F00003A8FFF7DFFE06A8FFF714FF8B4906A8D6
:1074000009F021F918B906A9894809F05CF8414644
:1074100009A833463A46FFF74DFF844909A809F009
:1074200012F918B909A9834809F04DF8824983482F
:1074300008F0D6FE504645F061FF022402460B4696
:1074400000947E4808F0E0FF7D497C4808F0C8FEC3
:10745000484645F053FF009402460B46774808F033
:10746000D3FF7849754808F0BBFE284645F046FF33
:10747000009402460B46714808F0C6FF72496F48F7
:1074800008F0AEFE404645F039FF009402460B4638
:107490006A4808F0B9FF6D49684808F0A1FE38460F
:1074A00045F02CFF009402460B46644808F0ACFF00
:1074B0006749624808F094FE304645F01FFF00948B
:1074C0000B4602465D4808F09FFF62495B4808F0A2
:1074D00087FE03A9594808F07EFE5F49574808F027
:1074E0007FFE5349554808F076FE5C49534808F042
:1074F00077FE5049514808F083FE594912A808F018
:10750000D0FF224651460FA809F007F80FA912A88C
:1075100009F05EF8534909F067F822464946824669
:1075200015A808F0FAFF15A9504609F051F84E4980
:1075300009F05AF822462946814618A808F0EDFFBE
:1075400018A9484609F044F8484909F04DF8224680
:10755000054641461BA808F0E0FF1BA9284609F094
:1075600037F8434909F040F82246054639461EA837
:1075700008F0D3FF1EA9284609F02AF83D4909F072
:1075800033F822460546314621A808F0C6FF21A956
:10759000284609F01DF8384909F026F803A909F032
:1075A00017F8364909F020F8214909F011F8344953
:1075B00009F01AF81F4909F00BF801460CA808F069
:1075C00091FF21A808F022FF1EA808F01FFF1BA8AA
:1075D00008F01CFF18A808F019FF15A808F016FFFE
:1075E0000FA808F013FF12A808F010FF01220C9951
:1075F000244801F097F90CA808F008FF09A808F042
:1076000005FF06A808F002FF03A808F0FFFE24B05B
:10761000BDE8F087E80F070084670020E8670020D6
:10762000B467002088670020B06700209C3B0700FB
:10763000D0670020DC670020520D07006076002034
:10764000570D07005F0D0700670D0700710D07005C
:107650007B0D0700850D0700960D0700B10D070093
:10766000C30D0700C70D0700CC0D0700D10D0700A3
:10767000D80D0700DF0D0700E60D0700F40D070029
:10768000FA0D0700B8670020F7B51B4F1B4D1C48CB
:107690001C4C1D4E6A22002100F07CFB3946284616
:1076A00008F0FFFE2846194D224631463FF031F9D9
:1076B0003946284608F0F5FE2846154D2246314643
:1076C0003FF027F91349284601F0F4FA22461249FF
:1076D0002846124D3FF01DF90023009312229623F5
:1076E0000F49284601F004F90E492246284603B006
:1076F000BDE8F0403FF00DB99C3B0700D06700208B
:10770000E8670020006000200D040300DC67002013
:10771000C4670020880C0700498C0200B86700206D
:10772000AD0C07006588020010B54FF4E131224826
:1077300007F07CF9204807F0D9F90028FAD01F4853
:1077400000F096FD20B11E491B4808F063FDFEE7DE
:107750001C49194808F05EFD1B4B1C682368204635
:107760009B68984720B91949134808F053FDFEE774
:10777000174B18680368C8219B6898472368154908
:10778000DB6B2046984723681349DB6A20469847FD
:107790001249114801F0ACFA23680F491B6D2046CD
:1077A0009847236820465B6D98470D490248BDE81D
:1077B000104008F02FBD00BF60760020E867002071
:1077C000010E07001C0E0700E80F07002D0E070032
:1077D0002C110700410E0700C4670020B867002085
:1077E000590E070010B586B0C3688DF80F101868E1
:1077F000012203680092DC680DF10F010DF11703FF
:10780000A0479DF8170006B010BDF8B5427A03688E
:1078100004460E46CFB29B680D0A62B939469847B6
:10782000236860F307069B6829462046984760F363
:107830000F26B0B2F8BD29469847236860F30F269B
:107840009B6839462046984760F30706F1E713B571
:10785000C368186803680092DC680B46A04702B052
:1078600010BD70477047C368186810B103685B6843
:1078700018477047704773B543686D469942044690
:1078800085E806000E4604D1BDF8042003899A421B
:107890000FD0E3689DF80420186808213BF0D1FB65
:1078A000E368314618683BF0E9FB0098AB886060FC
:1078B000238102B070BD10B5142104463FF050FA88
:1078C000204610BD37B5C5680446B5B904203FF061
:1078D0002FFAE060056054203FF02AFA4FF0FF33A2
:1078E000009394F9102094F9123094F91110054680
:1078F0003BF062FBE3681D6002E02B68002BEAD0DE
:1079000003B030BD10B5044606F0E0FF84423BBF33
:107910002401024B4FF0FF30185710BD14600020B7
:1079200038B50A20FFF7EEFF05460B20FFF7EAFF08
:1079300004460920FFF7E6FF094B0A4A1A604FF494
:107940008071002219815A60DA6098741D745C7429
:107950001846054A0549BDE838403EF0DABF00BF89
:10796000146800207C0E070000600020757802007B
:107970000020704770470368C9B21B681847490068
:107980000023C161C0F82C327047036801211B6BD2
:10799000184710B403689C6B0123A4465DF8044BA0
:1079A0006047D0F82C32B3F5807F1FBF5A1CC0F857
:1079B0002C22C01880F82C1114BF01200020704721
:1079C000D0F8280170477047C0F830127047C0F8EF
:1079D000341270470346D0F82801A8B1D3F8282103
:1079E00082B1D3F824211A4492F82000D3F824213C
:1079F0000132D2B2C3F82421D3F82821013AC3F8C6
:107A0000282170474FF0FF307047D0F828312BB154
:107A1000D0F82431184490F8200070474FF0FF3020
:107A20007047000010B5044B0360044600F50E706B
:107A30003FF0EEFC204610BDD00E070038B50446DE
:107A4000A8203FF075F994F9192094F9181005460B
:107A50003BF0D0F9656138BD70B5054688B0482067
:107A60000E463FF065F995F9192095F9181004466E
:107A70003BF0FAF920462C6171003BF011FA0C4BF7
:107A800007930C4B029300230393019501AB93E8FA
:107A9000070004AC84E80700214605F50E703FF0AE
:107AA00025FC079B13B19B682046984708B070BD22
:107AB000B00E07007F7C02000B6803604B684360D8
:107AC0008B688360704738B5D0F82C3214461A445E
:107AD000B2F5807F88BFC3F58074054600F59670C7
:107AE0002246184446F09AFDD5F82C322344C5F8B6
:107AF0002C32204638BD38B5044640690D4608B1E1
:107B00003BF09CF8206920B12946BDE838403BF0A5
:107B1000C5B938BD38B50446406910B10368DB68A3
:107B2000984723696BB104F50E7528463FF04EFC6B
:107B300028463FF095FC20694821BDE838403FF0D9
:107B40000FB938BD1FB50246D0F82C32D469406950
:107B500081F0010100913BB9012303AA21463BF0CA
:107B60009EF8C0B204B010BD02F5967221463BF0FB
:107B700077F8002814BF02200020F3E710B4D0E902
:107B8000013401686210E40701EB020048BF8A5823
:107B90005DF8044B48BFD3581847000073B54FF445
:107BA0007A730025C0E90153194B03600446C0E90C
:107BB00004550176427629464FF48072203046F013
:107BC00055FD144BC4F82051C4F838322946C4F886
:107BD0002451C4E98B55C4F82851C4F83452C4F870
:107BE000485204F51E703FF0D7FA04F523703FF0B9
:107BF00071FA04F50E76084B009330462B464FF48D
:107C0000006218213FF066FB204602B070BD00BF45
:107C1000D00E0700F8580700BC0E0700D0F8083156
:107C2000B3F5807F0DD0D0F80031C154D0F80031C9
:107C30000133DBB2C0F80031D0F808310133C0F8AD
:107C400008317047F0B5C3B083F0010300930646D6
:107C500015461346490002AA40693BF020F850B986
:107C600002AC67192036BC4206D014F8011B30461E
:107C7000FFF7D4FFF7E70025284643B0F0BD2DE914
:107C8000F0410446BCB000F12007002520693BF01C
:107C90000EF90328FAD8DFE800F03B021414D4F8F8
:107CA000343203B19847D4F82C2232B104F59671DE
:107CB00020693BF000F9C4F82C5220693BF003F92D
:107CC000E4E7C4F82051F022C4F824516946C4F80E
:107CD000285120693BF0EDF80026804646450BDA36
:107CE000D4F82831B3F5807F06D01DF80610384649
:107CF000FFF794FF0136F1E7D4F82831002BC5DDFA
:107D0000D4F83032002BC1D0D4F828019847BDE711
:107D100008F050FDBAE70000F8B50420FFF7F2FDC7
:107D200005460520FFF7EEFD104C114E2946114D7A
:107D300002462046FFF732FF3246294620463EF0F3
:107D4000E8FD1120FFF7DEFD07461020FFF7DAFD02
:107D5000094C024639462046FFF720FF32462946A5
:107D60002046BDE8F8403EF0D4BD00BF28680020A2
:107D700000600020257A02001C6B00206B234370FA
:107D80000A238370017009B942707047012908BF46
:107D90008270704710B50446FFF7F0FF012323718E
:107DA0004FF4FA63E3804FF4C873638140F2011328
:107DB000A381E381E382238340F2FF734FF4D07207
:107DC00063830A23228110216282A3836422002319
:107DD0002182A282A377E3842385204610BD000080
:107DE00038B5008A2DED028B400808EE101A45F0D8
:107DF00073FAF8EEC87A044617EE900A0D4645F07D
:107E00007DFA0CA3D3E9002345F0D0FA02460B46D5
:107E10002046294645F0CAFA0022054B45F0F0FB02
:107E200045F094FDBDEC028B38BD00BFAFF3008080
:107E300000408F4008AC1C5A643BAF3F07EE901ADD
:107E4000D0B5F8EEE77AC48817EE900AF52C17BF84
:107E50007D230224B4FBF3F4E4B245F04FFA002290
:107E60000A4B45F0A3FA064620460F4645F034FA81
:107E700002460B463046394645F098FA0022044B3C
:107E800045F0BEFB45F062FDD0BD00BF0080114053
:107E900000408F402DE9F8431E46037807460D4603
:107EA00014461BB1012B22D0002443E04178244822
:107EB000FFF765FD21462248FFF773FD2048FFF7D5
:107EC00064FD002839D1324679781D481C4FFFF7F0
:107ED00060FD2E443846FFF773FD0028E4D0B5421C
:107EE000E2D03846FFF776FD05F8010BF2E70021F6
:107EF0008078DFF8509008F0E7FC44F080011148EA
:107F0000FFF770FC05EB0608002445450AD0002168
:107F10004846FFF767FCFF2804BF0134E4B205F8C8
:107F2000010BF2E70121B878B4420CBF052400240C
:107F300008F0CAFC2046BDE8F8830124FAE700BF38
:107F40001C6B00201468002013B500230C46ADF80C
:107F5000043001A90223FFF79DFF9DF805209DF83D
:107F6000043043EA0223238002B010BD13B5282257
:107F70000DF106010446FFF7E7FF40B105280BBFEE
:107F8000E38C238D013301330CBFE3842385BDF9DA
:107F9000060002B010BD10B50446FFF7E7FF01462A
:107FA0002046BDE81040FFF71BBF13B52A220DF194
:107FB00006010446FFF7C8FF40B105280BBFE38C5C
:107FC000238D013301330CBFE3842385BDF9060003
:107FD00002B010BD10B50446FFF7E7FF014620468A
:107FE000BDE81040FFF7FCBE13B52C220DF10601D1
:107FF0000446FFF7A9FF40B105280BBFE38C238D92
:10800000013301330CBFE3842385BDF9060002B0C0
:1080100010BD10B50446FFF7E7FF01462046BDE856
:108020001040FFF7DDBE13B522220DF10601044614
:10803000FFF78AFF40B105280BBFE38C238D013386
:1080400001330CBFE3842385BDF9060002B010BDE7
:1080500010B50446FFF7E7FF01462046BDE8104093
:10806000FFF7ECBE13B524220DF106010446FFF71D
:108070006BFF40B105280BBFE38C238D0133013327
:108080000CBFE3842385BDF9060002B010BD10B516
:108090000446FFF7E7FF01462046BDE81040FFF722
:1080A000CDBE13B526220DF106010446FFF74CFFA5
:1080B00040B105280BBFE38C238D013301330CBF86
:1080C000E3842385BDF9060002B010BD10B5044657
:1080D000FFF7E7FF01462046BDE81040FFF7AEBEC0
:1080E0002DE9F041077805468846144647B1012F2F
:1080F00026D00026344688F800403046BDE8F0819E
:1081000041781B48FFF73BFC21461948FFF749FC23
:108110001748FFF73AFC6978154D061C4FF001022D
:10812000134818BF0126FFF734FC3C462846FFF7EA
:1081300047FC0028DFD02846FFF74CFCC4B2F5E727
:108140000021807808F0C0FB44F080010948FFF767
:1081500049FB00210748FFF745FB39460446A8784C
:1081600008F0B2FBFF2C14BF00260526C3E700BFB2
:108170001C6B00201468002037B5044601210F2035
:1081800008F062FB1E4B40F20332C3F820270121A6
:108190000F2008F099FB0A2008F0FCFA2578FDB1C1
:1081A000012D21D000238DF8063042F210739DF886
:1081B0000620013B0132D2B29BB28DF80620002B83
:1081C000F5D10F220DF107012046FFF789FF9DF839
:1081D00007006938012894BF0020012003B030BD9A
:1081E0000848FFF72BFCDDE70748FFF76BFB294644
:1081F000A07808F029FB2946A07808F065FBD1E7B4
:10820000000300501C6B002014680020F8B50578AE
:1082100004460F4616461DB1012D14D0002011E072
:1082200041781148FFF7ABFB39460F48FFF7B9FB20
:1082300031460D48FFF7B5FB0B48FFF7A6FB0030B2
:1082400018BF0120F8BD0021807808F03DFB3946B9
:108250000648FFF7C7FA31460448FFF7C3FA294634
:10826000A07808F031FBD9E71C6B002014680020CF
:1082700073B5054600268DF80560FFF77DFFAA7BE4
:108280008DF80560012A044657D1AB8A642B1ED0B5
:10829000C82B1ED0322B02D103238DF805302A8A39
:1082A0009DF80530042A17D0082A1AD0022A1BD1BB
:1082B0006A8A9DF80530B2F5D07F71D01ED81A2A8F
:1082C00068D014D80D2A34D043F0400333E00223A1
:1082D000E3E78DF80520E2E743F008038DF8053069
:1082E000E6E743F00C03F9E743F00403F6E7342A2A
:1082F00053D0D02AE8D143F050031CE040F602519D
:108300008A4253D00AD840F241318A424BD040F2DF
:108310007C618A42D8D163F07F030CE041F60421EE
:108320008A4246D043F212418A42CDD163F04F03D4
:1083300001E043F010038DF805309DF80520102171
:108340002846FFF763FF13220DF105012846FFF7CA
:10835000C7FE9DF80530EA7B03F07F03012A8DF804
:10836000053004BF63F07F038DF805309DF80520CC
:1083700013212846FFF74AFF00238DF805302B799B
:10838000012B34D1EB88F52B21D015D87D2B1BD0B8
:108390000C231AE043F02003CDE743F03003CAE793
:1083A00043F06003C7E743F07003C4E763F06F0373
:1083B000C1E763F05F03BEE7B3F5FA7F42D0B3F5E0
:1083C0007A7FE5D1082300E002238DF805302A8961
:1083D0009DF80530D02A4ED036D81A2A42D0342AF9
:1083E00043D00D2A44D143F010038DF805309DF899
:1083F000052011212846FFF709FF0F220DF1060184
:108400002846FFF76DFE2B7E012B05D19DF8063027
:10841000692B39D110232B8495F822307BB1192296
:108420000DF107012846FFF75BFE9DF80720192193
:1084300042F0200228468DF80720FFF7E7FE20468D
:1084400002B070BD0423C0E740F241318A4215D02A
:1084500040F27C618A4214D0B2F5D07F08D143F05B
:108460006003C2E743F02003BFE743F03003BCE7FB
:1084700043F04003B9E743F05003B6E743F070031D
:10848000B3E763F07F03B0E76A2BC5D14FF4807385
:10849000C1E7704710B55C2104463EF061FC204600
:1084A00010BD00000A4A02601F210022C0E9092114
:1084B000C0E90B228286C0E90E220264A0F84420A3
:1084C00080F84620C0E91222C0E91522704700BF9B
:1084D000280F070000231F22C0E90A23036380F846
:1084E0003530C0E90E33036480F84630C0E91233FA
:1084F000C0E9153370478B6A8362CB6AC3620B6B2A
:10850000036391F8343080F8343091F8353080F8D6
:1085100035308B6B8363CB6BC3630B6C0364B1F837
:108520004430A0F8443091F8463080F846308B6CE7
:108530008364CB6CC364B1F85030A0F850304B6DFD
:1085400043658B6D8365704708B5FFF7D4FF08BDA1
:1085500070B5054686B068460E4603F04DFCEC6CDF
:108560006846002CCCBF0234002403F084FC0230A7
:10857000241AA86A241808D4AC62AE64684603F0D2
:108580007AFCE864012006B070BD0020FBE710B55E
:10859000036C1BB190F8464084B90233941C1B1B3A
:1085A000846A1B1958BFC0E90F124FF000045BBF6B
:1085B00080F8464083622046012010BD0433EDE779
:1085C00030B5046C1CB190F846508DB902341D1DB5
:1085D000641B856A64195FBFC0E90F230123A0F8FB
:1085E000441080F8463056BF84620020184630BDE3
:1085F0000434ECE730B5846D002CCCBF0434002487
:108600001D1D641B856A64195DBFC0E91523A0F8B0
:1086100050108462002058BF012030BD70B505465F
:10862000806B0E4688B1047814B146F0DFFE841CDE
:10863000304646F0DBFE0230241AA86A24185DBFDB
:10864000AC62AE630120002070BD0446F0E790F8F4
:108650003530826A002B0CBF6FF0020300239B1899
:108660005FBF8362012380F8353080F8341054BF37
:1086700018460020704704307047406A704790F8F1
:108680003500704738B50446406AC0F11F03934275
:10869000154608DB0430204445F0C0FF626A2A44D6
:1086A0006262012038BD0020FCE770B50446406AD4
:1086B0000E461D4611460233C0F11F029A420FDBDF
:1086C00023186A1C1A71821C0630626220445E7193
:1086D0002A4645F0A3FF636A2B446362012070BD04
:1086E0000020FCE770B586B00546684603F084FBC1
:1086F000684603F0C0FB022804466846CCBF062645
:10870000022603F0B6FB2346024631462846FFF711
:10871000CCFF06B070BD13460A46FF21FFF7C5BF68
:1087200030B589B0054610461C46ADF800101A4613
:1087300001460DF1020045F071FFA31C6A46FF21BE
:108740002846FFF7B2FF09B030BD30B589B0054605
:1087500010461C46ADF800101A4601460DF1020005
:1087600045F05CFFA31C6A4616212846FFF79DFFD3
:1087700009B030BD07B501238DF807100DF10702D0
:108780001946FFF792FF03B05DF804FB70B505468C
:1087900010460E46144646F029FE22460346314650
:1087A0002846BDE87040FFF780BF70B50546084613
:1087B0000C4646F01BFE1D2807D9224628461D23DD
:1087C0000821BDE87040FFF770BF22462846092106
:1087D000BDE87040FFF7DABF38B5C16A002305462F
:1087E000436229B1026B1AB1BDE83840FFF74ABFB6
:1087F00095F835307BB395F834102846FFF7BAFF6B
:108800000446A96C21B12846FFF76CFF0440E4B28E
:10881000E96B61B12B6C53B195F84620EAB10A4679
:108820002846B5F84410FFF77BFF0440E4B26A6DB8
:1088300042B1AB6D33B1B5F850102846FFF785FF54
:108840000440E4B2A96B21B12846FFF7AEFF044013
:10885000E4B2204638BD0124D3E71A462846FFF784
:108860005AFFE2E70C4B10B504460360406838B18C
:1088700000F06CFA20B9606810B103685B68984733
:10888000A06838B100F0DFFF20B9A06810B103681C
:108890005B689847204610BD380F070010B50446A6
:1088A000FFF7E0FF20460C213EF05AFA204610BDAB
:1088B000064B10B5C0E9003100230446836011B1B6
:1088C000084600F03EFA204610BD00BF380F0700F2
:1088D000064B10B5036000230446C0E9013111B115
:1088E000084600F0ABFF204610BD00BF380F070060
:1088F0002DE9F3410446542098460E4617463EF0B3
:1089000017FA9DF820300093054643463A46314613
:1089100000F0F0FA29462046FFF7CAFF204602B0D1
:10892000BDE8F0810346406808B100F083BA98685A
:1089300008B101F001B87047406870477047000007
:10894000024B186803681B69184700BFD81207005C
:10895000024B186803685B69184700BFD81207000C
:1089600010B4054B01791B681A685469421D1846FA
:1089700023465DF8044B18472C11070010B50B4B2C
:108980000446186821790368621D9B6A98474FF670
:10899000FF739842014606D0054B18680268BDE88F
:1089A0001040926A104794F94B0010BD2C1107003B
:1089B000D812070010B54C2104463EF0D1F92046EC
:1089C00010BD000010B58AB04B7903938B790293E8
:1089D000CB7901930B7A009304464B7A8A7A054946
:1089E00005A846F079FC05A9204607F05AFD204667
:1089F0000AB010BD400F070007B5002306226946E4
:108A000005300093ADF8043045F0FAFD003018BF92
:108A1000012003B05DF804FB08B502790B799A4296
:108A200008D106220531053045F0EAFDB0FA80F0A4
:108A3000400908BD0020FCE710B50A4B0446186841
:108A400003681B699847236820461B6A984740B112
:108A5000054B217918680368621D5B6BBDE8104007
:108A6000184710BDD81207002C11070008B502796D
:108A70000B799A4208D106220531053045F0C0FD38
:108A8000003018BF012008BD0120FCE7064A026043
:108A90007F210022C272027380F84B10C0F80520BB
:108AA000A0F80920704700BF680F070010B50171DA
:108AB0000021C1720173064C04607F2180F84B10C5
:108AC0001168C0F805109288A0F8092010BD00BFF9
:108AD000680F0700F8B50F461249064607F0E1FC9B
:108AE000397B0024A1421ADD3B19A21C5D7B9B7BD4
:108AF000083B012B05F1FF350FD82946304607F01A
:108B0000A4FC0F343C440027BD4208DD14F8011BCF
:108B1000304607F052FD0137F6E7AC18E2E7304681
:108B2000F8BD00BF585207002DE9F04F85B08846C8
:108B300022490192834607F0B4FC0024A14698F82C
:108B40000C30A34235D908EB0403671CFFB25E7BEF
:108B500008EB07035B7B9A1E012A25D9063B012BF4
:108B600024D8102505FB05F30234009358FA84F449
:108B70004FF0000A731EEAB2534517DD019989458B
:108B80000CD1114604F10D000393029203F076F923
:108B90000146584607F0B0FCDDE90223009909F1CF
:108BA0000109AA440C44E7E70225DBE73E44F4B29E
:108BB000C5E7584605B0BDE8F08F00BF5852070022
:108BC00010B500220446FFF7AFFF204610BD08B5E0
:108BD000134602798A4208D106221946053045F02B
:108BE0000FFDB0FA80F0400908BD0020FCE710B589
:108BF0000446012000FA01F1E1722273194604F1E2
:108C00000D0045F00BFD9DF9083084F84B3010BD88
:108C100070B50D461146C27A42F010020446C27287
:108C2000007B0D302A4620441E4645F0F7FC237B8E
:108C300084F84B601D44257370BDC37A13F0180F80
:108C400014BF0120002070470C4B10B50446036090
:108C5000406838B100F07AF820B9606810B1036854
:108C60005B689847A06838B100F0EDFD20B9A068B6
:108C700010B103685B689847204610BD9C0F070041
:108C800010B50446FFF7E0FF20460C213EF068F8DF
:108C9000204610BD064B10B5C0E900310023044644
:108CA000836011B1084600F04CF8204610BD00BFAB
:108CB0009C0F070070B5044630200E463EF038F891
:108CC0003146054600F0F4FC29462046FFF7E2FF56
:108CD000204670BD0346406808B100F029B8986886
:108CE00008B100F0A9BD0148704700BF5852070005
:108CF000406808B100F01ABD70474068704770477F
:108D00000020704710B5202104463EF029F8204687
:108D100010BD000010B5054B044640F8043B03F0BD
:108D20006BF80023E361204610BD00BFAC0F0700C5
:108D3000043003F09CB8043003F09BB8043003F017
:108D40009AB8C3690133C36118467047C369013BD0
:108D5000C3611846704742F60300704790F8200040
:108D6000704790F821007047406A7047806A7047EA
:108D7000808D70472DE9F041436A9A42A8BF1A4698
:108D80000446828592B2806A0F4645F047FC94F80B
:108D90002E300BB1636AA38594F8203098060FD566
:108DA000A28E91070CD51F4B218E186803685D6D4C
:108DB0000131A38DA26AAC4689B2BDE8F04160479B
:108DC000DA0609D5A38EDB0706D5164B218E186867
:108DD000036801311D6DECE794F83230F3B1124BAA
:108DE0001868036821465B6A9847104B1D682B681A
:108DF00001461E6BA38D3A462846B047094B1868BA
:108E000003681B6B984748B9094B186803689B684F
:108E1000984718B12B6828465B6D9847A08DBDE830
:108E2000F08100BF2C11070078120700E80F07003F
:108E30002C12070038B5054608460C4646F0D6FA0F
:108E4000214602462846BDE83840FFF793BF018619
:108E50007047008E7047008E013080B27047806B83
:108E60007047836B994208D2C36B0022914202D0B3
:108E70005B680132FAE7186870470020704700000D
:108E800030B5114B03600B7903710B4601F14904B6
:108E900053F8052FC0F805209B88A0F80930CB7A3D
:108EA000C3720B7B037300F10D0201F10D0353F844
:108EB000045B42F8045BA342F9D11B88138091F94B
:108EC0004B3080F84B3030BD680F070038B5044692
:108ED00008200D463DF02CFF0023C0E900536368D5
:108EE0002BB960602368A0600133236038BDA3689C
:108EF0005860F7E770B504461D461646FFF70AFFAF
:108F0000B5F5007F194B23602B46A8BF4FF40073C3
:108F1000002163629DF810302684A18584F82E30EC
:108F20002163A186C4E90E112164102204F14400DA
:108F300045F09CFB16F0300F11D02C203DF0F8FED0
:108F40000B490646022304F1340200F0D7F83046FC
:108F5000FFF7F7FE314604F13800FFF7B7FF284668
:108F600045F0EAFAA062204670BD00BFC80F0700B6
:108F7000B80F070070B50446406800252368AB426F
:108F800006D9466808213DF0EBFE01353046F5E78D
:108F90000023C4E90033A36070BD0000154B70B519
:108FA000044603600025A36B9D4212D2E36B0022AE
:108FB000954202D05B680132FAE71E683046FFF73F
:108FC000C5FE20B91EB1336830465B68984701354D
:108FD000E9E704F138052846FFF7CCFFA06A08B19D
:108FE00045F0B2FA2846FFF7C5FF2046FFF787FE97
:108FF000204670BDC80F070010B50446FFF7CEFF2E
:10900000204654213DF0ACFE204610BDF0B5C56CA5
:1090100097B0044617461E467DB103A8FFF730FF00
:1090200021466846FFF744FC694603A8A8476846FE
:10903000FFF718FC03A8FFF781FCA16A1C9A3944CA
:10904000304645F0EBFA17B0F0BD70B504460E4659
:109050001146012280F8332096B01A46FFF78AFEA7
:10906000256D85B1314603A8FFF70AFF2146684602
:10907000FFF71EFC694603A8A8476846FFF7F2FB06
:1090800003A8FFF75BFC16B070BD30B5838E02F00D
:109090000302934297B0044617D08286002A0CBF81
:1090A00044224022024455687DB103A8FFF7E8FE40
:1090B00021466846FFF7FCFB694603A8A8476846B7
:1090C000FFF7D0FB03A8FFF739FC17B030BD4FF412
:1090D0002450704710B5034B03600446FFF70FFEA2
:1090E000204610BDDC0F070010B50446FFF7F2FF65
:1090F00020462C213DF034FE204610BD70B50446BC
:109100001D461646FFF706FE064B2360B5F5007FA9
:10911000A8BF4FF4007500232662656223852046B0
:1091200070BD00BFDC0F0700406A7047006A7047DF
:1091300001857047024B186803681B69184700BF18
:10914000D8120700024B186803685B69184700BF14
:10915000D812070010B5064B186803681B699847BA
:10916000044B18680368BDE810401B6B184700BF2C
:10917000D81207002C11070010B5064B18680368B9
:109180001B699847044B18680368BDE81040DB6B07
:10919000184700BFD81207002C110700024B1868AF
:1091A00003689B6C184700BF2C1107000C307047F8
:1091B00068307047024B186803681B69184700BF86
:1091C00078120700024B186803685B69184700BFF4
:1091D00078120700024B186803689B69184700BFA4
:1091E00078120700024B186803681B69184700BF14
:1091F0002C120700024B186803685B69184700BF10
:109200002C120700024B186803685B6A184700BFFE
:109210002C12070010B5074B0446186803681B6939
:109220009847054B19680B682046DB6C9847204629
:1092300010BD00BFD81207002C11070010B5074B56
:109240000446186803681B699847054B19680B6842
:1092500020469B6A9847204610BD00BFD8120700E1
:109260002C120700024B18680368DB6A184700BF1E
:109270002C120700024B186803689B69184700BF4F
:10928000BC140700024B18680368DB69184700BF6D
:10929000BC140700024B186803681B6B184700BF1B
:1092A0002C120700024B18680368DB68184700BFE0
:1092B0002C110700024B186803681B6A184700BF8F
:1092C000BC140700024B186803685B6A184700BFAC
:1092D000BC140700024B1B68C3F8F010704700BFB6
:1092E000D8120700024B1B68C3F8F810704700BF84
:1092F000D8120700024B1B68C3F8F410704700BF78
:10930000D8120700024B1B68C3F8EC10704700BF6F
:10931000D8120700024B1B68C3F8FC10704700BF4F
:10932000D8120700024B1B68C3F80011704700BF3A
:10933000D8120700024B18680368D3F89C3018470E
:10934000D8120700024B18680368D3F8A0301847FA
:10935000D8120700F0B52A4B1D682B6887B0044669
:109360009B6828469847064620B923682046DB6854
:1093700098470DE0642007F00DFA2B6828469B699A
:109380009847064638B123682046DB689847002690
:10939000304607B0F0BD05AA2B6801920DF112020C
:1093A0000092DF6904AA0DF10E030DF10D012846AC
:1093B000B8470028D9D12B684FF0FF32D96A284628
:1093C0006FF0404388470028CFD12B6840F2FF322E
:1093D000196B28460023884706460028D3D12B68FE
:1093E0000DF10F025B6B0DF116012846984700281E
:1093F000BBD1044B186803689B6898470126C7E7F0
:10940000D8120700781207000A4B10B504461868F6
:109410000368DB689847084B18680368DB6898475F
:1094200004F10C00FFF756F804F16800BDE81040A5
:10943000FFF750B878120700D812070010B58CB0AB
:1094400000230593ADF81830104B044618680368E4
:1094500005A91B6A98479DF8143003939DF81530B1
:1094600002939DF8163001939DF8173000939DF8F4
:1094700019209DF81830064907A845F02DFF07A9C7
:10948000204607F00EF820460CB010BDD812070099
:10949000400F07000C30FFF75BB870B50368044657
:1094A00008469D6AFFF716FC2B4601462046BDE89C
:1094B000704018470C30FFF79DB80C30FFF767B8C5
:1094C0000C30FFF77DB86830FFF7A8B86830FFF7B9
:1094D0003BB810B500F10C042046FFF735F82046E4
:1094E000FFF7CDF828B920460621BDE81040FFF768
:1094F000AEB810BD2DE9F74300F10C050446683401
:109500002846FFF769F92046FFF766F90E4B1E68FB
:1095100033682846DF68FFF7AEF880462846FFF735
:10952000ACF805462046FFF7A6F881462046FFF72F
:10953000A4F8C0B200904B46EAB241463046B84764
:1095400003B0BDE8F08300BF2C1207007FB5094BC4
:109550001C682368164601A89D6906F0C3FF3246C1
:1095600001A92046A847044601A806F04FFF20465F
:1095700004B070BD2C1207007FB5094B1C6823682E
:10958000164601A8DD6906F0ADFF324601A9204666
:10959000A847044601A806F039FF204604B070BD74
:1095A0002C1207007FB5094B1C682368164601A8DA
:1095B0001D6A06F097FF324601A92046A8470446D7
:1095C00001A806F023FF204604B070BD2C1207004E
:1095D00002290BBF044B054B186818680BBF0368C2
:1095E00003685B6B9B6D18472C1207002C1107005A
:1095F00038B50446084B44F80C3B05462046FEF7B8
:1096000051FF05F16800FEF74DFF06212046FFF7E8
:109610001EF8284638BD00BFF40F070010B5054CF2
:109620002046FFF7E5FF2046034A0449BDE8104005
:109630003DF06FB9106E00200060002041960200DE
:1096400010B5064B044640F8683BFEF722FF04F1D4
:109650000C00FEF71EFF204610BD00BFF40F0700F0
:1096600010B50446FFF7ECFF2046C4213DF078FB1F
:10967000204610BD10B50B4B19680B6894B001A8BB
:10968000DB6C984701A8FFF7B7F948B101A8FFF7CD
:1096900075F9044601A8FFF751F9204614B010BD32
:1096A0007F24F7E72C1107004FF42050704700008B
:1096B00010B50446FFF72EFB044B23600023C4E9DA
:1096C0000833C4E90A33204610BD00BFC0100700AC
:1096D000018442847047008C7047408C7047406A18
:1096E0007047436A994208D2836A0022914202D0AD
:1096F0005B680132FAE7186870470020704738B598
:10970000044608460D46FFF71CFB08203DF010FB01
:109710000023C0E90053A36A2BB9A062636AE06228
:109720000133636238BDE36A5860F7E710B5044659
:109730000846FFF701F9014620B12046BDE8104078
:10974000FFF7DDBF10BD70B50446406800252368F3
:10975000AB4206D9466808213DF002FB0135304690
:10976000F5E70023C4E90033A36070BD10B50446DB
:109770002430FFF7E8FF0023236210BD134B70B5C0
:10978000044603600025636A9D4212D2A36A002248
:10979000954202D05B680132FAE71E683046FFF757
:1097A000D5FA20B91EB1336830465B689847013559
:1097B000E9E72046FFF7DAFF04F12400FFF7C3FFD3
:1097C0002046FFF79CFA204670BD00BFC01007007E
:1097D00010B50446FFF7D2FF204630213DF0C0FA15
:1097E000204610BD10B5044B044640F8043B06F07B
:1097F0000DFE204610BD00BFD410070010B5044672
:10980000FFF7F0FF204614213DF0AAFA204610BDD4
:1098100038B504462546074B45F8043B0846114633
:1098200002F02CFB0146284606F03BFE0023236194
:10983000204638BDD41007004068704703690133E3
:109840000361184670470369013B0361184670477E
:1098500038B504461D46FFF7DBFF0C4B2360BDF80F
:109860001030E382BDF814302383BDF818306383D1
:109870004FF480720023A582C4E90733A284C4E9AF
:109880000A33C4E90C33204638BD00BFE41007009A
:109890002DE9F0439846274B1E68336885B004468F
:1098A0000F469B6B818A30469146984718B9002035
:1098B00005B0BDE8F0833368A18A5B6C30469847F9
:1098C000033885B24D45A8BF4D462946E06945F0AD
:1098D000DDFBE0610028EAD0237E1A071CD5B8F131
:1098E000000F19D003AA33680192EAB20092D3F8AC
:1098F0006080628BA18A3B463046C0470028D7D0A3
:109900009DF80C30012BD2D02A463946E06944F04C
:1099100085FE25620120CBE75B07C8D53368A18AA5
:10992000EAB20092D3F86480628B3B463046C0476F
:10993000EAE700BF2C11070070B505460846164639
:109940000C4645F053FD3346024621462846BDE805
:109950007040FFF79DBF408B704738B504460846FE
:109960000D46FFF76BFF08203DF0E2F90023C0E948
:109970000053E36A2BB9E062A36A20630133A36258
:1099800038BD236B5860F7E770B504464068002582
:109990002368AB4206D9466808213DF0E1F901355C
:1099A0003046F5E70023C4E90033A36070BD0368C7
:1099B0008B4208D9436800228A4202D05B68013298
:1099C000FAE718687047002070470000F8B50546B0
:1099D000134B45F8283B04460026A36A9E420ED24C
:1099E00031462846FFF7E3FF0746FFF72CFF20B973
:1099F0001FB13B6838465B6898470136EDE728465B
:109A0000FFF7C2FFE06918B144F09EFD0023E36157
:109A10002846FFF7B9FF2046FFF7E4FE2046F8BDD1
:109A2000E410070010B50446FFF7D0FF20463821A8
:109A30003DF096F9204610BD70B50446036296B01D
:109A40000D46C0691946164645F020FBE06110B985
:109A5000206216B070BD01233146A384226A44F00F
:109A6000DDFD666B002EF4D0194B03932B798DF836
:109A700010302B4605F1490153F8052FCDF8112080
:109A80009B88ADF81530EB7A8DF817302B7B8DF86D
:109A900018300DF1190205F10D0353F8040B42F8CB
:109AA000040B8B42F9D11B88138095F84B308DF84D
:109AB000573021466846FEF70BFF694603A8B047BA
:109AC0006846FEF7CFFE03A8FEF738FFC1E700BFE8
:109AD000680F0700074B10B504460360806918B192
:109AE00044F032FD0023A3612046FFF77BFE2046B1
:109AF00010BD00BFF410070010B50446FFF7EAFFE1
:109B0000204620213DF02CF9204610BD38B50446F2
:109B10001D46FFF77DFE054B2360BDF81030E38244
:109B20000023A582C4E90633204638BDF41007009F
:109B3000034A02600022C0E90122C260704700BFF0
:109B40000411070038B5044608460D46FFF776FEB7
:109B500008203DF0EDF80023C0E90053A3682BB9BD
:109B6000A0606368E0600133636038BDE3685860FB
:109B7000F7E7406870474368994208D2836800223B
:109B8000914202D05B680132FAE718687047002002
:109B9000704770B50446406800252368AB4206D97B
:109BA000466808213DF0DCF801353046F5E7002332
:109BB000C4E90033A36070BD70B506460024736825
:109BC0009C4212D2B3680022944202D05B680132F8
:109BD000FAE71D682846FFF736FE20B91DB12B684D
:109BE00028465B6898470134E9E7301DFFF7D1FF4D
:109BF00070BD000038B50446054B44F8043B0546EB
:109C0000FFF7DAFF2046FFF7C4FF284638BD00BF44
:109C10000411070010B50446FFF7ECFF20461021A1
:109C20003DF09EF8204610BD38B504461D46FFF7AE
:109C3000EFFD084B2360BDF81030E382A582064992
:109C400004F1180006F02DFC0023C4E90933E36297
:109C5000204638BD1411070058520700808A70470B
:109C6000C08A7047406A7047436A994208D2836A43
:109C70000022914202D05B680132FAE7186870470F
:109C80000020704738B5044608460D46FFF7D6FD5C
:109C900008203DF04DF80023C0E90053A36A2BB91A
:109CA000A062636AE0620133636238BDE36A5860B0
:109CB000F7E770B50446406800252368AB4206D933
:109CC000466808213DF04CF801353046F5E70023A1
:109CD000C4E90033A36070BD154B70B50446036042
:109CE0000025636A9D4212D2A36A0022954202D0E7
:109CF0005B680132FAE71E683046FFF7A4FD20B921
:109D00001EB1336830465B6898470135E9E704F1D6
:109D100024052846FFF7CDFF2846FFF7CAFF04F1C8
:109D2000180006F073FB2046FFF75CFD204670BD6F
:109D30001411070010B50446FFF7CEFF204630216E
:109D40003DF00EF8204610BDA0F8A8107047C0F8EE
:109D5000AC1070472DE9FF41013A13F8014BD6B220
:109D60000268CDE90233526C05460F4690470C2C31
:109D700002462968029B79D02FD8052C69D01AD8C1
:109D8000022C60D00BD8012C53D006230093D1F8BD
:109D9000DC600023224639462846B0476EE0032C9B
:109DA00054D0042CF1D10093D1F894403346394675
:109DB0002846A04762E0092C52D007D8062C4BD089
:109DC000082CE2D10093D1F8A440EFE70A2C4DD043
:109DD0000B2CDAD1D1F8B4402DE0162C51D00FD88D
:109DE000112C40D005D8102CCFD10093D1F8B84019
:109DF000DCE7122C18D0132CC7D1D1F8C8401AE0D8
:109E00001D2C04D00CD8182C3FD01B2CBDD1009396
:109E1000D1F8D4803346224639462846C0472DE043
:109E20001E2C36D0522CB0D1CDE90063D1F8C460DD
:109E300020E0D1F88440324639462846A44604B092
:109E4000BDE8F0416047D1F88840F4E7D1F8904090
:109E5000F1E7D1F89C40EEE70093D1F8A040A5E7E8
:109E6000D1F8AC40E7E7D1F8C040E4E7CDE90063C2
:109E7000D1F8B060234639462846B04704B0BDE863
:109E8000F0810093D1F8CC4090E70093D1F8D04016
:109E90008CE7D1F8D840CEE700F18C034FF6FF7283
:109EA000B0F8B010914204D11C309842F8D1002093
:109EB00070470120704708B503689B6A98474FF6C2
:109EC000FF73C01A18BF012008BD000038B50A4B47
:109ED0000446186803681B690D469847204604F13C
:109EE0008C03B0F8B020AA4204D01C309842F8D1BC
:109EF000002038BD0120FCE7D812070000F18C03D8
:109F000090F9C820002A04DB1C309842F8D10020C8
:109F100070470120704770B5002300F1B0041C2584
:109F200005FB03F2A65A8E4203D11044B0F8C000DC
:109F300070BD0133052BF3D11720F9E71FB5ADF83C
:109F40000D200268009302248DF80C400323D2F800
:109F5000F04003AAA04704B010BD1FB5ADF809201A
:109F6000ADF80B30069A0368009204248DF808407F
:109F700002AAD3F8F0400523A04704B010BD1FB5D6
:109F8000ADF80B30BDF81830ADF80920ADF80D3044
:109F9000079A0368009210248DF8084002AAD3F8AB
:109FA000F0400723A04704B010BD1FB5ADF80B303B
:109FB000BDF81830ADF80920ADF80D30079A0368E8
:109FC000009208248DF8084002AAD3F8F040072335
:109FD000A04704B010BD012380F83C317047000059
:109FE0001FB5ADF80A309DF818308DF80C30084BCD
:109FF0008DF8092001208DF80800186802AA03686E
:10A000000092D3F8944004220523A04704B010BD69
:10A01000D812070001299CBF00EB8100C0F8542131
:10A0200070471FB5ADF80D20026800930A248DF823
:10A030000C400323D2F8F04003AAA04704B010BD9F
:10A04000F0B500231C2500F1B00605FB03F4375BD7
:10A050008F4204D00133052BF7D100200FE0B43438
:10A060000444911D14F8015B01F801599142F9D1A2
:10A070001C2202FB0303012093F8B3300B70F0BDE8
:10A0800010B5054B03600446D0F8400108B144F018
:10A090005BFA204610BD00BF3811070010B504461A
:10A0A000FFF7EEFF20464FF4AE713CF059FE20461C
:10A0B00010BD00002DE9F0431D4B1D688BB0062339
:10A0C0000F460421002490462A680097CDE9071323
:10A0D000C821CDE905410C21CDE90331CDE9018449
:10A0E0000646D2F854902346302260212846C847BD
:10A0F000D8B906F03DFB044606F03AFBD6F8AC3082
:10A10000001B98422B680DD21B692846984733687C
:10A1100042465B6B3946304698470028ECD00BB07E
:10A12000BDE8F083DB6D284698470020F7E700BFC5
:10A13000D8120700F8B503689B6A044698474FF6A3
:10A14000FF73984206461ED0104B1D682B680146CF
:10A15000D3F898302846984706F00AFB074606F0E1
:10A1600007FBD4F8AC30C01B98420CD22B682846B1
:10A170001B699847236831469B6B20469847002807
:10A18000EDD10120F8BD0020FCE700BFD812070088
:10A190002DE9F3410546089CA5F848111078C5F84B
:10A1A0004C41013085F84A01002085F850011948DA
:10A1B000066830680092D0F89480DBB20422304602
:10A1C0000F46C04724B306F0D3FA044606F0D0FA8F
:10A1D000D5F8AC30001B984214D2336830461B6966
:10A1E00098472B6839469B6B2846984750B195F89D
:10A1F00050010028EAD04FF6FF73A5F8483102B0AD
:10A20000BDE8F0814FF6FF73A5F848310020F6E76E
:10A210002046F4E7D81207002DE9F0479946036875
:10A220009B6A044698474FF6FF739842064604D14E
:10A230004FF000084046BDE8F08723680146D3F898
:10A24000E0302046984780460028F1D0002504F1F0
:10A25000B0031C2202FB05F7D95BB14234D127447D
:10A26000D7F8C4303BB910203CF062FD8246FFF7BE
:10A270005FFCC7F8C4A01C2303FB0545D5F8C450F8
:10A28000002DD5D02846B9F1000F21D1FFF794FC5D
:10A2900023682A46D3F8E47031464B462046B84737
:10A2A0000028C5D023682A46D3F8E8303146204636
:10A2B00098470028BCD023682A4631462046D3F868
:10A2C000EC30BDE8F04718470135052DC2D1AFE7A6
:10A2D000FFF74FFC002782465745D9DA3946284612
:10A2E000FFF749FCFFF7A8FA494645F059F800285E
:10A2F000A0D00137F0E7F0B5C5B004469DF828516D
:10A30000ADF80D200F4612218DF80C102A46194683
:10A310000DF10F0044F082F923684B9A0092D3F8B4
:10A32000F06003AAEB1C39462046B04745B0F0BDAB
:10A33000F0B5C5B004469DF82851ADF80D200F4684
:10A3400052218DF80C102A4619460DF10F0044F0E9
:10A3500065F9236800220092D3F8F06003AAEB1C91
:10A3600039462046B04745B0F0BD10B500F1C903ED
:10A3700000F2551033F8194C8C4201BF1C88148030
:10A380009C7894701C338342F4D1002010BD0000EF
:10A390002DE9F04196B004461C9E1F4600201C2368
:10A3A00004F1B00C4FF6FF7E03FB00F53CF805808E
:10A3B000F04505D001300528F6D116B0BDE8F08192
:10A3C0006019172380F8B220A0F8C030A0F8B010B0
:10A3D00080F8B37005F1B4033168E150E218B38836
:10A3E00093800DF10901721E731D12F8010F01F81F
:10A3F00001099A42F9D10F4B1868BA35036804EB8A
:10A400000508D3F89030424601A9984710B9605129
:10A41000A8F80400D4F85441002CCED03246394676
:10A4200003A8FEF743FB03A8A04703A8FEF786FA9C
:10A43000C3E700BFD81207002DE9F04106460F46DA
:10A44000904600F1B405002415F8013CBB420CD144
:10A4500006224146284644F0D3F830B91C2303FBBA
:10A460000464B4F8B000BDE8F0810134052C05F1B6
:10A470001C05E9D14FF6FF70F5E72DE9F0410646DE
:10A480000F46904600F1B405002415F8013CBB428C
:10A490000CD106224146284644F0B2F830B91C23BC
:10A4A00003FB0464D4F8C400BDE8F0810134052C3A
:10A4B00005F11C05E9D10020F6E738B54FF6FF722B
:10A4C00004460B460020B3F8B050954203D093F8F1
:10A4D000B250012D08D00130052803F11C03F2D140
:10A4E0002046FEF7D3FA0AE01C23434303F1B402EB
:10A4F0000B440A44204693F8B310FEF7D7FA2046DF
:10A5000038BD98B5B0F8A820D31DEC46DB08ACEBFD
:10A51000C30300AF9D460368D3F88C406B46A04749
:10A52000003018BF0120BD4698BD00002DE9F04F56
:10A5300087B002AF9146DFF890A0B96000F18C02BD
:10A540000546FA601C460026B5F8B080C7F804D06E
:10A550004FF6FF7398452BD0B5F8C030DA1D694629
:10A56000D208A1EBC202033B95469BB2A4B29C4227
:10A570004FF01B0228BF1C468DF80820BA68ADF8C2
:10A580000920494622460DF10B0044F047F8DAF85D
:10A5900000000DF1080B0268CDF800B0E31CD2F802
:10A5A00094B0DBB204224146D847D7F804D0013634
:10A5B000FB681C359D42C7D1002E14BF20460020E9
:10A5C0001437BD46BDE8F08FD81207002DE9F04FD3
:10A5D00087B002AFC7E9002100F5A072064600F17E
:10A5E000B405BA601C464FF0000935F804ACC7F852
:10A5F0000CD04FF6FF739A4542D0AB89DA1D6946FD
:10A60000D208A1EBC202033B95469BB2A4B29C4286
:10A610004FF01D0228BF1C468DF808207A68ADF85F
:10A620000920396822460DF10B0043F0F7FF0023A3
:10A6300086F83C31194BD3F800800DF1080BD8F89F
:10A640000020CDF800B0E31CD2F894B0DBB20422B5
:10A6500051464046D84796F83C316BB9D8F800309F
:10A6600040461B699847336815F8011C5B6B2A4606
:10A67000304698470028EED1D7F80CD009F10109EF
:10A68000BB681C35AB42B0D1B9F1000F14BF2046F6
:10A6900000201437BD46BDE8F08F00BFD812070078
:10A6A0002DE9F04F89B002AF042BFA603A6CC7F87D
:10A6B00008D0C7E9041014880AD003680422009265
:10A6C000D3F8DC502346A8471C37BD46BDE8F08FC1
:10A6D000FB6807336A46DB08A2EBC3039D460DF116
:10A6E000080805238DF80830002388F80130484B0E
:10A6F000013CD3F800A0A4B20225DAF8003050469D
:10A70000DB699847844258D23B6C5B88A34254D99A
:10A71000DAF8003021461B6A5046984703689B6868
:10A720008346984742F6030301349842A4B255D1B8
:10A730005846FEF790FB231A59425941DBF8003086
:10A7400079609B68584698477968024611B9B0F518
:10A75000245F45D15846C7E90012FEF7EFFAD7E962
:10A760000012022806460CBF0123022398F80100BC
:10A7700008B988F8013098F8010098421DD105F118
:10A7800002091FFA89F928F8054008EB090311B9F5
:10A79000B2F5245F27D158467B60FEF7CCFA7B6880
:10A7A00001463246184643F039FF09EB0605ADB2C3
:10A7B0000236FB682E44B3429FDA022D1CD17A691F
:10A7C0003B6C12681B880A210091D2F8DC40D7E963
:10A7D00004100422A047D7F808D075E70021ADE7A0
:10A7E00002260123C2E7DBF8003058469B689847F1
:10A7F000043528F80900DAE7064B18680368CDF835
:10A800000080D3F894403969EBB20422A047E2E714
:10A8100078120700D81207002DE9F04F89B002AF77
:10A82000052B3E6CC7F808D08346C7E9032134885E
:10A830000BD8036804220092D3F8DC50062223468A
:10A84000A8471C37BD46BDE8F08FFA680732694655
:10A85000D208A1EBC202954607228DF80820B288E3
:10A86000B2F5205F0DF1080A0DD0DBF80020338827
:10A870000A210091D2F8DC40396906225846A047E7
:10A88000D7F808D0DDE7063B9BB27B61274B013C44
:10A89000D3F80090B31DA4B201257B60D9F8003035
:10A8A0004846DB699847844232D27388A3422FD945
:10A8B000D9F8003021461B6A4846984703689B68D0
:10A8C00080469847B38883421BD14046FEF736FA4C
:10A8D0007B69984215D14046FEF72DFA7A6979686E
:10A8E00043F08EFE68B94046FEF7F5FE2AF80500F3
:10A8F0004046FEF7F2FEAB1C9BB204352AF803007B
:10A90000ADB2FA68EB1C9A4202DD0134A4B2C5E78D
:10A91000012DAAD0064B18680368CDF800A0D3F823
:10A9200094403969EBB20422A047A9E778120700E6
:10A93000D81207002DE9F04F89B002AF062BBA609C
:10A940003A6CC7F80CD081468B46158804D19388A1
:10A95000A3F52053012B0FD9D9F800301022009213
:10A96000D3F8DC402B4659464846A047D7F80CD0D0
:10A970001C37BD46BDE8F08FBB6807336A46DB086D
:10A98000A2EBC3039D4602AE11238DF808300023CD
:10A990007370364B013DD3F800A0ADB20224DAF853
:10A9A00000305046DB699847854247D23B6C5B8854
:10A9B000AB4243D9DAF8003029461B6A5046984723
:10A9C0003B6C02689B887B619268804690477B69FC
:10A9D000834230D14046FEF7B1F9022803460CBF4E
:10A9E000062314233B61737878610BB93B6973705C
:10A9F00073783A69934221D14046FEF76CFE30539A
:10AA00004046FEF76AFEA31C9BB20434A4B2F05287
:10AA1000331940467B60FEF78EF97B687A69014600
:10AA2000184643F0FBFD7B69BA681C443B69A4B23D
:10AA300023449A4202DB0135ADB2B0E7022C09D1C2
:10AA40003B6CD9F800201B880A210091D2F8DC4029
:10AA5000102288E7064B186803680096D3F89450D4
:10AA60000422E3B25946A84780E700BF78120700E6
:10AA7000D81207002DE9F04F89B002AF91463A6C29
:10AA8000C7F808D0062BC7E9031015880BD0036858
:10AA900004220092D3F8DC4008222B46A0471C3742
:10AAA000BD46BDE8F08F09F107036A46DB08A2EB5B
:10AAB000C3039D460DF1080809238DF808300023D3
:10AAC00088F801306D4B1B687B613B6C013D0433A2
:10AAD000ADB202247B607B6978691B68DB699847AB
:10AAE000854280F083803B6C5B88AB427ED97B697A
:10AAF00078691B6829461B6A984703689B68064665
:10AB000098473B6C9B888342336805F1010A1FFA22
:10AB10008AFA9B6830467AD1984742F603039842F6
:10AB20003DD13046FEF797F9824535D03046FEF7E5
:10AB300005F998F80120022803460CBF4FF0070BD7
:10AB40004FF0150B0AB988F801B098F801203B6066
:10AB50005A454BD128F804A03046FEF7FFF8A21C56
:10AB600092B2023508F80200E21C92B2304628F890
:10AB70000250FEF7E0F805343B68A4B208EB040588
:10AB80001A460146284643F049FD3B681C44A4B2DE
:10AB9000A344D9452ADB55460135ADB29BE733685E
:10ABA00030469B68984742F602139842F4D128F841
:10ABB00004A03046FEF7B8FA0234A4B2A9EB0409A7
:10ABC00080B21FFA89F9814528BF8146304608EBDB
:10ABD0000405FEF7ABFA4A4601464C44284609F103
:10ABE000020943F01BFDA4B288F80190022C38D171
:10ABF0003A693B6C12681B880A210091D2F8DC404C
:10AC0000D7E903100822A047D7F808D047E79847AC
:10AC100042F603039842BFD13046FEF78FF8022870
:10AC20008346B9D13046FEF786F85A460146786821
:10AC300043F0E6FC0028AFD128F804A03046FEF728
:10AC400097F80234A4B2A9EB04091FFA89F980B27B
:10AC5000814528BF8146304608EB0405FEF786F89B
:10AC6000B9E7074B18680368CDF80080D3F8945013
:10AC7000F968E3B20422A847C6E700BF78120700CC
:10AC8000D81207002DE9F043012B97B0044602AF1C
:10AC90000E461546E8460BD0036804220092D3F80E
:10ACA000DC4018220023A0475437BD46BDE8F0839E
:10ACB000B0F83E1141B33B6F1B78DB0724D5224B24
:10ACC0001868036801391B6A9847002281461C21D5
:10ACD00004F1B00001FB02F330F803C0B4452ED1FB
:10ACE00003F1B4022344224493F8B310381DFDF756
:10ACF000DDFE4846B4F84431D4F84021391DFEF752
:10AD0000A4F9381DFDF71AFE00230735A4F83E31DB
:10AD1000A4F84431ED086B46A3EBC5039D46192307
:10AD20008DF80830094B186802AA03680092D3F81E
:10AD30009440042201233146A047C546B4E70132BE
:10AD4000052AC7D1E0E700BF78120700D812070034
:10AD50002DE9F04F87B002AF032B04460D467A6011
:10AD60001E46C7F80CD00DD8036804220092D3F811
:10AD7000DC4016220023A047D7F80CD01437BD467C
:10AD8000BDE8F08FBB6B1B883B811FFA83F8BB6B60
:10AD9000B3F802B04B4BD3F80090D9F800304846D6
:10ADA000DB69984708F1FF318BB2834206D92368EB
:10ADB0000A220092D3F8DC60434620E0D9F8003044
:10ADC00048461B6A984703689B688146984742F645
:10ADD0000303984202D023680B22EAE74846FEF7B5
:10ADE0003AF840458246F6D14846FDF7B7FF0307DB
:10ADF0000AD4236803210091D3F8DC60534616225D
:10AE000029462046B047B7E7B4F83E31E3B9484693
:10AE10003B60FDF7A9FF01468246D4F8400144F0AB
:10AE200035F93B683A89A4F83E21C4F84001A4F8FA
:10AE300044315246194643F019FCB4F844315B459D
:10AE400007D023680722B4E75345F6D023680E21C4
:10AE5000D1E7331F5FFA83FA0BEB0A024846BA6068
:10AE6000FDF782FFBA6880B28242EADCBB6BD4F89D
:10AE700040015246191D584443F0D0FBB4F8442118
:10AE8000B96B0AEB0203A4F844317B6807336A46C6
:10AE9000DB08A2EBC3039D4617238DF8083032462A
:10AEA0000DF1090043F0BAFB074B186802AC0268C9
:10AEB0000094731CD2F89440DBB204222946A047C8
:10AEC0005AE700BF78120700D81207002DE9F04FAB
:10AED0009BB0012B8A46039263D9249A023B1688C1
:10AEE000059300F18C0204460292B4F8B030534549
:10AEF00042D1D4F8C450002D42D02846FEF739FE86
:10AF00004FF000098046C14536DA49462846FEF72B
:10AF100032FE0746FEF7A2FEB0422AD23846FEF7BE
:10AF20009FFEB04225D33846FEF79CFE249B023399
:10AF3000804604F1B4090025049345451CDA2946EE
:10AF40003846FEF791FE8346FEF705FDB0420ED16E
:10AF50004A4694F8B31007A8FDF7A8FD5846DDE966
:10AF6000042307A9FEF768FD07A8FDF7E7FC0135F4
:10AF7000E3E709F10109C6E7029B1C349C42B4D106
:10AF8000039B1D2B0DD11E238DF81C30064B18681A
:10AF900007AA03680092D3F8944004220123514683
:10AFA000A0471BB0BDE8F08FD81207002DE9F04F85
:10AFB0008FB002AFC7E90021FB60B0F8A830F96894
:10AFC00007336A46DB08A2EBC30307F118059D4669
:10AFD0008346284600F010FF0DF108090124BD60EA
:10AFE000DBF80030CDF804904FF420520092D3F8F3
:10AFF000BC5079684FF6FF7322465846A84705466D
:10B0000020B199F80030112B04D001203437BD460F
:10B01000BDE8F08F99F801307B61A3F104080223A9
:10B020005FFA88F809F102063B614FF6FF7A3B6947
:10B03000AB4204DB4FF6FF739A45D1D0E5E7FB68DE
:10B04000E3B930203BF074FE3146728831F8043B9E
:10B05000009204464246FEF7E7FD21463868FEF7B7
:10B0600071FD7488D7E904320134A4B2002C134472
:10B0700008BF4FF0000A3B611644D8E7B86800F0FB
:10B08000FAFE4045EDD1B86800F0F3FE42460146B5
:10B09000301D43F0B5FA0028D3D0E2E72DE9F04F98
:10B0A0008DB0B0F8A83004AFC7E9042107336A4671
:10B0B000DB08A2EBC3039D4682463869FEF759FDC3
:10B0C0000DF11009F8604FF00008FB6898454ADA66
:10B0D00041463869FEF74FFDB861FEF7BFFD0646F1
:10B0E000B869FEF7BDFDB860DAF80030CDF804901D
:10B0F00042F603020092D3F8A8407969BB68324651
:10B100005046A047054678B399F80030092B27D15F
:10B1100099F80130FB61053BDBB27B6009F1020469
:10B120004FF0020BAB45DFDA38203BF001FEB4F8FC
:10B1300003300293A37801932388009306467B692A
:10B140007A68611DFEF784FB3146B869FEF79AFD07
:10B15000B4F80360FB690136B6B29B441C44E1E7D6
:10B1600008F10108B1E701202437BD46BDE8F08FA2
:10B170002DE9F04F8FB0B0F8A83002AF0733C7E920
:10B180000421DB086A46A2EBC3039D4602AB82465C
:10B190003869FB62FEF7EDFC4FF0000BF860FB68CE
:10B1A0009B456CDA59463869FEF7E5FC7862FEF794
:10B1B00057FDB860786AFEF755FD431E38620026D9
:10B1C0007B603B6A9E4257DA3146786AFEF74CFD57
:10B1D0007B68F8619E4248D0711C786AFEF744FD96
:10B1E0000546F869FEF7B7FB013084B2002D3ED06A
:10B1F0002846FEF7B0FBB862BB6AA3423AD3DAF83E
:10B200000030FA6A0092D3F898507969BB6A2246F6
:10B210005046A847054698B3FB6A1B78052B29D1F1
:10B22000FB6A93F801904FEA8903BB61FB6A4FF018
:10B23000020903F10208A945E1DA20203BF078FD7C
:10B240004146044631F8023B00937B690222FEF737
:10B250005DFC2146F869FEF780FBB8F80040BB6949
:10B260000134A4B299449844E5E70025B9E7BB68E6
:10B27000BB62C1E70136A4E70BF1010B8FE70120A8
:10B280003437BD46BDE8F08F70B5002300F1B0043F
:10B290001C2505FB03F2A65A8E4204D00133052B70
:10B2A000F7D1002003E0104490F8C800C00970BD39
:10B2B000F0B5022A85B004460D4609D00368042281
:10B2C0000092D3F8DC4002220023A04705B0F0BD75
:10B2D0001B88B0F8A8209A4228BF1A46B030002335
:10B2E0001C2606FB03F1475AAF4212D10C44A4F8C6
:10B2F000C020ADF80D20094A032310688DF80C30EA
:10B30000026803A90091D2F8944029460422A0477C
:10B31000DCE70133052BE4D1EBE700BFD8120700CF
:10B32000F0B5002300F1B0051C2606FB03F42F5BEB
:10B330008F4204D00133052BF7D1002003E02044D5
:10B3400080F8C8200120F0BD042A15D1B0F84821AA
:10B350008A4211D190F84A211978013A8A420BD1D8
:10B36000D0F84C2101211170D0F84C211B68C2F893
:10B370000130052380F850317047022AF0B51ED104
:10B38000002200F1B0051C2606FB02F42F5B8F4261
:10B3900016D104441A88A4F8C020B0F848218A4283
:10B3A0000DD190F84A21032A09D1D0F84C110A7026
:10B3B000D0F84C111B88A1F8013080F85021F0BD65
:10B3C0000132052AE0D1E8E7012A38B504461546DE
:10B3D00013D9B0F8480188420FD194F84A010528E2
:10B3E0000BD1D4F84C110870D4F84C011946013037
:10B3F000013543F013F984F8505138BD012A38B5AE
:10B400000446154613D9B0F8480188420FD194F884
:10B410004A0111280BD1D4F84C110870D4F84C0112
:10B4200019460130013543F0F9F884F8505138BD20
:10B4300038B50446B0F84801884215460FD194F853
:10B440004A110B290BD1D4F84C010170D4F84C01EE
:10B4500019460130013543F0E1F884F8505138BD08
:10B4600038B5044615469AB1B0F8480188420FD164
:10B4700094F84A0109280BD1D4F84C110870D4F87B
:10B480004C0119460130013543F0C8F884F8505199
:10B4900038BD6AB9B0F848318B4209D190F84A31C9
:10B4A000132B01BFD0F84C211370012380F85031C9
:10B4B0007047F0B500241C2500F1B00605FB04F32D
:10B4C000F75A8F4204D00134052CF7D1002006E052
:10B4D000C9331488C452C11893788B700120F0BD11
:10B4E000F0B500241C2500F1B00605FB04F3F75A63
:10B4F0008F4204D00134052CF7D1002006E0B4338C
:10B50000184403681360838893800120F0BDF0B570
:10B5100000241C2500F1B00605FB04F3F75A8F4206
:10B5200004D00134052CF7D1002009E0BA330344DC
:10B530001C46002114F8010B18B901310629F9D174
:10B54000F0BD196811609B8893800120F8E7000026
:10B5500070B5054690F8850094B0F8B1104B114CC9
:10B560001868B4F84410036801391B6A984704F15D
:10B570004702064694F8461001A8FDF797FA94F89A
:10B580004D3004F14E0201A93046FDF75EFD01A8E1
:10B59000FDF7D4F9002385F88530012014B070BD83
:10B5A00078120700D46E00202DE9F04F9DB0984628
:10B5B00002AFB8F10A0F92460446796197F89020DD
:10B5C000D7F89430C7F80CD00FD1022A17D00368EF
:10B5D00004220092D3F8DC4042460023A047D7F86B
:10B5E0000CD06C37BD46BDE8F08F042A07D0036845
:10B5F00004220092D3F8DC400C220023EEE7B8F1DD
:10B600000A0FB3F8009018BFB3F802B0924B1D6850
:10B610002B682846DB6908BF4FF0000B984709F1FB
:10B62000FF318BB2834207D923680A220092D3F8F4
:10B63000DC5042464B4624E00AF107036A46DB0829
:10B64000A2EBC3039D46B8F10A0F6A460CBF0B2359
:10B650000D2302F8083F2B683A611B6A2846984779
:10B6600003689B6805469847B0F5205F2BD1BBF176
:10B67000000F0AD0236804220092D3F8DC500B227A
:10B680004B4679692046A847A9E72846FDF756FBAF
:10B6900080462846FDF74FFB424601460DF1090062
:10B6A00042F0BCFF08F101081FFA88F86B4B3A69B9
:10B6B000186803680092D3F8944079695FFA88F3B8
:10B6C0000422A0478BE742F6030398420AF1FF3AAF
:10B6D00040F09F802846FDF7BCFB48451ED1BBF1DA
:10B6E000000F02D023680B22A0E72846FDF736FBA7
:10B6F0003B6958702846FDF7AEFB3B6958802846E9
:10B70000FDF71CFB80462846FDF715FB4246014627
:10B7100003A842F083FF08F10408C5E72846FDF7B7
:10B720001DFB830702D4236802227FE72846FDF72A
:10B7300018FB10F0020022D0002204F1B0011C20FE
:10B7400000FB02F37E6931F803C0B44510D001322A
:10B75000052AF5D123680F220092D3F8DC307969ED
:10B760001E4642464B462046B04701231E4607E090
:10B77000234493F9C830002BECDA0023F6E70646A1
:10B780002846FDF7F5FA83B29B4502D323680722CA
:10B790004CE780B2A0EB0B008245A8BF82461FFA9F
:10B7A0008AF3BB6004F18C03A1467B604FF0010873
:10B7B0001FFA8AFAB9F8B0307A69934219D109F1BF
:10B7C000B40299F8B31007F11C00FDF76FF9CDF83A
:10B7D00000A03B695A46434407F11C012846FDF787
:10B7E00015FC07F11C00FDF7A9F8BB6898441FFA87
:10B7F00088F87B6809F11C099945DBD1002E3FF4DC
:10B8000055AF42463969201D42F008FF84F8848014
:10B81000E5E6B0F5245F1BD12846FDF785FC83B231
:10B820009B45B3D280B2A0EB0B08C2452846A8BF07
:10B83000C246FDF77BFC1FFA8AF200EB0B010AF10E
:10B84000010A0DF1090042F0E9FE1FFA8AF82DE71E
:10B850004FF001082AE700BF78120700D81207004E
:10B860002DE9F04F99B002AF1D4697F880303A604D
:10B87000012B04460E467B600DD8122D07D10368BC
:10B8800004220092D3F8DC402A460023A0475C370C
:10B89000BD46BDE8F08FD7F88430B3F80080914BF7
:10B8A000D3F800A0DAF800305046DB69984708F179
:10B8B000FF318BB283420CD9122DE8D123680A22C2
:10B8C0000092D3F8DC902A46434631462046C847CA
:10B8D000DDE7DAF8003050461B6A984703689B683A
:10B8E0008146984742F6030B584540F0A7804846EA
:10B8F000FDF7B1FA4045484601D1122D53D1FDF76D
:10B900002DFA020755D54846FDF72BFA10F0020A2A
:10B9100004F1B00B16D000221C2101FB02F33BF80E
:10B920000300B0424BD00132052AF6D123680F2222
:10B930000092D3F8DCA01222434631462046D0477D
:10B940004FF0010A00231C2101FB03F23BF8020027
:10B95000B0426FD17B68023B5FFA83FBD7F884303B
:10B96000A1180233B4327B6091F8B3102244BAF1CB
:10B97000000F4FD0032084F88500A4F8448084F899
:10B9800046101168C4F847109288A4F84B20BBF108
:10B99000360F4FF00A0284F84DB084F8852016D98E
:10B9A000236811228CE7FDF7D9F943077FF56FAFC4
:10B9B000A9E7122D7FF46BAF2368032280E72344AD
:10B9C00093F9C830002BB1DA4FF0000ABAE75A46B3
:10B9D000796804F14E0042F021FE94F885200BEBCB
:10B9E000020384F88530122D7FF451AF3B68073392
:10B9F0006D46DB08A5EBC3039D46132302AA8DF811
:10BA00000830BAF1000F62D02371012384F884302A
:10BA1000AD463CE707F10C00FDF748F848465B46A9
:10BA20007A6807F10C01FDF710FB07F10C00FCF739
:10BA300085FFD8E70133052B86D1D4E7D9F800304C
:10BA400048469B689847B0F5245FB2D14846FDF759
:10BA500075F90228ADD14846FDF76DF9028842F626
:10BA600002139A42A5D1DAF80030A8F102011B6A4C
:10BA70005046984703689B6881469847584598D137
:10BA800000221C2104F1B00001FB02F330F803C0D6
:10BA9000B44518D103F1B4022344224493F8B310FF
:10BAA00007F10C00FDF702F8D7F8843048465A88B1
:10BAB00007F10C01FDF7E9FA07F10C00FCF73EFF76
:10BAC0004FF0000A8FE70132052ADDD1F8E7064B77
:10BAD000186803680092D3F8944004220123314689
:10BAE000A04795E778120700D81207001F4B70B5E2
:10BAF000044640F8863B02F0B8FE04F1870002F0ED
:10BB0000B4FE1B4B04F1980503F110061868596840
:10BB10002A4603C20833B3421546F7D141F28833AF
:10BB20001721C4F8AC300023A4F8A810A4F83E31C3
:10BB3000C4F84031A4F8443104F1B40204F5A07013
:10BB40004FF6FF7522F8045C02F8023C02F8013C53
:10BB5000136093809181136113751C328242F1D17D
:10BB6000C4F85431C4F85831204670BD381107006C
:10BB70001C1107002DE9F04F00230446A7B098469A
:10BB80004FF0FF35B0301C264FF6FF7706FB03F26F
:10BB9000825A8A4208BF1D46BA4203F1010318BF08
:10BBA00008F10108052BF1D16B1C6ED01C236B43EF
:10BBB00003F1B4072344E619324693F8B3106846FC
:10BBC000FCF774FFB8F1010F2FD1314BD3F800808F
:10BBD0004FF0000942F6030BD8F800304046DB690D
:10BBE00098471FFA89FA82451AD2D8F80030514690
:10BBF0001B6A4046984703689B68824698475845A9
:10BC00000BD1694613A8FDF73BF95046002213A952
:10BC1000FDF73BFA13A8FCF791FE09F10109DBE7F8
:10BC20000023A4F83E31A4F84431D4F85881B8F187
:10BC3000000F08D0694613A8FDF722F913A8C047E2
:10BC400013A8FCF77BFE1C2303FB05434FF6FF7292
:10BC5000C3F8B0200022E251B280D3F8C400A3F8A8
:10BC6000C8201721A3F8C01083F8CA2083F8CB207E
:10BC700010B103685B6898471C2303FB054400234D
:10BC8000C4F8C4306846FCF759FE27B0BDE8F08F11
:10BC9000781207002DE9F04FA9B000F18C03064699
:10BCA000044601934FF000084FF6FF7AB4F8B01045
:10BCB000514559D0324B18680368D3F898309847EB
:10BCC0000546002850D104F1B4094A4694F8B3104F
:10BCD00002A8FCF7EBFE2B4B1F6808F101083B683C
:10BCE0003846DB6998471FFA85FB58451AD93B68E7
:10BCF00059461B6A384698470268926883469047BF
:10BD000042F6030398420BD102A915A8FDF7B8F833
:10BD10005846002215A9FDF7B8F915A8FCF70EFE44
:10BD20000135DCE70023A6F83E31A6F8443184F85B
:10BD3000B23084F8B330A4F8B0A0C9F80030A9F844
:10BD40000430D4F8C400C4F8BA30A4F8BE301723C5
:10BD5000A4F8C03010B103685B6898470023C4F8AA
:10BD6000C43002A8FCF7EAFD019B1C349C429DD123
:10BD7000B8F1000FD4BF0020012029B0BDE8F08F3A
:10BD8000D81207007812070030B5002300F1C8016F
:10BD90001C2404FB03F28D5CAD0703D51044B0F8FE
:10BDA000B00030BD0133052BF3D10620F9E770B5A3
:10BDB000002300F1B0041C2505FB03F2A65A8E42B5
:10BDC00004D00133052BF7D1002002E0104490F895
:10BDD000C80070BD10B5054C2046FFF787FE204611
:10BDE000034A0449BDE810403AF093BDD46E0020E8
:10BDF0000060002081A0020073B5002504460E46B5
:10BE000040F8041B10222946ADF804508DF8065066
:10BE100042F02CFC25752EB3304643F0E7FA451E60
:10BE2000002D237D19DB0F2B1FD8735D2D2B02D125
:10BE30000135023DF4E77219002112F8012C8DF84A
:10BE4000042001A810228DF8053043F05DFB237D0E
:10BE5000E218013310712375EBE7032B34BF022383
:10BE600010232375204602B070BD1023F9E7006847
:10BE7000704704307047007D704700002DE9F0479F
:10BE8000144C80464D1E4FF4AA594FF02D0A6A1CDF
:10BE90001AD018F8057010222146380904F03DFC2C
:10BEA0001022611C07F00F0004F037FC0C2D04F188
:10BEB000020606DC29FA05F3DB0744BFE61C84F81A
:10BEC00002A0013D3446E2E7002323700148BDE8AB
:10BED000F08700BF30700020007970472DE9F04FE7
:10BEE00089B090460DF1180B027A9DF848601F4604
:10BEF0000023054689460693ABF80430FAB99E4202
:10BF000014BF4FF0020A4FF0030A2B6828461B6942
:10BF10009847194BEA881C68002107202368009184
:10BF2000CDE90301CDE9011B2046D3F83CB0114611
:10BF30005346D84728B1002009B0BDE8F08F9A4693
:10BF4000E3E723684A461B6C414620469847002891
:10BF5000F1D123683A465B6C314620469847002869
:10BF6000E9D1236801219B6C204698470028E2D143
:10BF700001202871E0E700BFD8120700034B002121
:10BF80000171186803689B6C184700BFD81207003E
:10BF90002DE9F341124B1D682B6801221B6D0746EA
:10BFA0000E4628460021002498472B68CDE900441E
:10BFB000D3F84C8020231A4601212846C04768B98F
:10BFC000012179712B6886EA01021B6D284698478A
:10BFD000B0FA80F0400902B0BDE8F0812046FAE7EF
:10BFE000D8120700C180704701727047022908BF4C
:10BFF000C260704770B50B4D04461C30164604F005
:10C0000062FA294604F1280004F076FA294604F180
:10C01000340004F071FA2368314620465B69BDE8BC
:10C0200070401847585207002DE9F0410C4D044666
:10C030000F461C302946164604F05EFA394604F1D4
:10C04000280004F040FA294604F1340004F054FAC0
:10C050002368314620465B69BDE8F041184700BFC0
:10C06000585207002DE9F0410C4D04460F461C3094
:10C070002946164604F040FA294604F1280004F047
:10C080003BFA394604F1340004F01DFA23683146C6
:10C0900020465B69BDE8F041184700BF58520700D1
:10C0A0007FB5C36B04460D468BB10B6801A89B6935
:10C0B000984701A904F1340004F0D7FA064601A814
:10C0C00004F0A4F91EB90024204604B070BD636AD0
:10C0D00073B1294601A8FCF7FDFC01A904F11C007D
:10C0E00004F0A4FA064601A804F090F9002EEAD064
:10C0F000236B6BB1294601A8FCF762FD01A904F18D
:10C10000280004F0B2FA044601A804F07FF9DBE746
:10C110000124D9E738B50F4B03604FF420030E4DCF
:10C1200043600123037200230446C0E90333C0E9DE
:10C13000053329461C3004F0B4F9294604F12800DF
:10C1400004F0AFF9294604F1340004F0AAF92046BE
:10C1500038BD00BF381207005852070003688B42F1
:10C1600008D9436800228A4202D05B680132FAE7AC
:10C17000186870470020704770B504464068002575
:10C180002368AB4206D9466808213AF0E9FD01353B
:10C190003046F5E70023C4E90033A36070BD00001A
:10C1A00010B50A4B044640F8343B04F02FF904F173
:10C1B000280004F02BF904F11C0004F027F904F125
:10C1C0001000FFF7D9FF204610BD00BF381207004E
:10C1D00010B50446FFF7E4FF204640213AF0C0FDC9
:10C1E000204610BD70B50E4B054618680368002246
:10C1F0001B6D11460024984705F110066C712B69E0
:10C200009C4209D221463046FFF7A8FF10B10368CF
:10C210005B6898470134F2E73046FFF7ADFF70BD29
:10C22000D812070003688B4270B504461AD9002261
:10C23000406813468A42456803D0034601322846C7
:10C24000F8E7066863B96560A268824208BFA36028
:10C2500008213AF085FD2368013B2360304670BD1C
:10C260005D60F1E70026F9E72DE9F041074694B05B
:10C270000D46002401F110082B699C422AD2214668
:10C280004046FFF76BFF0646FCF7D7FC00B331468C
:10C2900001A8FCF7F5FD21464046FFF7C3FF1EB19C
:10C2A000336830465B6898472B6801A9DB6B2846EA
:10C2B000984750B101A93846FCF7E2FD01A8FCF708
:10C2C0003DFB384614B0BDE8F08101A8FCF736FB11
:10C2D0000134D1E73846FCF7D9FBF2E72DE9F04FFE
:10C2E000C568ABB004460F4692469B469DF8D08089
:10C2F0009DF9D8902DB3032922D11A46514604A89E
:10C30000FCF7D4FBCDF80090359B4246394604A893
:10C31000FCF76DFC236804A9DB6B2046984748B105
:10C3200004A917A8E468FCF7ABFD17A8A04717A855
:10C33000FCF704FB04A8FCF701FB2BB0BDE8F08F71
:10C34000002504F110032269AA420DD91846294696
:10C350000393FFF703FF5A4651460646FCF737FCA6
:10C36000039B002841D006BB23691F2B08D900215D
:10C3700004F11000FFF756FF10B103685B6898479F
:10C380004C203AF0D5FC5A4651460646FCF78EFB47
:10C3900008203AF0CDFC0023C0E90063636933BB99
:10C3A00060612569A0616B1C2361042F22D0CDF848
:10C3B0000090359B424639463046FCF718FC304623
:10C3C000FCF73BFC0028B8D0E368002BB5D0314621
:10C3D00004A8FCF755FD294604F11000FFF722FFE1
:10C3E000336830465B68984794E70135ABE7A3694B
:10C3F0005860D6E74B46359A41463046FCF708FC74
:10C40000DDE770B446799DF80C409DF9145026B1D3
:10C410000595039470BCFFF761BF70BC70470000C6
:10C4200010B5054C2046FFF775FE2046034A044927
:10C43000BDE810403AF06DBA58700020006000204E
:10C44000A1C10200406870474368994208D28368DE
:10C450000022914202D05B680132FAE71868704707
:10C460000020704773B5044630203AF061FC324931
:10C470000546FDF71DF9E56154203AF059FC002509
:10C480000646142302222D490095FCF733FD26624F
:10C4900054203AF04DFC02231A46064628490095DE
:10C4A000FCF728FD666230203AF042FC254906463A
:10C4B000FDF7FEF8A66254203AF03AFC202204234D
:10C4C000214900950646FCF715FDE662E069FCF798
:10C4D00038FC206AFCF735FC606AFCF732FCA06A85
:10C4E000FCF72FFCE06AFCF72CFCD4E90701FDF710
:10C4F00006F9616AE069FDF702F9D4E90A01FDF77E
:10C50000FEF8236811491B6920469847236829468D
:10C5100020465B69984723682046DB6A9847236872
:10C52000E1699B6A204698472368A16A9B6A204676
:10C5300002B0BDE8704018477C1207008112070066
:10C54000861207008B120700901207009512070051
:10C5500010B50446C06948B1FCF7F8FB30B9E06992
:10C5600010B103685B6898470023E361206A48B113
:10C57000FCF7ECFB30B9206A10B103685B689847A0
:10C5800000232362606A48B1FCF7E0FB30B9606ABF
:10C5900010B103685B68984700236362A06A48B1E2
:10C5A000FCF7D4FB30B9A06A10B103685B68984708
:10C5B0000023A362E06A48B1FCF7C8FB30B9E06A27
:10C5C00010B103685B6898470023E3622368204644
:10C5D000DB6ABDE810401847006AFCF72BBC07B5C2
:10C5E0000222ADF80610406A0DF10601FCF7C2FB0D
:10C5F00003B05DF804FB10B504460846FCF77DFB6C
:10C60000014628B1236820469B6ABDE810401847C0
:10C6100010BD2DE9F0410025074688462C463B68B1
:10C620003846DB699847A84211D93B6829461B6AFE
:10C630003846984703689B6806469847B0F5205FE0
:10C6400002D0464503D0264601353446E7E720466A
:10C650003CB1FCF773FB0228204604D1FCF76BFBCE
:10C660000088BDE8F081FCF766FB4089F9E700002F
:10C67000074A02600022C0E90122C0E90322C0E9A2
:10C680000522C0E90722C0E90922C262704700BF43
:10C69000A812070038B5044608200D463AF048FBBA
:10C6A0000023C0E9005363682BB960602368A06071
:10C6B0000133236038BDA3685860F7E72DE9F84FD0
:10C6C00004460D46084604F10408FCF73AFB2946E7
:10C6D0004046FFF7DFFF08203AF02AFB0023C0E9BD
:10C6E00000536369002B47D160612369A061013366
:10C6F000236123682046DB69984700271FFA80FBE7
:10C700002846FCF7ECFFB8423BD939462846FCF7EF
:10C71000E8FF0646FCF715FB31464046FFF7BAFF37
:10C7200023682046DB69984781B23046FCF78FFBCF
:10C730003046FCF706FB31464046FFF7ABFF4FF0B3
:10C7400000093046FCF78BFB484518D9494630466E
:10C75000FCF787FB8246FCF7F4FA51464046FFF7A8
:10C7600099FF23682046DB69984781B25046FCF761
:10C77000DFFC09F10109E4E7A3695860B5E7013777
:10C78000BEE723682046DB699847594682B22846AF
:10C79000BDE8F84FFCF79CBF70B504464068002523
:10C7A0002368AB4206D9466808213AF0D9FA013528
:10C7B0003046F5E70023C4E90033A36070BD70B5CF
:10C7C0000446406800252368AB4206D94668082124
:10C7D0003AF0C6FA01353046F5E70023C4E90033E4
:10C7E000A36070BD38B50546064B45F8103B0446BE
:10C7F000FFF7AEFE2846FFF7E2FF201DFFF7CCFF54
:10C80000204638BDA812070010B50446FFF7EAFF1E
:10C81000204630213AF0A4FA204610BD70B50446F7
:10C82000002523682046DB699847A8420FD9236872
:10C8300029461B6A204698470646FCF787FA20B926
:10C840001EB1336830465B6898470135E9E7201D23
:10C85000FFF7A2FF002523699D420BD263690022E6
:10C86000954202D05B680132FAE71868FCF77EFF58
:10C870000135F0E704F11000FFF7A1FF70BD0000E3
:10C8800008B5054B1846FFF7F3FE044A044918465D
:10C89000BDE808403AF03DB89870002000600020E4
:10C8A000E5C70200704700000023C0F80831024BC2
:10C8B000186803681B68184714140700024B1868AF
:10C8C00003685B68184700BF141407000368002161
:10C8D0005B69184710B40368D3F8A4400023A4464A
:10C8E0001A4640F603415DF8044B604737B50368CC
:10C8F000ADF80610D3F8A45002220DF1060341F260
:10C9000005410446A84750B9D4F81832BDF80620AE
:10C910001988914203D193F9020003B030BD7F2002
:10C92000FBE713B5CDE9002303680822D3F8A44040
:10C9300040F601416B46A04702B010BD13B5CDE9EA
:10C94000002303680822D3F8A44042F201016B4699
:10C95000A04702B010BD10B40368D3F8A44006226B
:10C960000B46A44642F205015DF8044B60471FB533
:10C97000089C8DF804309DF818308DF805309DF82E
:10C980001C308DF806302368CDF80730A388ADF849
:10C990000B309DF824308DF80D309DF828308DF83F
:10C9A0000E300368ADF80010ADF80220D3F8A440B3
:10C9B0000F226B4642F20601A04704B010BD13B52A
:10C9C00003688DF80710D3F8A44001220DF1070386
:10C9D00042F20A01A04702B010BD13B5ADF8033012
:10C9E0009DF810308DF805309DF814308DF8063024
:10C9F00003688DF80010ADF80120D3F8A440072299
:10CA00006B4642F20B01A04702B010BD13B503689C
:10CA10008DF804108DF80520D3F8A440022201AB54
:10CA200042F20C01A04702B010BD10B588B00B9CBB
:10CA30008DF808309DF828308DF809302368CDF83E
:10CA40000A30A388ADF80E309DF830308DF81030E4
:10CA5000BDF83430ADF81130BDF83830ADF81330D2
:10CA6000BDF83C30ADF81530BDF84030ADF81730AA
:10CA7000BDF84430ADF81930BDF84830ADF81B3082
:10CA80000368ADF80410ADF80620D3F8A4401922CD
:10CA900001AB42F20D01A04708B010BD10B403680D
:10CAA000D3F8A4400023A4461A4642F20E015DF8D2
:10CAB000044B60471FB5ADF80430BDF81830ADF831
:10CAC0000630BDF81C30ADF808300423ADF80A304C
:10CAD0000623ADF80C300368ADF80010ADF8022065
:10CAE000D3F8A4400E226B4642F21301A04704B0D3
:10CAF00010BD10B4D0F8EC402CB1194610462346B6
:10CB00005DF8044B18475DF8044B7047F0B51D46BF
:10CB100003688BB016460F469B6F04469847731EFA
:10CB20008DF800700DF10602053613F8011F02F8AA
:10CB30000119B342F9D1109B6A1E0DF11601013B98
:10CB40000F3512F8010F01F80109AA4213F8010F7D
:10CB50004874F6D123682722D3F8A45042F2270163
:10CB60006B462046A84723682046DB6F98470BB0EA
:10CB7000F0BD13B5531E8DF8001005320DF10601FE
:10CB800013F8014F01F801499342F9D103680722D4
:10CB9000D3F8A44042F22B016B46A04702B010BD6F
:10CBA00007B503680122D3F888306946984703B077
:10CBB0005DF804FB37B5002300930DF10504CDF8B3
:10CBC00003304B1E053113F8015F04F801598B4205
:10CBD000F9D103688DF80620D3F8A44007226B46EC
:10CBE00040F60D41A04703B030BD13B513238DF8B7
:10CBF00006300368ADF80410D3F8A440032201AB5B
:10CC000040F20641A04702B010BDC0F804117047C1
:10CC10000023C0F80431704732B190F81D329342BE
:10CC2000C6BF9A1AD2B2002280F81D22704710B4F3
:10CC3000D0F8F8300C4623B1204611465DF8044B7D
:10CC4000184718465DF8044B704710B4D0F8EC3024
:10CC50000C4623B1204611465DF8044B1847184690
:10CC60005DF8044B704710B4D0F8F4300C4623B193
:10CC7000204611465DF8044B184718465DF8044BF2
:10CC80007047D0F8FC302BB1D0F80001003018BF4D
:10CC9000012070470320704710B54FF448710446D7
:10CCA0003AF05EF8204610BD564B2DE9F047044699
:10CCB0001D6819B12B6828469B6898472B68524E0F
:10CCC0009B69524FDFF84881284698472B682846D1
:10CCD000DB6898472B68002800F08F805B69284646
:10CCE0009847D4F80831B3F5817F5FFA80F912DBF9
:10CCF0000023C4F80831D4F8043163B12B68284606
:10CD0000DB6998473146D4F8040103F083FA2B68B5
:10CD100028469B699847D4F80821531C2244C4F83C
:10CD2000083182F80C9194F80C21022A2ED1052B9F
:10CD3000CCDD94F8101194F80F2102EB012204329B
:10CD40009342C3DD2B682846DB699847D4F8043149
:10CD50004BB1236894F80821D3F8C090414604F5FC
:10CD600086732046C8470023D4F80811C4F8083158
:10CD70002368D3F8B430013904F20D12C9B2204649
:10CD800098472B6828469B6998479FE7042A21D13A
:10CD9000032B9BDD94F80E210232934296DD2B6823
:10CDA0002846DB699847D4F804314BB1236894F8DE
:10CDB0000821D3F8C090394604F586732046C84749
:10CDC0000023D4F80811C4F8083123680139D3F8D6
:10CDD000BC30D1E70023C4F80831D4F80431002B6B
:10CDE0003FF474AF2B682846DB6998471022494608
:10CDF000D4F8040103F045FAC3E72846DB69BDE82F
:10CE0000F047184714140700021307002A130700FD
:10CE1000171307001346F0B533F8046BC6F3013758
:10CE2000022F87B00546144611D15488E4B2198800
:10CE3000221F8A4220D0022F07D12246194605F22E
:10CE40001E2041F0EBFB85F81D4307B0F0BD012F1C
:10CE5000FBD190F81D03528800F21E201946284489
:10CE600041F0DCFB638895F81D431C44E4B285F86F
:10CE70001D4305F21E23DAE75C88A0B20428C6F33E
:10CE80000B010AD1184800680468246A0433D2B23E
:10CE9000A047002385F81D33D7E7052804D11348A0
:10CEA00000680468E468F1E7062804D10F480068C8
:10CEB00004682469EAE700220392ADF814200122F5
:10CEC0008DF80C200622ADF80E20022203ABADF83F
:10CED00010202A680093ADF812400A23D2F894403B
:10CEE00028460522A047D4E72C110700BC140700F0
:10CEF000F0B5202589B004460E46174600212A4683
:10CF0000684641F0B3FB324639460DF101008DF819
:10CF1000006041F083FB23682A46D3F8A46042F204
:10CF200008016B462046B04709B0F0BDF0B520259A
:10CF300089B004460E46174600212A46684641F04D
:10CF400095FB324639460DF101008DF8006041F045
:10CF500065FB23682A46D3F8A46042F209016B46B8
:10CF60002046B04709B0F0BD2DE9F04784B0044633
:10CF700000AF8A4691461D4694F81D2294F81C3253
:10CF80009A4204D3236820461B699847F4E705F1C9
:10CF9000100303F4FC73ADEB030D02233B712B1D57
:10CFA000DBB2A7F80730A7F80B90A7F805A0A7F801
:10CFB00009503B1D03CB2A461B78009001910DF1CF
:10CFC0000900396B8DF8083041F028FBD4F80431A2
:10CFD00005F10906E8463BB123680C49D3F8C05077
:10CFE000F2B26B462046A84794F81D32013384F80C
:10CFF0001D32074B1868036832461B6A4146984742
:10D0000000201037BD46BDE8F08700BFDC120700E6
:10D01000141407002DE9F0430D46114683B00B317F
:10D0200001F4FC7100AF0446ADEB010D0120387135
:10D03000A7F80550FA716846796840F8041B19464C
:10D04000161D41F0EBFAD4F80431E8463BB12368F1
:10D050001649D3F8C090F2B26B462046C847144B2D
:10D060001868036832461B6A414698474FF6FF73BB
:10D07000A4F80E324FF0FF33C4F8103203F078FBFF
:10D0800000F57A76B4F80E32AB4208D003F070FBAC
:10D09000B04204D2236820461B699847F2E7D4F8CF
:10D0A00010020C37BD46BDE8F08300BFEF12070049
:10D0B0001414070007B500238DF8073001220DF185
:10D0C000070342F22D010348FFF7A4FF03B05DF808
:10D0D00004FB00BFC870002007B501220DF1070353
:10D0E00042F22D0103488DF80720FFF793FF03B0AC
:10D0F0005DF804FBC87000207FB501238DF8003077
:10D100000B68CDF801308B88ADF805300DF11601B4
:10D11000531E0F3213F8010F01F801099342F9D1A0
:10D120006B46172240F611410248FFF773FF07B024
:10D130005DF804FBC870002013B50446684601F092
:10D1400043F9D4F8EC3063B1D4F8F4304BB1D4F8EF
:10D15000F83033B1D4F8F0301BB10121684601F04A
:10D1600036F96846012101F044F96846012101F0D1
:10D1700037F96846012101F045F92D2101A801F098
:10D1800024F99DF8040002B010BD2DE9F0411D46C0
:10D190000368D3F8A48000230F46164641F201012C
:10D1A0001A460446C04770B9D4F818321A783A7053
:10D1B000B3F801203280DA782A70069A99881180B3
:10D1C000DA88079B1A80BDE8F08113B503686946C9
:10D1D0001B6A0446984750B9D4F81832D9345A1EFD
:10D1E000053312F8011F04F801199A42F9D102B06F
:10D1F00010BD0000F8B50368D3F8A45000230E4614
:10D20000174642F202011A460446A847054678B975
:10D21000D4F818321A8832809B783B7084F81C321C
:10D22000044B31881868036809399B6889B29847AC
:10D230002846F8BD2C11070070B588B00C4615467D
:10D24000002120220646684641F010FA631E0DF1C7
:10D250000F016A1E0F3413F8010F01F80109A342F0
:10D2600012F8010F4874F6D133682022D3F8A44095
:10D2700042F217016B463046A04750B90C9B103361
:10D28000D6F81822125C03F8012D01301028F7D1CE
:10D29000012008B070BD70B50368D3F8A460002306
:10D2A0000C461A4641F209010546B04728B9D5F89F
:10D2B00018321A6822609B88A38070BD70B503681D
:10D2C000D3F8A46000230C461A4642F21801054622
:10D2D000B04728B9D5F818221368236053686360F3
:10D2E00070BD00002DE9F0411678052EB2B005465C
:10D2F00014461DD19F4B52791868B4F80310036887
:10D300005B6A98479C4BB4F803101868627903680D
:10D31000C9B25B699847994B186803689B6898473E
:10D3200018B101219648FFF74AFB32B0BDE8F08101
:10D33000082E69D18F4BB2F8031052791D68002A6C
:10D340005DD02846FEF733FDC10739D505F18707C3
:10D35000384601F08FFA384601F090FA50B38DF854
:10D36000846005F1980325AA05F1A80113F8010BC3
:10D3700002F801098B42F9D121AE00961123062251
:10D38000B4F803107E48FFF7EFFD09237D49ADF89F
:10D3900084300DF18B02062311F8010B02F801090C
:10D3A000013BF9D1009608230622B4F80310744813
:10D3B000FFF7DAFD384601F065FA384601F066FA03
:10D3C0002B68B4F803109B6E80222846984795F886
:10D3D000853023B12B682846D3F88030984795F8DC
:10D3E0008430002BA1D02A1D0092B4F803106448A9
:10D3F0000422FFF7B9FD002385F8843095E72B68F8
:10D4000028469B6E984790E70E2E0ED1B2F8033057
:10D41000A0F80E325379C0F8103253780634043B2A
:10D4200080F81432C0F818427FE70F2E09D1938894
:10D43000A0F80E329378C0F81032002380F814322E
:10D4400073E7132E10D1967802EB8606B4423FF4B0
:10D450006CAF2B68B4F80520B4F80310D3F8B830DB
:10D46000284698470434F1E73E2E7FF45EAF937868
:10D47000013B092B3FF659AF01A252F823F000BF40
:10D48000FFD4020043D502002BD302002BD30200AD
:10D4900089D5020027D602002BD3020053D6020002
:10D4A0006FD70200A9D40200E378002B7FF43DAFD0
:10D4B000304B94F82020186803680492E28B0392A2
:10D4C000A28B0292628B04F10805CDE90052DE695D
:10D4D000A279E379A188B047274B94F820201868F7
:10D4E00003680492E28B0392A28B0292628BCDE9D5
:10D4F00000529D68A279E379A188A84715E7E378EF
:10D50000002B7FF412AF1B4B227D18680368049236
:10D51000628A0392228A0292E28904F10805CDE927
:10D520000052DE69A279E379A188B047124B227DCF
:10D53000186803680492628A0392228A0292E2893E
:10D54000D5E7237B1F2B3FF6F0AEE278012A7FF46C
:10D55000ECAE0A4AE118106891F90D1002680291C8
:10D5600004F10D01CDE90031A31D956B217962799C
:10D57000A847DAE62C110700BC1407002C1207009C
:10D58000C87000209C710020904BB4F803101E68F6
:10D59000336810AA1B6F30469847B4F80310304622
:10D5A000FEF705FCC2071FD5102200210DF18600F1
:10D5B00041F05CF82279E378854943EA0223ADF82B
:10D5C00084300DF19502102311F8010B02F80109C6
:10D5D000013BF9D12B681222D3F8A44042F21A0180
:10D5E00021AB2846A047A0E63368B4F80310DB6FF0
:10D5F0000BAA304698472B68754AD3F8A83078B103
:10D600000BA928469847C0B20028CDD12B6802222A
:10D61000D3F8A46042F21B01E31C2846B04784E61D
:10D620000DF14101EDE754F8030F6168228921AB48
:10D6300003C31A800F23ADF88E3040F6FF73ADF8A8
:10D6400090302B680E22D3F8A44042F2200121AB87
:10D65000C7E7E378002B7FF468AE0C238DF84030E9
:10D660000DF14102231D04F1440153F8040B42F86B
:10D67000040B8B42F9D1231D05F14402443453F8C5
:10D68000041B42F8041BA342F9D1504B1C682046EE
:10D69000FEF77AFB052806463FF647AE0DF1400837
:10D6A000412306220146CDF800804A48FFF75CFC82
:10D6B00031462046FEF77BFB236840F004029B6E58
:10D6C000D2B23146204605F1A40798473946414871
:10D6D000FFF7F4FD05F1AC013E48FFF7EFFD4122F5
:10D6E000002121A840F0C2FF3B490DF1A302012314
:10D6F00018F8030002F80109013311F8010B82F850
:10D700002100212BF4D10BAD11220021284640F03D
:10D71000ADFF0DF12D0403238DF82C3021AA4123F8
:10D72000394600942D4800F043FF21460F2307AAF5
:10D7300011F8010B985413F1FF33F9D22346144624
:10D7400003CCAC4218605960224603F10803F6D1BD
:10D7500031460095112306221E48FFF705FC1E4B9B
:10D76000402242F22601181FFFF754FCDDE5E37862
:10D77000002B7FF4DAAD154B1F683846FEF704FB2B
:10D78000052806463FF6D1ADE31C05F1D30023344E
:10D7900013F8012F00F80129A342F9D13146384688
:10D7A000FEF705FB3B6840F0080204469B6ED2B2D0
:10D7B000314638469847E3067FF5B7AD084B094A2E
:10D7C0001868036831469B6A9847AEE52C1107003C
:10D7D000A2710020C8700020CC70002024750020A9
:10D7E000BC1407004C7100202DE9F74F3A4CD4F8D7
:10D7F000F000884693460025002869D004208DF863
:10D80000035039F095FA8146042039F091FA074621
:10D81000042039F08DFAD4F8F040034606463A4623
:10D8200049460DF10300A0472C469DF80330AB425A
:10D8300034DD4FEA850A1CBB3168284851F82510B1
:10D8400001AB424600F034FE98F803209DF8043006
:10D850009A4215D19DF8052098F804309A420FD1CC
:10D860009DF8062098F805309A4209D13B6853F894
:10D870000A301A68CBF800209B88ABF804300124EA
:10D880003B6853F80A0008B139F06CFA336853F872
:10D890000A0008B139F066FA0135C6E7D9F8000088
:10D8A00008B139F05FFA4846042139F059FA38686E
:10D8B00008B139F057FA3846042139F051FA306886
:10D8C00008B139F04FFA3046042139F049FA2046C0
:10D8D00003B0BDE8F08F00BFC870002024750020A1
:10D8E0002DE9F0410546D0F8040116461C46F8B172
:10D8F00002F076FCDFF83C802644A642D5F804010D
:10D900000DD014F8017B0F2F02D8414602F068FCBD
:10D9100010223946D5F8040102F0B1FCEDE702F01F
:10D9200067FCD5F804010368BDE8F041DB681847DF
:10D93000BDE8F08180140700074A02600022C0E9B8
:10D940003B22C0E93D22C0E93F22C0E9412280F8E4
:10D950001D2280F81D2370474413070008B5054BAE
:10D960001846FFF7E9FF044A04491846BDE8084095
:10D9700038F0CFBFC870002000600020A5C80200AA
:10D980007047D0F810017047D0F8103123B1D0F8AB
:10D990000C311844007A70474FF0FF307047D0F8D0
:10D9A000103183B1D0F80C3103441A7AD0F80C311D
:10D9B0000133DBB2C0F80C31D0F81031013BC0F8B4
:10D9C0001031104670474FF0FF30704710B54FF4DC
:10D9D0008A71044639F0C4F9204610BD2DE9F04F94
:10D9E0008BB004A835F0B3FF04A835F02BFF00245A
:10D9F00025464FF47A7AA34640F2E7384FF0000903
:10DA000004A835F06CFF241841EB050504A835F097
:10DA100070FF4FF47A7200232046294640F036F812
:10DA200050B12CF023FC204629464FF47A72002393
:10DA300040F02CF814461D4630F08AFB03A837F05E
:10DA4000D1FE30F07BFB019003A837F0D3FE04A891
:10DA500035F045FF019B002BD2D0894508BF80459A
:10DA6000CED3BAEB00066BEB0107002F08BFB6F56B
:10DA70007A7F03D1012039F0CFFBC1E756EA0703D3
:10DA8000BED0304639F0A2FABAE7000037B50446F6
:10DA900001A80D4637F0A6FE23682046DB689847AC
:10DAA00020B101A837F0A6FE03B030BD01A837F0C1
:10DAB000A1FE01232A461946014839F0D9FAF3E7B5
:10DAC000FC74002037F09EBE37F09EBEF8B500799A
:10DAD000C0B1013AD4B20D46102C2046B8BF102078
:10DAE00015F8016B2CF098FA29462246074640F0BB
:10DAF00095FD33F0F3FB4069036822461D6931460A
:10DB00003B46A847F8BD03681847000038B50C4CE1
:10DB10000546206840B139F059FC206810B103680F
:10DB20005B6898470023236033F0D8FB05482CF04E
:10DB3000B5FE33F0D3FB2CF015FD00232B7138BD5F
:10DB4000107500203DDF050038B5114B1A78EAB991
:10DB50000122104D1A70104C03682B6081684368D5
:10DB6000007B23602CF0A0F983B223B965220B4916
:10DB70000B4838F0E5FA2B6880B203442B60236829
:10DB8000181A2060BDE838402CF04ABB38BD00BFF1
:10DB900014750020D8420120D44201201814070037
:10DBA00072140700F0B500238BB0C0F80831C0F83C
:10DBB0000C31C0F81031064633F090FB03681F4F5C
:10DBC0009B68014602A8984702A8FFF7BDFF33F003
:10DBD00085FB2CF0BBFC3D6835BBBC2039F0A8F8B8
:10DBE000174B0360044629460561403039F0D4FAEA
:10DBF00004F1540039F06EFA2B464FF4805218218C
:10DC00002046009539F066FB0E4B09930E4B3C60A5
:10DC100006A92046CDE90635089539F067FB099B32
:10DC200013B19B6806A8984733F058FB07482CF0BF
:10DC300035FE012030710BB0F0BD00BF1075002023
:10DC4000F858070008140700DDD90200EDDC0200D7
:10DC50007047000038B504460025084B0360057185
:10DC60004FF480722946083040F000FDC4F8085196
:10DC70002046C4F80C51C4F8105138BD8C1407006C
:10DC800073B5044601A816460D4637F0ABFDD4F82F
:10DC90001031C3F580739E4204DD01A837F0AAFD60
:10DCA00002B070BD0020864216DDD4F81031B3F505
:10DCB000807F0FD0D4F808312A5C23441A72D4F83C
:10DCC00008310133DBB2C4F80831D4F81031013324
:10DCD000C4F810310130E6E701A837F08BFD0121CF
:10DCE000014839F0A7F9DBE7FC7400200A46014639
:10DCF0000148FFF7C5BF00BFE873002038B50A4CE4
:10DD00000A4D204639F08CF92046094C09492A462B
:10DD100038F0FFFD2046FFF79DFF2A4620460649C2
:10DD2000BDE8384038F0F5BDFC74002000600020EC
:10DD3000E87300203B70060081D9020070477047ED
:10DD40008180C28070470181704781727047807AFC
:10DD5000003018BF01207047704710B50C210446F1
:10DD600038F0FEFF204610BD2DE9F0431C461B781D
:10DD7000012BA3B080460D4640F0868003685B6AA5
:10DD80009847BD4B1E68BD4B81461F6812AB0028EB
:10DD900066D098F80A20012A84BF002288F80A2059
:10DDA00003A800F062FD012103A800F073FD9DF8B7
:10DDB0000C2086F886209DF80C2086F88720E178D4
:10DDC00004A800F002FBE2788DF82820A2788DF8F4
:10DDD000292062788DF82A2032682946546F30460F
:10DDE0000AAAA047326829463046946EFDF7DFFF45
:10DDF00040F001022946D2B23046A04700221292DA
:10DE0000CDF84B2002228DF8482010228DF84C20AE
:10DE10003A683846D26E90478DF849003A683846DD
:10DE2000926E90478DF8140005A800F0F4FA8DF872
:10DE30004B0003A800F01CFD8DF84D0003A800F076
:10DE400017FD8DF84E003A6812AB0093D2F894405B
:10DE50000723062229463846A04723B0BDE8F083B1
:10DE600040F20552ADF848203A680093D2F8944049
:10DE70000223062229463846A04733689B6E4A464D
:10DE8000294630469847E8E7042B78D17B4B1E683B
:10DE900004F1100206F1A30314F8011F03F801199D
:10DEA000A242F9D105AC11220021204640F0DEFB50
:10DEB00004238DF8143006F1A40309AA06F1B40175
:10DEC0001F4613F8010B02F801099942F9D1336892
:10DED0000094D3F894400622112329463046A047E7
:10DEE000331D0DF147010DF1670206F1240013F80F
:10DEF000014B01F80149834293F83F4002F8014980
:10DF0000F5D104ABCDE9007312AA06F194030AA976
:10DF10005B4800F073FCD6F8FC209AB19DF81030F5
:10DF20009DF8110057491B0603EB00439DF81300B1
:10DF300003449DF8120003EB0023B3FBF1F001FB57
:10DF400010309047D6F80031002B86D09847044611
:10DF5000002882D140F60543ADF80C30336803AA9F
:10DF60000092D3F894700622022329463046B8471F
:10DF7000414B1868036822469B6E294682E7022BB4
:10DF80003FF46BAF052B05D13B4B186803680022AB
:10DF90009B6E77E7082B0BD1374B1B6804F11002FF
:10DFA000973314F8011F03F801199442F9D154E78B
:10DFB000092B21D1631C0DF14D02E11D13F8010F56
:10DFC00002F801098B42F9D12C4B1D682A4B2A68B3
:10DFD0001B6803F198010091166F6178883312AACB
:10DFE0002846B047D5F8F430002B3FF436AF05F1A2
:10DFF000DA0112A8984730E70C2B45D112AA631C0E
:10E0000004F1210C164618685968174603C70833EF
:10E0100063453A46F7D11AAF4134186859683A4611
:10E0200003C20833A3421746F7D1134B1C68236879
:10E03000294620469F6EFDF7BAFE40F00202D2B29A
:10E0400029462046B8470D4B1D6832462C1D22AE8E
:10E05000134603CBB342206061601A4604F1080402
:10E06000F6D12B68D3F8A44000231A4642F22501CA
:10E070002846A047F1E600BF2C110700D812070080
:10E080002475002040420F000D2B7FF4E6AE0DF109
:10E09000570304F1100214F8011F03F80119944208
:10E0A000F9D1144B1C6829462046FDF780FE2368F1
:10E0B00040F0100206469B6ED2B229462046984791
:10E0C00033070ED40C4B1B6812AC843316AD2246BA
:10E0D00003CAAA4218605960144603F10803F6D136
:10E0E000BBE6D8F8003012AA9B6A294640469847FA
:10E0F000B3E600BF2C110700D81207002DE9F04F3E
:10E10000554B1E68A5B0336807920DAF3A461B6F9A
:10E11000304688469847514B1D682B6828465B6AF5
:10E1200098472B4605F1940953F8D42FCDF82D20AC
:10E130009B88ADF8313005F1DA03039305F1A40BA8
:10E140000BAB0DF13C0A4A4605F1B4010024CDE9C0
:10E150000073CDF808A05B4641488DF82C4000F0D4
:10E160008BFAADF828408DF82A402B6828469B6E24
:10E1700098478DF87C001FA800F04DF98DF8280015
:10E180002B682846DB6E98478DF82A00336809AA69
:10E190009B6F4146304698471BAB22460134102CFA
:10E1A00003F8012BFAD113AB04930BAB03930DAB24
:10E1B00002931BAF09AB01934A465B465146009759
:10E1C000274800F0CBFA17AB04930DAB03930BABCE
:10E1D00002930AABCDE900735A464B46514620489C
:10E1E00000F0BCFA2246079913A840F009FA1FABC9
:10E1F00008BB0D228DF87C200DF15C0919F8012B6C
:10E200001A55013CFAD12A680093D2F894401123A0
:10E21000062241462846A04741463046FDF7C7FD45
:10E22000336840F020029B6ED2B241463046984798
:10E2300025B0BDE8F08F0B4A1288ADF87C202A6823
:10E240000093D2F894400223062241462846A04774
:10E25000336800229B6EE8E72C110700D8120700F4
:10E2600024750020B814070070B586B0012ABDF8E7
:10E270002C30BDF8346024D185882DB1C4881CB100
:10E28000AB4220D3A3421ED81C460022008908B10D
:10E29000864201D1AAB13046ADF810300B4BADF833
:10E2A00016000022ADF814201868094A0392ADF850
:10E2B0001240036803AA0092D3F8944005220C236D
:10E2C000A04706B070BD2B46E0E700BFD81207009C
:10E2D00012010800032AF7B50ED95D882C1DA24251
:10E2E0000AD11F785A78122F03F1040406D103686B
:10E2F0000094DC6AEBB2A04703B0F0BD132FFBD152
:10E30000036800941C6BF5E7F0B585B0072B0E464B
:10E310000A9C39D90023ADF80C308DF8092013235D
:10E3200082888DF808300223ADF80A3052B1C388D4
:10E3300043B12188914202D362889A4202D90123D3
:10E34000ADF80C3003892BB1E2889A421CBF01233F
:10E35000ADF80C300D4B1D6802AA2B680092D3F863
:10E3600094700522062331462846B847BDF80C3084
:10E3700053B9E2882B680192A28800929F6D22888F
:10E38000638831462846B84705B0F0BDD81207006B
:10E39000034A0260002242600281012282727047B9
:10E3A000C814070008B5054B1846FFF7F1FF044AEB
:10E3B00004491846BDE8084038F0ABBA187500208B
:10E3C000006000203DDD0200704701707047037857
:10E3D00019B143F001030370704703F0FE03FAE73D
:10E3E000037819B143F004030370704703F0FB0393
:10E3F000FAE7037819B143F008030370704703F09C
:10E40000F703FAE7037819B143F02003037070476C
:10E4100003F0DF03FAE700787047002070B5044688
:10E420008025834205DD0E5C165401301028F8D19A
:10E4300070BD0CBFD5541454F7E700002DE9FF4719
:10E440009946194BDFF864A01E6800240F469046D9
:10E450008DF80F403368CDF800901D6E42460DF1E7
:10E460000F0339463046A847012814D01E2C19D076
:10E47000DAF800502B682846DB689847C82002F07D
:10E4800089F92B6828469B689847013464206043CB
:10E4900002F080F9DEE7B4F11E0018BF012004B0DD
:10E4A000BDE8F0870020FAE7D8120700E80F070060
:10E4B000F0B589B01C466D4600232E461F46013339
:10E4C000102B05F8017BFAD113788DF80D305378B5
:10E4D0008DF80E3093788DF80F30324604ABFFF78D
:10E4E000ADFF9DF81D3023709DF81E3063709DF8C0
:10E4F0001F30A370012009B0F0BD10B501F110006C
:10E500001032002310F8014D43EA440302F8013DA4
:10E51000037888424FEAD313F4D110BD30B5002000
:10E520000C5C155C6C401C5401301028F8D130BDD7
:10E53000F0B58DB004461E4604A8002315461F46BC
:10E5400002460133102B00F8017BFAD16B462046BE
:10E55000FFF774FF9DF90030002B0FDB2A46694658
:10E560002046FFF7CAFF95F90030002B12DB324638
:10E5700029462046FFF7C1FF0DB0F0BD08AA694645
:10E580002046FFF7BAFF2B46084A08A92046FFF7A6
:10E59000C5FFE8E708AA29462046FFF7AEFF334645
:10E5A000024A08A92046FFF7B9FFE5E7046000200A
:10E5B0002DE9F04798B01D46904614AB10AA0646C8
:10E5C0008946209FFFF7B4FF15F10F0448BF05F1FE
:10E5D0001E04241105F00F0326D033BB611E08ABC7
:10E5E00010AA08EB01113046FFF798FF6D46002393
:10E5F0002A4619460133102B02F8011BFAD14FF0BD
:10E60000000A013C544504AB20DD08EB0A126946C0
:10E610003046FFF783FF6B4604AA49463046FFF7B2
:10E620000DFF0AF1010AEDE701246D4205F00F0527
:10E6300004F1FF3158BF6B420CAA08EB01113046C0
:10E64000FFF7EBFE08AB14AA0CA9CCE708AA2946F1
:10E650003046FFF763FF2B4604AA49463046FFF7D2
:10E66000EDFE7B1E0F3715F8012B03F8012FBB427F
:10E67000F9D118B0BDE8F0872DE9F0479AB0354CD4
:10E68000DDE9229804AD07468E4604F1100AAC4637
:10E69000206861682E4603C6083454453546F7D1D4
:10E6A0002D490120D1F82310ADF80C0000208DF881
:10E6B0003000CDF8311002F110000DF1350152F8A3
:10E6C000044B41F8044B8242F9D10DF1450203F1AC
:10E6D000100153F8040B42F8040B8B42F9D1D9F81E
:10E6E0000030CDF85530B9F80430ADF8593099F80C
:10E6F00006308DF85B3098F80630D8F80000B8F88E
:10E7000004208DF8623008ACBDF80C3017906146DB
:10E71000ADF86020ADF8633072463846009420238F
:10E72000FFF746FF249B00930CAA21463846352369
:10E73000FFF73EFF259B00930125384635230CAAA1
:10E7400021468DF83050FFF733FF28461AB0BDE858
:10E75000F08700BF0F150700FC1407002DE9F047F4
:10E7600094B0DDE91D7603AC1F9D84468E4602F110
:10E77000100AA04610685168A146A9E803000832B3
:10E7800052454C46F6D107AC03F110091868596898
:10E79000224603C208334B451446F7D11C9B0BAAF3
:10E7A00003F1100918685968144603C408334B452F
:10E7B0002246F7D1BB788DF83E303368CDF83F3034
:10E7C000B388ADF84330B3798DF845302B68CDF878
:10E7D0004630AB88ADF84A30AB793A888DF84C308A
:10E7E000209BADF83C200093604641234246714691
:10E7F000FFF7DEFE012014B0BDE8F087F0B59BB056
:10E8000006AC1F4606460B4601F1200EA4461868CA
:10E810005968254603C5083373452C46F7D113467E
:10E8200003F120050EAA18685968144603C408337A
:10E83000AB422246F7D1209B16AA03F110051868B7
:10E840005968144603C40833AB422246F7D102ABE1
:10E8500000936246304650233946FFF7A9FE219BBC
:10E86000059A1A6001201BB0F0BD002202707047AB
:10E8700000787047007800F0010070470078C0F31E
:10E88000400070470078C0F3800070470078C0F304
:10E89000C0007047037819B143F00203037070475A
:10E8A00003F0FD03FAE730B5A1F11004002500F0F4
:10E8B0000F02D3B2092ACCBF373330338B73CD73F9
:10E8C00002398C424FEA1010F1D130BD212070473F
:10E8D00030B5012185B00C2001F0B6FF01210C20DC
:10E8E00001F0F2FF4FF080430024C3F85C4503F5CC
:10E8F00088334FF48032C3F84823C3F80823A3F5C4
:10E9000070436D46C3F80045C3F80045084B0FCB74
:10E9100085E80F0021464FF0FF3255F8043B0134E3
:10E92000042CC3F80015C3F86025F6D105B030BD3E
:10E930008415070038B54FF0805504462146D5F8B8
:10E94000A800FFF7B0FFD5F8A40004F11001FFF70D
:10E95000AAFF202038BD000072B64FF080434E223F
:10E96000C3F81C25BFF34F8F0549064BCA6802F454
:10E97000E0621343CB60BFF34F8F00BFFDE700BFE2
:10E9800000ED00E00400FA05C3680BB19B6818476E
:10E99000704770B590F8343105461446F3B90368F2
:10E9A000DB69984704F47063B3F5407F04F0F0032B
:10E9B0000CBF0721082104F00F02302B0CBF0223EB
:10E9C0000123012A08D0901E42424241A869BDE8B5
:10E9D0007040006834F0F0BC0222F7E770BD10B55B
:10E9E00090F8343104462BB9A369186834F00CFD53
:10E9F0000028F9D010BD38B590F834510446A5B9B7
:10EA000083695BB1186848B10368DB689847A369FC
:10EA10001D600421A06938F0A3F9A5610023C4F8A2
:10EA20002431C4F82831C4F82C3138BD70B590F8C1
:10EA3000343188B004460D46002B3DD1866926B995
:10EA4000042038F075F9A0610660A36918680028F1
:10EA500034D14FF4807038F06BF92B4694F92120B3
:10EA600094F92010064635F04DF8A3691E6094F91C
:10EA70002220531C06D0A06994F92330006803219A
:10EA800035F050F8A3691D68B5B10E4B0793002609
:10EA90000D4B01940293039601AB93E8070004AC7D
:10EAA00084E8070032462146284634F0BEFC079B26
:10EAB00013B19B682046984708B070BD294634F0D2
:10EAC00067FCD4E79415070029EC020010B4D0E9E4
:10EAD000013401686210E40701EB020048BF8A5864
:10EAE0005DF8044B48BFD3581847000008B590F8AC
:10EAF00034313BB1012001F04DFE0648BDE808402D
:10EB000001F02CBA82691AB11368003318BF0123CF
:10EB1000184608BD2C7D002070B504460D4601F056
:10EB20001DFA30B12368294620461B6CBDE87040B1
:10EB3000184770BDA0F5A070EEE7000013B590F87F
:10EB400034318DF8071004462BB1C9B20B48FFF7DA
:10EB5000E3FF02B010BDA369186834F055FC00282B
:10EB6000F9D0A3691868036801221B690DF1070138
:10EB70009847013018BF0120EBE700BF2C7D002033
:10EB80002DE9F04107468846164601F0E7F970B1D5
:10EB90000024A6420CD9351B402D28BF402508EB88
:10EBA00004012A46384600F0C5FE2C44F1E704462D
:10EBB0002046BDE8F081A0F5A070E1E770B590F8BF
:10EBC000343105460E4614462BB10F48FFF7D8FFE7
:10EBD0000446204670BDAB69186834F015FC002867
:10EBE000F9D0AB691868D0F8FC3001211B6BFC3000
:10EBF0009847AB691868036822461B6931469847F5
:10EC0000013008BF0024E4E72C7D002008B54FF454
:10EC1000807200213FF02AFD0022C0F80021C0F8D8
:10EC20000421C0F8082108BD37B590F834310446F6
:10EC3000EBB900F12405A369186834F0D4FBB0B136
:10EC400037F028FBA3691868036801225B690DF19E
:10EC500007019847D4F82C31B3F5807F04D09DF894
:10EC600007102846F8F7DAFF37F02AFBE3E703B08E
:10EC700030BDF0B50546C3B001F0E4F8D5F8583220
:10EC8000C3F5807398420446C8BFD5F8584202AE17
:10EC9000C8BFC4F5807401AB22463146284600F057
:10ECA00033FF05F5A877D5F85832B3F5807F0AD041
:10ECB000019B43B1E31A3846F15CF8F7AFFF019BC3
:10ECC000013B0193EFE743B0F0BD38B5044600F0D7
:10ECD000DFFA2046FFF7CDFFD4F85852204600F067
:10ECE000DFFA284638BDA0F5A070EEE710B590F821
:10ECF000343104462BB10648FFF7E7FF04462046AF
:10ED000010BD37F0C7FAD4F82C4137F0D9FAF6E73E
:10ED10002C7D002038B5044600F0BAFA2046FFF7F3
:10ED2000A8FFD4F858324BB1D4F85432234493F8A6
:10ED30005051204600F0B4FA284638BD4FF0FF3558
:10ED4000F7E7A0F5A070E5E710B590F83431044678
:10ED50002BB10B48FFF7DEFF0446204610BD37F00D
:10ED600099FAD4F82C313BB1D4F82801044494F832
:10ED7000244037F0A5FAF0E74FF0FF34F9E700BF81
:10ED80002C7D002038B5044600F082FA2046FFF7BB
:10ED900070FFD4F85832A3B1D4F85432234493F816
:10EDA0005051D4F854320133DBB2C4F85432D4F8A1
:10EDB0005832013BC4F85832204600F071FA284618
:10EDC00038BD4FF0FF35F7E7A0F5A070DAE7000097
:10EDD00010B590F8343104462BB11148FFF7D2FF3B
:10EDE0000446204610BD37F055FAD4F82C319BB1BB
:10EDF000D4F82831234493F82400D4F8283101337F
:10EE0000DBB2C4F82831D4F82C31013BC4F82C31E2
:10EE1000044637F055FAE4E74FF0FF34F9E700BF56
:10EE20002C7D00202DE9F843174C184F2760002552
:10EE30004FF47A78C4E90158202604F12400C4E98B
:10EE40000565E561FFF7E2FE0123072084F8343110
:10EE5000F8F758FD81460820F8F754FD0C4C4FF6A2
:10EE6000FF7384F82100C4E90158638404F124008D
:10EE70002760C4E90565E56184F82090FFF7C6FEC8
:10EE800084F83451BDE8F88360760020A8150700A7
:10EE90002875002038B50546064B45F8283B044642
:10EEA00034F030FC2846FFF76FFD204634F084FD37
:10EEB000204638BD9C4907000020704770477047C6
:10EEC00010B5D0F88C452CB1236820465B68984774
:10EED000A468F8E710BD38B5D0F88C450D4634B1BC
:10EEE000236820469B6829469847A468F7E738BD01
:10EEF000004870477816070010B5054B03600446BC
:10EF000036F025F9204636F03BF9204610BD00BF0B
:10EF1000F815070010B50446FFF7EEFF20464FF442
:10EF2000B26137F01DFF204610BDF7B5D0F88C4513
:10EF300005460E460023A4B123683146DF680DF173
:10EF4000030201AB2046B8479DF80310042903468D
:10EF500005D0019A284635F057FB03B0F0BDA468F0
:10EF6000E9E7019A9DF80310F4E770B505460E46EF
:10EF700022B10021BDE8704035F042B9D0F88C458F
:10EF80005CB1236800221B6931462046984710B1C6
:10EF900001212846EEE7A468F2E72146F9E770B5BB
:10EFA000D0F88C450E46054600213CB12368314619
:10EFB00020465B699847A4680146F6E72846BDE805
:10EFC000704035F01DBAF8B5D0F88C4505460E46B0
:10EFD00017463CB1236820469B693A46314698471C
:10EFE000A468F6E728460121BDE8F84035F066BA86
:10EFF00070B5002186B0044635F002FD0023ADF85F
:10F0000006304FF489712389ADF80410ADF8103043
:10F01000022140F201238DF80710ADF8123040F2C2
:10F02000EF2140F203136268ADF80810ADF8143018
:10F03000012104F10A038DF80A108DF80B000392E8
:10F0400001AD05AE1C462A4603CAB242186059609B
:10F05000154603F10803F6D112881A80204606B03F
:10F0600070BD2DE9F041002406460D464F1CA04618
:10F07000304640F0BBF9A04206D9335D05F81430A4
:10F0800007F814800134F3E7400000F0FE00BDE80B
:10F09000F08138B5D0F88C55044635B12B68284638
:10F0A0001B6A984710B9AD68F7E7284640F202336B
:10F0B000A4F8483504F24A51FFF7D3FF94F84835D5
:10F0C000184484F8480504F5A96038BD40F20233BD
:10F0D00010B500F20A510446A0F808350548FFF7BC
:10F0E000C0FF94F80835184484F8080504F5A160B9
:10F0F00010BD00BFD415070040F2023310B504461E
:10F10000A0F8C83400F2CA40FFF714FC94F8C834E1
:10F11000184484F8C80404F5996010BD2DE9FF4136
:10F1200000238DF80A3090F888351A4A8DF8083097
:10F13000012301928DF809303222C0238DF80B3063
:10F140008DF80C2001AB044600F54E7803CBC4F8D3
:10F150003803C8F8041088F80820D4F88C5509261C
:10F160008DB12B6800211B6828469847478806F513
:10F170004E73093F00F109013A46E0183FF04EFA9C
:10F180003E44AD68ECE74046A4F83A6304B0BDE8FD
:10F19000F08100BF0902FFFF73B504460D46164615
:10F1A00038F03EFB4FF480730093014633462A4605
:10F1B000204635F0EDFB024B2360204602B070BDC7
:10F1C000F815070010B5D0F88C35044693B9C0F88F
:10F1D0008C1594F888354A790B71134484F8883576
:10F1E0000B6808465B6A98472389184420810120F0
:10F1F00010BD13469A68002AFBD19960E9E71FB554
:10F20000044635F0BFFB0146684634F047FD402117
:10F21000684634F0B2FDD4F88C4534B123682046FA
:10F22000DB6969469847A468F7E7684634F03DFD16
:10F2300004B010BD10B50446FFF7E1FF2046BDE85D
:10F24000104035F00FBB000010B50D4C2378BFF314
:10F250005B8FDB0712D4204637F06EFB70B148F2AB
:10F26000450242F686010748FFF796FF204637F031
:10F2700085FB054A0549034837F04BFB014810BDA3
:10F28000987700209C77002000600020F9EE0200B3
:10F2900010B5FFF7D9FF0368BDE810405B6F184752
:10F2A00010B5FFF7D1FF0368BDE810409B6F18470A
:10F2B00010B5FFF7C9FF0368BDE81040DB6F1847C2
:10F2C00034F098BE34F05ABE34F084BE70477047B4
:10F2D0007047436A93F878007047D0F8240170476C
:10F2E0000120704700487047CC1707002DE9F04116
:10F2F000044694B00D464B22002101A83FF0B6F918
:10F30000D4F82431002B14BF4FF005084FF000084B
:10F31000002D40F0898009254FF481708DF815503B
:10F3200004252179ADF808008DF8165080200125BC
:10F330008DF80B008DF8195040F632008DF81C50F6
:10F340008DF81D8042F2054540F2015894F80EE018
:10F35000ADF80C0040F202264B1C40F209220B20B3
:10F36000ADF81E50ADF82280ADF82C50DFF8BC800F
:10F37000ADF804200625DBB24B228DF80E008DF887
:10F380000F100220ADF810608DF81710ADF81A605C
:10F39000CDF8248010268DF82E508DF82F100725DB
:10F3A00005218DF833E0DFF8888094F80CC0677B86
:10F3B0008DF8062044F2030E8DF812008DF82160BE
:10F3C0008DF830308DF83210CDF828808DF831501E
:10F3D000ADF834E08DF83A3040F60223ADF83C3019
:10F3E00044F20203ADF844301D3440F207538DF867
:10F3F00037608DF84210ADF848308DF84B0040234F
:10F4000040F2094601A92046ADF838608DF8415018
:10F410008DF843C08DF84A708DF84C303FF0FEF8FF
:10F42000204614B0BDE8F0810020FAE72401030172
:10F430000424020638B505460A4B45F8D03B04467D
:10F44000FFF702FF35F083FE284634F031FD04F16A
:10F450007C0034F02DFD04F1700034F029FD2046CD
:10F4600038BD00BF8C17070010B50446FFF7E2FF58
:10F4700020464FF4947137F073FC204610BDFFF71F
:10F4800017BF000010B5034B0360044634F08EFB39
:10F49000204610BDC016070010B50446FFF7F2FF66
:10F4A0002046282137F05CFC204610BD10B5034BE8
:10F4B0000360044634F07AFB204610BD9016070026
:10F4C00010B50446FFF7F2FF2046342137F048FC20
:10F4D000204610BD10B5034B0360044634F066FBB4
:10F4E000204610BDA816070010B50446FFF7F2FF2E
:10F4F0002046382137F034FC204610BD38B51B4B70
:10F500000D461968C0F80F1099889B794375044619
:10F51000A0F8131040220221284634F024FC402297
:10F5200020730221284634F023FC4022607303211B
:10F53000284634F018FCA073284634F0B7FB20B9F5
:10F54000AF220B490B4836F0FBFD002304F1850286
:10F55000C4E9322304F1D90284F8783084F8843085
:10F5600084F8D830C4E9472338BD00BFDC16070053
:10F5700018170700731707002DE9F34104460E46DC
:10F580001546FFF795FEF28823799A4237D1002D70
:10F5900035D17778012F2ED1F378202B27D13289DE
:10F5A000072A24D104F10F0804F116052946404624
:10F5B0003FF026F8D0B1D4F81630C4F80F30638B82
:10F5C000A4F81330237F6375E17B237CA07CE27C6D
:10F5D000009201EB0321637C627D01EB0341236810
:10F5E00001EB00615D6B237D2046A8473D46F37823
:10F5F000212B08BF0125284602B0BDE8F081002577
:10F60000F9E710B50446FFF753FEFFF71DFE217B17
:10F6100035F03AFC04F18503C4F8C8300023C4F87F
:10F62000CC3084F8843004F17C0034F0F6FB94F89C
:10F6300084302BB923682046DB6BBDE810401847A7
:10F6400010BD000070B50446FFF732FED4F820511B
:10F650002DB140F2DD120F490F4836F071FD04F173
:10F66000D903C4F81C31FFF7EFFD617B35F06AFB6D
:10F6700084F8D850C4F8200104F1D00034F0CDFB58
:10F6800094F8D8302BB9236820469B6BBDE87040B6
:10F69000184770BD18170700E816070010B4D0E926
:10F6A000013401686210E40701EB020048BF8A5888
:10F6B0005DF8044B48BFD35818470000F0B5054625
:10F6C0008DB008ACFFF7F4FD0026FFF7BDFDA97B68
:10F6D0000094032340220B9635F0DEF82046FFF716
:10F6E00053F9FFF7B1FD1D4B0595CDE9063605AB86
:10F6F000844693E807001A4F0B97022384E807001B
:10F70000297B00944022604635F0C6F82046FFF77A
:10F710003BF9FFF799FD134B0295CDE9033602AB98
:10F72000844693E807000B97022384E80700697B6F
:10F7300000946046402235F0AFF82046FFF724F9E8
:10F74000FFF782FD4023D5F81C21697B35F09CFA38
:10F75000012085F8D8000DB0F0BD00BF03F602000F
:10F76000D016070045F6020038B502234371002386
:10F7700083600C4B044640F8703B154634F040FB68
:10F7800004F17C0034F03CFB04F1D00034F038FB91
:10F79000C4F82451FFF758FD2146FFF713FD20461A
:10F7A00038BD00BF8C17070070B504460D46FFF743
:10F7B0007FFD84F87850002D3ED194F8843033B129
:10F7C000FFF742FD217B35F037F984F8845004F1CE
:10F7D000850304F17C0600253046C4F8C830C4F81F
:10F7E000CC5034F01AFB304634F010FB28B91549E0
:10F7F00015484FF4A27236F0A3FC94F8D83033B118
:10F80000FFF722FD217B35F017F984F8D85004F179
:10F81000D903C4F81C3104F1D00500232846C4F8EC
:10F82000203134F0FAFA284634F0F0FA20B94FF4D7
:10F83000A77204490548DEE704F17000BDE8704096
:10F8400034F0EBBA18170700F61607000717070081
:10F8500010B50446FFF72CFD20460021BDE81040FE
:10F86000FFF7A2BF38B50D460446FFF721FD042D72
:10F8700005D020460021BDE83840FFF795BF38BDD0
:10F88000F8B5164604460D461F46FFF711FD042342
:10F890003370EA8823799A4225D16978012922D1E7
:10F8A000EA78212A08D0222A0BD0202A4FF0000023
:10F8B0001BD13070163401E031700F343C600720EA
:10F8C000F8BDAB8813F0010308BF19462046FFF7C7
:10F8D0006BFFAB8803F00103E366AB8803F0020320
:10F8E000A366022333700020EAE703233370E7E7BF
:10F8F00010B58AB00446FFF7CBFC684634F04AF9ED
:10F900000A4B0093694604F17000099434F09DFAA3
:10F910002046FFF7C5FC064B00211A68684634F004
:10F9200083F96846FFF7AEFD0AB010BDC0160700A8
:10F93000E416070070B58EB0154604460E46FFF774
:10F94000A7FC01A834F026F90E4B0C9501A900255F
:10F9500004F17C000193CDE90A468DF8345034F06F
:10F9600074FA2046FFF79CFC074B29461A6801A849
:10F9700034F05AF901A89DF83440FFF797FD20466E
:10F980000EB070BD90160700E416070010B50446CF
:10F99000FFF78EFC94F884307BB9D4F8CC3063B197
:10F9A000FFF752FCD4F8CC30217B04F1850235F00E
:10F9B00009FA10B1012384F8843010BD2DE9F84311
:10F9C0001E460446894690469DF82070FFF760FC6D
:10F9D0000023336094F87830E3B194F88430CBB9E5
:10F9E000D4F8CC50C5F14005454528BF4546B8F18F
:10F9F000000F05D02A464946D4F8C8003EF00EFE56
:10FA0000D4F8CC302B44C4F8CC30356017B1204644
:10FA1000FFF7BCFF2046BDE8F843FFF741BCF0B557
:10FA20000446406A90F8785085B001262DB984F8D4
:10FA300030503546284605B0F0BDD4E90A1203AB74
:10FA4000002700960397FFF7B9FF0399E36AA26ABC
:10FA50005B1A0A44E362A26213B984F83060E9E7F2
:10FA6000606AFFF793FF3D46E4E700002DE9F043AD
:10FA70001C4691B0904606468946FFF709FC002CCB
:10FA800008BF01AC4FF00005256002A80CBF01279C
:10FA9000002734F07FF8104B029302A906F1D00042
:10FAA000CDE90D84CDE90B698DF83C708DF83D50A2
:10FAB00034F0CBF93046FFF7F3FB084B29461A68C0
:10FAC00002A834F0B1F802A89DF83D40FFF702FD0E
:10FAD000204611B0BDE8F083A8160700E416070021
:10FAE00010B5D0F8203104466BB990F8D83053B92E
:10FAF000FFF7AAFB402304F1D902617B35F0C4F87B
:10FB0000012384F8D83010BD70B51E46044600238A
:10FB1000336094F878300846EBB194F8D830D3B914
:10FB2000D4F82051D4F81C11954228BF15462A4616
:10FB30003EF074FD3560D4F81C31D4F820212B44FC
:10FB4000551BC4F81C31C4F8205125B92046BDE826
:10FB50007040FFF7C5BF70BD37B50446406A90F8E6
:10FB600078502DB984F835500125284603B030BDB2
:10FB70000023D4E90A12019301ABFFF7C5FF0199F5
:10FB8000A26A0A44A262226B13680B441360E36A00
:10FB9000019A9B1A94F83420E36212B9226B12681E
:10FBA00002B91BB9012384F83530DEE7606AFFF73C
:10FBB00097FF0025D9E76FF01500704700290CBFAB
:10FBC0006FF0180000207047012070476FF015009B
:10FBD00070476FF0150070471120704770477047ED
:10FBE000704703689B6C1847A0F5A070F9E7704751
:10FBF00070477047704710B50446012000F0CAFDF9
:10FC000094F8780010BDA0F5A070F4E738B54FF077
:10FC1000FF320123FF210B480B4D37F034FA00F07F
:10FC2000A7FD044695F878301BB1012000F0B2FD25
:10FC3000F8E700F09DFD001BC728F6D9BDE8384065
:10FC4000FEF78ABEE47F00202C7D002007B501224C
:10FC5000019101A9FFF76EFE18B1019803B05DF89C
:10FC600004FB4FF0FF30F9E7A0F59470FFF7EEBF0B
:10FC700007B5002301220DF107018DF80730FFF7CA
:10FC8000F5FE20B19DF8070003B05DF804FB4FF0CE
:10FC9000FF30F9E7A0F59470FFF7EABF2DE9F843CC
:10FCA0000446884617461E46089DFFF701FBD4F818
:10FCB0007092B9F1000F04D02B46324639464046C7
:10FCC000C847C4E99887C4E99A65BDE8F88370B568
:10FCD0000646FFF7EDFA06F51D740025D6F8B43296
:10FCE000AB4208D92046103454F8043C1BB11B68C1
:10FCF00098470135F2E770BDB0F5966F03D1012149
:10FD0000014837F097B97047E47F002010B4D0E97C
:10FD1000013401686210E40701EB020048BF8A5811
:10FD20005DF8044B48BFD35818470000114B03F14E
:10FD3000780270B50360C0F8282103F1D802E833D7
:10FD40000446C0F82C21C0F8403100F52D7500F5AF
:10FD50001D76B54204D0103D2846FEF715FEF8E7A3
:10FD600004F5947035F0BCFE2046FFF763FB204697
:10FD700070BD00BF00180700A0F59470FFF7D6BF54
:10FD8000A0F59670FFF7D2BF10B50446FFF7CEFF7F
:10FD900020464FF42E7136F0E3FF204610BDA0F54B
:10FDA0009670FFF7F1BFA0F59470FFF7EDBF00006C
:10FDB000F7B5044615461F460E4637F031FDBDF82F
:10FDC00024300193BDF8203000932A463B4601467B
:10FDD0002046FFF7C9FC002104F5947035F056FE6B
:10FDE00000254FF47A73C4E95153154B236003F196
:10FDF0007802C4F8282103F1D802E833C4F82C2192
:10FE0000C4F840314FF48072294604F5A8703EF0E2
:10FE10002DFCC4F85052C4F88052C4F85452C4F8AF
:10FE20009052C4F85852C4F8A052C4E9AC55C4F872
:10FE3000705216B12046FFF75BFD204603B0F0BDBF
:10FE40000018070038B50546FFF722FA95F8D830B4
:10FE50004BB9D5F82041402C28BF40242846FFF755
:10FE60001FFA204638BD0024F8E70000F0B504462C
:10FE70008BB0FFF70DFA304BC4F870322046FFF715
:10FE80000FFA2E4B09932E4B0493002305930394F2
:10FE900003AB93E8070006AD85E80700FFF7F8F924
:10FEA000D4F8B462032E13D804EB0617731C07F5BD
:10FEB0001D77C4F8B4323846FEF766FD04EB06162B
:10FEC000099BC6F880321BB15B68294638469847C3
:10FED0002046FFF7E5F92846FEF756FDBC2036F030
:10FEE00027FF0027174B036006463946076140305D
:10FEF00037F052F906F1540037F0ECF8124B00934A
:10FF00004FF480723B463046182137F0E3F90F4B2F
:10FF100009930F4BC4F85C6229463046CDE9063799
:10FF2000089737F0E3F92846FEF72EFD2046FEF746
:10FF3000A0FE0BB0F0BD00BFF9FC0200E417070003
:10FF400073EC0200F8580700F017070008140700C8
:10FF50000DFC0200A0F5A070FFF788BF90F87800B4
:10FF60007047000037B50F4C0F4D204637F058F85A
:10FF70002A460E49204636F0CCFC0D4C42F21203C4
:10FF80000122CDE90032002211464FF4F8532046F9
:10FF9000FFF70EFF07492A46204603B0BDE8304070
:10FFA00036F0B7BCE47F0020006000203B70060004
:10FFB0002C7D00202DFD020008B53DF0E9FE2DE965
:10FFC000F04F027D012A85B005460E4640F0908034
:10FFD00000214FF0FF3B04460B465F4694F804C0F7
:10FFE00048B2BCF1000F75D194F805C0BCF1000F08
:10FFF00070D1B7F1FF3F1BBF01335BB2012338461D
:020000023000CC
:10000000934201DD1A4683460131082904F10204B6
:100010005ED1002402EB0B03A1460293CB4502DC28
:10002000029B4B4559DC95F8058095F804A04FEAF2
:1000300028170AF00F03FAB25FEA2A1A019208F0B1
:100040000F0870D05FFA8AF1BAF1090FD4BF3031CE
:1000500057313046039300F0C7F8039B0444092B43
:1000600094BF03F1300103F157013046039300F0D0
:10007000BBF8039B0444BAF1000F01D103B94FB19F
:10008000092F019FD4BF30375737F9B2304600F0FF
:10009000ABF80444B8F1090F94BF08F1300108F13E
:1000A0005701304600F0A0F8B9F1070F044404D01E
:1000B0003A21304600F098F8044409F10109B9F1F9
:1000C000080F05F10205A9D1204605B0BDE8F08F63
:1000D000074683E74FF0FF3096E7CB45EDD1BBF104
:1000E000000FE5D13A21304600F07EF80444DFE706
:1000F00000F1100700F11309002417F8011B0A2270
:10010000304600F0BCF82E218046304600F06CF8F6
:10011000B94540440444F0D10A22E97C304600F05D
:10012000AEF80444D0E7002B99D1A8E710B5054BF1
:100130000360044601751022002104303EF096FA57
:10014000204610BD1C19070070B5074D056083746B
:1001500000259DF81030057545608560C560017407
:100160004274C37470BD00BF1C19070007B501219C
:100170000648FFF7DBFF002300931A4619460448A0
:10018000FFF7E2FF03B05DF804FB00BFF87F00203B
:1001900010800020F8B505460E4617460024BC42E4
:1001A00007D02B68315D1B682846984708B1013499
:1001B000F5E72046F8BD70B505460C46084649B13E
:1001C0003FF014F92B680246214628465B68BDE8DB
:1001D0007040184770BD03688A685B6809681847F3
:1001E00008B5FFF7E8FF08BD03681B681847000063
:1001F00008B50249FFF7DFFF08BD00BF2B56070017
:1002000038B50546FFF7E7FF04462846FFF7F0FF3D
:10021000204438BD38B50546FFF7CDFF04462846D3
:10022000FFF7E6FF204438BD70B58AB000238DF893
:100230002430012A98BF0A2209ACB1FBF2F502FB77
:100240001516F3B2092E94BF30333733DBB28A422E
:1002500004F8013D04D92146FFF7ADFF0AB070BD97
:100260002946EAE710B42AB903685DF8044B1B6815
:10027000C9B21847D2B25DF8044BFFF7D5BFFFF7FC
:10028000F1BF38B50546FFF7EDFF04462846FFF7F6
:10029000AFFF204438BD00002DE9F84F0A9E074605
:1002A000002E10461946B8BF022614461D463DF0E2
:1002B00017FB38B14B493846FFF77DFF8246504661
:1002C000BDE8F88F25F000494FF0FF32464B20463D
:1002D00049463DF005FB48B94FF0FF32424B2046FE
:1002E00049463DF0DFFA08B94049E4E74FF0604283
:1002F0003F4B204629463DF0E9FA08B13D49DAE78F
:100300004FF060423C4B204629463DF0C1FA0028A0
:10031000F4D100220023204629463DF0B9FAD0B19D
:100320002D213846FFF760FF05F1004382461D4648
:100330003249DFF8D0904FF0000B00204FF000085A
:100340005FFA8BF3B3420BF1010B06DA42464B46E0
:100350003DF056F9F4E78246EAE702460B462046AE
:1003600029463CF06DFE0D4604463DF0CFFA80462E
:100370003CF0A2FF02460B46204629463CF05EFEBA
:100380000A2204460D4638464146FFF74DFF824497
:1003900026B11B493846FFF70EFF8244DFF8649010
:1003A0004FF0000816F1FF3689D34B4642462046EF
:1003B00029463CF0FBFF0D4604463DF0A7FA0A2211
:1003C000014683463846FFF72FFF824458463CF0EB
:1003D00073FF02460B46204629463CF02FFE04469A
:1003E0000D46DFE720190700FFFFEF7F2419070004
:1003F000FFFFEF4128190700FFFFEFC10000E03FBA
:100400002B0E070000002440FFF746BF10B504463E
:10041000006808B13EF098F8204610BD10B50446BB
:10042000006808B13EF090F800232360C4E901336E
:1004300010BD38B504460D46006801313EF026FE79
:1004400010B1C4E90005012038BD036810B50446A9
:1004500023B143688B4201D3012010BD2046FFF732
:10046000E8FF0028F9D0A368002BF5D122681370AB
:10047000F3E770B50E46114604461546FFF7E5FF53
:1004800020B92046FFF7CAFF204670BD2A463146F4
:10049000A56020683EF0C2F82268A3680021D1540C
:1004A000F2E738B500230446C0E9003383600D4607
:1004B00039B108463EF09AFF294602462046FFF72A
:1004C000D8FF204638BD884210B50B46044604D0FC
:1004D000096821B19A68FFF7CCFF204610BDFFF7ED
:1004E0009DFFFAE710B500230446C0E9003383609E
:1004F000FFF7E9FF204610BD38B505460C4649B167
:1005000008463EF073FF214602462846FFF7B1FF3A
:10051000284638BDFFF782FFFAE770B50A2A28BFE0
:100520000A22002390B00446C0E900338360951C82
:10053000084616466DB23CF0E1FE03AB00932A4636
:10054000334600F0ADF801462046FFF7D5FF2046C0
:1005500010B070BD2DE9F04105461746884619B91F
:1005600000263046BDE8F0819AB1846814442146E3
:10057000FFF76BFF06460028F2D0AB6828683A46C2
:10058000184441463EF04AF82B68AC6000221A55E8
:10059000E7E70126E5E738B5054608460C463EF094
:1005A00025FF214602462846BDE83840FFF7D2BF66
:1005B00009B1FFF7F0BF0846704707B501228DF873
:1005C00007100DF10701FFF7C5FF03B05DF804FB4D
:1005D00010B58A6809680446FFF7BCFF10B92046C9
:1005E000FFF71CFF204610BD10B5044621B9204678
:1005F000FFF714FF204610BDFFF7DAFF0028F6D002
:10060000F8E702680B686AB143B9806868B110788E
:100610007047886848B118784042704719461046BC
:100620003EF0DABE002BF4D11846704708B5826858
:100630008B689A4205D1FFF7E4FFB0FA80F04009D9
:1006400008BD0020FCE7826808B52AB959B10878CE
:10065000B0FA80F0400908BD006809B90078F7E7F2
:100660003EF0BAFEF4E70120F5E7884270B515D0F8
:1006700083688A6893420FD183B104680D68013C96
:1006800014F8010F50B13EF049FF064615F8010B72
:100690003EF044FF8642F3D0002070BD0120FCE70D
:1006A00030B5044687B00D46064901A83EF014FE59
:1006B00022462B4601A90A983EF00EFE0A9807B082
:1006C00030BD00BF2C19070070B58AB069B1931E08
:1006D000222B20D801AC2546234648B9AC4207D08E
:1006E0000A46AB4212D80023137008460AB070BD08
:1006F000B0FBF2F302FB1306092E1846F3B294BFC7
:1007000030335733DBB204F8013BE5E713F8010D52
:1007100002F8010BE5E70021E7E7FFF7D5BF00008E
:1007200010B500F039F8FEF7D3F8FEF78DFDFEF7AF
:1007300081FD4FF4E1310648064CFFF797FBF6F7D1
:10074000F3FFF6F717FE002CFBD0AFF30080F8E7BD
:100750002C7D00200000000010B5044633F068F83E
:10076000204610BD10B5044633F062F8204610BD97
:1007700007B50749684633F098F84FF47A720023BA
:10078000DDE900013DF032F903B05DF804FB00BF84
:100790002880002036F030BD08B5044833F052F808
:1007A0000348BDE8084033F04DB800BF408000204A
:1007B0002880002036F032BD38B50A4C0A4D20465C
:1007C00033F0BAF82046094C09492A4636F0A1F818
:1007D000204633F0BCF82A4620460649BDE838409A
:1007E00036F097B84080002000600020288000206C
:1007F000650703005907030008B5431C04D12122F3
:100800000E490F4835F09CFC012359B11F2886BFC3
:1008100000F01F000B4A4FF0A04203FA00F0C2F8AC
:10082000080508BD1F2886BF00F01F00054A4FF0CD
:10083000A04203FA00F0C2F80C05F2E735190700F0
:10084000B7190700000300502DE9F0411D4D0701C5
:10085000EB190446D8680E4610B1012136F080FA33
:10086000FEF734F884424FF0010034BF15F90780D9
:100870004FF0FF3836F05CFA0023037041463D44E8
:10088000044634F03CFD012EEC6011D075B235B158
:10089000022E12D0204632F060F9012103E02046FA
:1008A00032F05BF929462046BDE8F04132F062B9EA
:1008B0002046BDE8F04132F043B9204632F04DF910
:1008C0000321F0E7146000202DE9F3410746884634
:1008D000FDF7FCFF874222D2124C3E01A319DD68CE
:1008E000ADB9FDF7F3FF87424FF0010034BFA757C2
:1008F0004FF0FF3736F01CFA3444002305460370EE
:100900000122CDF80080394634F003FDE56095F909
:100910000000414602B0BDE8F041FFF76DBF02B0F4
:10092000BDE8F081146000201EF0040F0CBFEFF34F
:100930000880EFF30980816911F8021C002932D187
:1009400001B590E80F10E047BDE800508CE80300C7
:10095000244B93E80600914208BF70471A6041B9E2
:100960001EF0100F10D1204B186820F00100186005
:100970000AE02CE9F00F1EF0100F08BF2CED108AD2
:1009800081F822E0C1F838C0906B92F8221061F033
:10099000FF0E1EF0100F08BFB0EC108AB0E8F00F89
:1009A00080F309887047114A13689942FAD801B553
:1009B00052F821C00FC8E047BDE80050CCF8000055
:1009C000704701B501F030FBBDE80140EFF3098C41
:1009D000BEE701B501F0ECFABDE80140EFF3098C88
:1009E000B6E700003862002034EF00E0981A0700F4
:1009F00008B5014630B96FF0030000F0F2F96FF06E
:100A0000030008BD132001F0B1FE30B94FF0FF30F4
:100A100000F0E7F94FF0FF30F3E70020F1E70000C6
:100A200008B5EFF305832BB9EFF3108313B9EFF398
:100A3000118333B16FF0050000F0D3F96FF00500BA
:100A400008BDDFF808C000DFFAE700BFF1090300C6
:100A5000EFF310832BB9EFF31180003818BF01209A
:100A6000704701207047000038B538B384680568C6
:100A70006CB114F0030302D1C2680F2A13D86FF0CF
:100A80000801002002F0D0F80024204638BDC368D9
:100A9000002BF4D1104BD3F8900088B100F0FCFB90
:100AA0000446A0B10123A3700023C4E90233F3225A
:100AB000094B2270094A65605A66E6E70546E9E790
:100AC000D3F880000122102100F072FBE8E76FF0FC
:100AD000040102F0A9F8D8E724620020B90B030052
:100AE00070B5054610B10378F32B07D028466FF098
:100AF000030102F099F86FF0030070BD836863B1E1
:100B0000284601F0EDFB00226FF0020101F086FDA6
:100B1000A8680028F4D101F06BFCAB78002613F034
:100B200001032E700FD0094BD3F89040294624B111
:100B3000204600F0CBFB3046DFE7D3F8800000F022
:100B40006CFB2046D9E71846D7E700BF2462002097
:100B5000930710B502F0010422D400F10C0384B114
:100B600053E8000F00EA01028A4203D0BFF32F8F3F
:100B7000002005E020EA010243E8002404B1EFE789
:100B800010BD53E8000F084203D1BFF32F8F0020A0
:100B900005E020EA010243E8002404B1F1E7EFE7B1
:100BA000C06801EA00031CB18B4218BF0020E7E7D0
:100BB000002B08BF0020E3E7F8B58468054604B9B8
:100BC000F8BD94F82320616AA7682846FFF7C0FFA4
:100BD000064638B1204601F08CFB00223146204603
:100BE00001F01CFD3C46EAE7F8B50D4617461E46E7
:100BF000044620B10378F32B01D1002907DA2046FF
:100C00006FF0030102F010F86FF00300F8BDFFF77A
:100C10009FFF0028FAD186B13146432001F0A6FD9E
:100C200040B1074B5E692046314601F047FB7562D3
:100C300086F823706FF00100E8E76FF00200E5E747
:100C4000246200202DE9F041064620B10378F32B01
:100C500001D1002909DA6FF00301304601F0E4FF09
:100C60006FF003052846BDE8F08100F10C0353E85E
:100C7000002F42EA010543E8005000B1F7E7B468ED
:100C80001CB9204601F0B4FBECE794F82320616A1C
:100C9000D4F808803046FFF75BFF074678B194F838
:100CA00023309B0756BF656A054620EA05052046A6
:100CB00001F01FFB00223946204601F0AFFC4446FC
:100CC000DEE7000008B50246EFF3058333B10020EC
:100CD0006FF0050101F0A8FF002008BDFFF7B8FE86
:100CE0000028F4D1DFF808C0104600DFF5E700BFA8
:100CF000690A030038B502460D46EFF305834BB190
:100D000092B96FF00301104601F08EFF6FF00304FB
:100D1000204638BDFFF79CFE0028F1D1DFF830C037
:100D2000104600DF0446F3E71378F32BE9D1002DDA
:100D3000E7DB02F10C0353E8001F41EA050443E836
:100D4000004000B1F7E7104601F0B6F9E0E700BF58
:100D5000450C0300F8B504460E4617461D46EFF352
:100D6000058343B18CB920466FF0030101F05CFFAD
:100D70006FF00300F8BDFFF76BFE0028F2D1DFF83B
:100D80002CC020462B4600DFF4E72378F32BEAD172
:100D9000002DE8D1002EE6DB3A4631462046FFF72B
:100DA000D7FE002808BF6FF00200E3E7E90B03005D
:100DB00008B50246EFF305833BB110466FF005011D
:100DC00001F032FF6FF0050008BDFFF741FE00287B
:100DD000F3D1DFF808C0104600DFF5E7E10A0300B1
:100DE00070477047EFF310832BB9EFF31180003891
:100DF00018BF01207047012070470000064BDA6AD7
:100E00003AB1D0695B6C1BB11B69984228BF184688
:100E100070474FF0FF30F5E72462002070B5464C74
:100E2000237A012B00F0858033B14FF0FF3001F0C1
:100E3000EFFE4FF0FF3070BD404DD5E90B61EB6820
:100E4000E3652B8AA4F854303046AB68236400F085
:100E500097F908B1C4F88060D5E90561304600F023
:100E60008FF908B9D4F880606667D5E90761304624
:100E700000F086F908B9D4F88060A667D5E9096161
:100E8000304600F07DF908B9D4F88060E6676E6BF3
:100E90003EB1D6E902233168304600F0DCF9C4F8EF
:100EA0008460AE6B3EB1D6E902233168304600F073
:100EB000D2F9C4F88860EE6B3EB1D6E902233168FE
:100EC000304600F0C8F9C4F88C602E6C3EB1D6E90B
:100ED00002233168304600F0BEF9C4F890606E6CB1
:100EE0003EB1D6E902233168304600F0B4F9C4F8C7
:100EF0009460AE6C3EB1D6E902233168304600F012
:100F0000AAF9C4F89860EE6C3EB1D6E902233168C4
:100F1000304600F0A0F9C4F89C602D6D3DB1D5E9D4
:100F200002232968284600F096F9C4F8A05001234E
:100F3000237200207FE700BF24620020281A0700E8
:100F400070B5254D2B7A012B07D06FF0060001F00C
:100F50005FFE4FF0FF34204670BD01F04BFC10B92E
:100F60004FF0FF30F3E71D4A1D4E1E497068FF2306
:100F700082F8223092F82230D26863F0FF03DB431C
:100F800014BFB3FA83F32023C3F12003C2F3022278
:100F9000934298BF531CFE2202FA03F30F4ADBB2BE
:100FA000D37701F091FE04460028D9D101F0E0FE8C
:100FB000286101F0C9FE0C4801F092F901F010FA25
:100FC0003368DB074CBF0223032383F31488BFF38A
:100FD0006F8F02232B72BEE72462002000ED00E039
:100FE000281A0700D30903004062002010B50F4CF7
:100FF000237A022B13D101F0AFFE01236372BFF3FA
:101000004F8F0B4A5168C90042BF4FF000615160D9
:10101000A37204232372BDE81040FFF7EFBE6FF008
:10102000070001F0F5FD002010BD00BF2462002084
:1010300000ED00E038B51E4C237A042B054635D16F
:10104000FFF7DCFEE26A854203462CBF00F1FF3366
:101050002B4612B1D069C01AD061626C12B110690E
:10106000C01A1061E26813441544E360E3689D42CE
:1010700013D102230020237201F0BAF90023637216
:10108000BFF34F8FA27A22B1A3720A4B4FF0805266
:101090005A60BDE8384001F057BE0133E36001F00B
:1010A00065F9236D002BE1D09847DFE738BD00BF1D
:1010B0002462002000ED00E0704738B504460D467C
:1010C000FFF78EFE29462046BDE8384001F062BD9C
:1010D00008B5FFF7F1FFEFF3058333B16FF00500BB
:1010E00001F096FD6FF0050008BDFFF77BFE0028BC
:1010F000F4D1DFF808C000DFF6E700BF1D0E0300E3
:1011000008B5EFF3058333B16FF0050001F080FD02
:101110006FF0050008BDFFF765FE0028F4D1DFF889
:1011200008C000DFF6E700BF410F030008B5EFF38A
:1011300005832BB16FF0050001F06AFD002008BDAA
:10114000FFF750FE0028F5D1DFF804C000DFF6E716
:10115000ED0F030008B50246EFF305832BB1BDE8A0
:1011600008406FF0050001F053BDFFF73BFE00287B
:10117000F5D1DFF808C0104600DF08BD35100300C8
:1011800010B598B140EA010313F007030ED11729F7
:101190000AD90160083910220C188460426043505B
:1011A00081684A60C3600123184610BD0023FBE735
:1011B00070B580B399B132F003032CD10F3121F017
:1011C000070600F10804234624685D68E11A25F04B
:1011D0000305491B8E4204D921680029F3D1084632
:1011E00070BD0168456801443544456051F8040C00
:1011F0000839854288BF4D605868324318B95A6033
:1012000003F10801EBE720F0030019181C504A60B5
:1012100019600831E3E70021E1E710B580B1C1B101
:10122000A1F1080400F108030022A34209D1596882
:1012300021F003044168091B41603AB95A6001205A
:1012400010BD19681A4621B10B46EEE71B68136002
:10125000F5E70846F4E730B5C0B189B1C2B1CBB10A
:101260000024C0E9014202FB01F41D190160C360C2
:10127000436105611846013904D1A41A19510121AD
:10128000084630BD851805602846F4E70146F7E7B3
:101290001146F5E71946F3E710B50346A8B100F18A
:1012A000140252E8000F10B9BFF32F8F04E0016859
:1012B00042E8001404B1F4E738B1043353E8002FD6
:1012C000511C43E8001404B1F8E710BD30B5F0B18B
:1012D000C3688B421BD803698B4218D900F11403F1
:1012E0001A680A60BFF35F8F53E8002F0C689442BE
:1012F000F6D143E8001505B1F2E7043050E8003FAD
:101300005A1E40E8002101B1F8E7002030BD6FF01F
:101310000300FBE7EFF310832BB9EFF311800038E4
:1013200018BF0120704701207047D1E9013223B175
:101330009A608A681AB153607047C262F9E7036322
:10134000704700002DE9F84F8846074638B131B1A3
:10135000B0FA80F1B8FA88F30B441F2B06DC6FF06B
:101360000301002001F076FC002470E008F1030680
:1013700026F003060C3606FB00F9F2B19468D2F8A9
:1013800000A0D2E904513CB1A30702D1D368332BAA
:1013900005D86FF00801E4E7D368002BF9D13DB11F
:1013A00015F0030301D1894556D96FF00901D8E73B
:1013B0000029FAD11CB18B460DE092461546284B08
:1013C000D3F8A000E0B1FFF767FF0446A8B1002DF5
:1013D00040D14FF0010B224B0022D86F4946FFF756
:1013E000E7FE0546C0B9BBF1000F06D01C4BD3F891
:1013F000A000214658B1FFF769FF6FF00401B0E784
:10140000D3F8800001223421FFF7D2FEDDE7D3F8C4
:101410008000FFF702FFF0E74A4600213DF026F981
:101420004BF00203FA22A3700023C4E90983C4E944
:101430000B332270A36032462B46C4F804A0394611
:1014400004F10C00FFF707FF054B064A1A67204618
:10145000BDE8F88F0123E5E7002CE3D1AFE700BF3B
:1014600024620020F514030010B500F1280353E8AE
:10147000002F12B9BFF32F8F04E0511E43E8001470
:1014800004B1F4E70AB9002010BDC06A01220028A7
:10149000F9D0811CD1E84F3FC1E8442F04B1F9E7EE
:1014A000DBB2002BF0D08068F1E7036B30B5E3B11D
:1014B000CD780024DA78AA420FD31A46C1E9012474
:1014C0008AB19160A4B16160283050E8003F5A1C95
:1014D00040E8002101B1F8E730BD5A681C46002AF7
:1014E000ECD01346E6E7C162ECE7C1E90133C16223
:1014F0000163E9E7F8B5877804468FB3C56801460C
:1015000000272846FFF711FF277005F10C0420463D
:10151000FFF7DCFEAB68002B48D02046FFF7BCFE8F
:101520000446002842D0284600F0DAFE3A46064635
:10153000394601F073F8304600F048FF6A6A816866
:10154000064604F10C003DF069F8F9232370A770FA
:10155000F368E37021462846BDE8F840FFF7A5BFD1
:101560008568AB68002BF5D05B78832BF2D12846D9
:1015700000F0B6FE3A460646394601F04FF83046CE
:1015800000F024FF06466A6A806804F10C013DF011
:1015900045F8F3680BB1E2781A70002323702146F6
:1015A00005F10C00BDE8F840FFF790BEF8BD000063
:1015B0002DE9F0410C4617469846054618B10378C8
:1015C000FA2B00D141B928466FF0030101F042FB2C
:1015D0006FF00300BDE8F0818368C3B15B78832BB3
:1015E00015D100F07DFE01220646002101F016F81B
:1015F000304600F0EBFE06466A6A806821463DF000
:101600000DF8F0680028E5D007700020E2E705F14A
:101610000C00FFF741FE064670B121466A6A0C30A5
:101620003CF0FCFF0024F9233370B470F7703146AE
:101630002846FFF73AFFE8E7B8F1000F10D041461F
:10164000932001F093F840B1074B2846596900F008
:1016500035FEEFF30983C3E902476FF00100B9E7F4
:101660006FF00200B6E700BF246200202DE9F041D0
:101670000F4615469846044618B10378FA2B00D158
:1016800041B920466FF0030101F0E4FA6FF0030066
:10169000BDE8F081FFF7E8FE064600283AD0014693
:1016A0002046FFF742FE626A06F10C0138463CF024
:1016B000B5FF0DB1F3782B70002504F10C073570E0
:1016C00031463846FFF702FEA3680BB90020DFE77A
:1016D0003846FFF7E1FD06460028F7D0204600F027
:1016E000FFFD29460746012200F098FF384600F02A
:1016F0006DFE626A8168074606F10C003CF08EFFC1
:10170000F9233370B570FB68F37031462046FFF75C
:10171000CCFEDBE7B8F1000F10D04146832001F08A
:1017200025F840B1074B2046596900F0C7FDEFF39B
:101730000983C3E902756FF00100A9E76FF00200A9
:10174000A6E700BF2462002008B5064B08219A6E68
:10175000D86EFFF7F7FD044BD864B0FA80F040096B
:10176000404208BD281A0700246200202DE9F041FC
:1017700006460F4690461C46EFF305834BB196B9DB
:1017800030466FF0030101F065FA6FF00300BDE829
:10179000F081FFF7BFFD0028F1D1DFF84CC03046E3
:1017A000234600DFF3E73378FA2BE9D1002FE7D0A7
:1017B000002CE5D106F10C00FFF76EFD054680B167
:1017C000726A39460C303CF029FFF9232846C5E9F6
:1017D00001762B70AC7085F8038000F06DFC20461C
:1017E000D5E76FF00200D2E7B1150300F8B5044663
:1017F0000F4616461D46EFF3058343B18CB92046CC
:101800006FF0030101F026FA6FF00300F8BDFFF757
:1018100081FD0028F2D1DFF848C020462B4600DFCA
:10182000F4E72378FA2BEAD1002FE8D0002DE6D197
:101830002046FFF719FE054670B100F10C01626AFF
:1018400038463CF0EBFE0EB1EB7833702846EC6086
:1018500000F032FC0020D9E76FF00200D6E700BFAD
:101860006D160300EFF310832BB9EFF311800038EE
:1018700018BF0120704701207047000070B5A8B361
:101880008468D0E900566CB114F0030302D1C26839
:101890001B2A1AD86FF00801002001F0CBF90024B0
:1018A000204670BDC368002BF4D1124BD3F89400CE
:1018B00030B9D3F8800001221C21FFF779FC01E048
:1018C000FFF7EAFC044660B10123F522A370002370
:1018D000C4E90233C4E904332270E67065602376FC
:1018E000DEE76FF0040101F0A5F9D9E705460646E9
:1018F000DBE700BF24620020284B70B55D69044619
:101900000E4635B96FF0070101F094F94FF0FF3042
:1019100070BD10B10378F52B07D020466FF003019E
:1019200001F088F96FF00300F2E7037E53B9C0E9D4
:101930000353EB6A436103B11861EC620123237620
:101940000020E5E7C278D1070DD5C168A9420AD1C8
:10195000FF2B06D16FF00F0101F06CF96FF0020060
:10196000D6E70133EBE7002EF8D093070AD5E068FD
:1019700095F9203090F920209A4203DA80F820303F
:1019800000F0C0FC3146532000F0F0FE18B12946AB
:10199000204600F093FC6FF00100B9E724620020BC
:1019A0002E4B5A6970B5044632B96FF0070101F049
:1019B00041F94FF0FF3070BD10B10378F52B07D01F
:1019C00020466FF0030101F035F96FF00300F2E7F4
:1019D000037E33B96FF00E0101F02CF96FF00200B5
:1019E000E9E7C168914202D06FF00D01F4E7013BD5
:1019F000DBB2037613BB43690BB10169196121693D
:101A0000F1B14B6192F92130D56ADDB982F820300D
:101A1000A36883B1204600F063FC06462A462946A7
:101A200000F0FCFDF36A6361C4E9036503B11C6166
:101A30000123F4622376002000F0DAFC0020BAE7EC
:101A4000D362DFE7E978890706D5A96821B191F962
:101A500020108B42B8BF0B466D69D6E72462002088
:101A600070B5044610B10378F52B07D020466FF00F
:101A7000030101F0DFF86FF0030070BD037EBBB11E
:101A80006369C0680BB122691A61226902B35361AC
:101A900090F92120C36AEBB990F92030934203D02A
:101AA00080F8202000F02EFCA068F8B900F0A0FC1F
:101AB000A078002610F001002670DED0134BD3F87A
:101AC00094502146DDB12846FFF700FC3046D4E7AC
:101AD000C362DDE7D978890706D5996821B191F904
:101AE00020108A42B8BF0A465B69D4E7204600F05E
:101AF000F7FB00226FF0020100F090FDD4E7D3F86D
:101B00008000FFF78AFB2846B7E700BF2462002069
:101B10002DE9F0410446002601270CB9BDE8F0810B
:101B2000E378D4F814801B0712D5A36826767BB11E
:101B3000204600F0D5FB00220546114600F06EFD60
:101B4000EB6A6361C4E9035603B11C61EC6227765A
:101B50004446E2E710B4C3789B071DD5C06890F9EE
:101B60002120C36ADC78A40709D59C688C4208BF91
:101B70008C6824B194F92040A242B8BF22465B6928
:101B8000002BEFD190F92030934205D080F820202F
:101B90005DF8044B00F0B6BB5DF8044B70470000E5
:101BA00008B50246EFF3058333B100206FF005015D
:101BB00001F040F8002008BDFFF754FE0028F4D1E2
:101BC000DFF808C0104600DFF5E700BF7D1803000E
:101BD00008B50246EFF305833BB110466FF00501EF
:101BE00001F028F86FF0050008BDFFF73BFE002864
:101BF000F3D1DFF808C0104600DFF5E7F91803005D
:101C000008B50246EFF305833BB110466FF00501BE
:101C100001F010F86FF0050008BDFFF723FE002863
:101C2000F3D1DFF808C0104600DFF5E7A119030083
:101C300008B50246EFF305833BB110466FF005018E
:101C400000F0F8FF6FF0050008BDFFF70BFE00285D
:101C5000F3D1DFF808C0104600DFF5E7611A030092
:101C6000EFF310832BB9EFF31180003818BF012078
:101C70007047012070470C30D0E85F3F13B9BFF3C5
:101C80002F8F04E05A1EC0E8512F01B1F4E798B23B
:101C9000003818BF0120704730B500F10C02C1892F
:101CA000D2E85F3F994202D8BFF32F8F04E05C1C5B
:101CB000C2E8554F05B1F3E7C0899BB2984294BF83
:101CC0000020012030BD0000F8B50E464FF6FE732F
:101CD000411E9942054601D8B04207D26FF0030178
:101CE000002000F0ADFF00242046F8BD1AB3946830
:101CF000176844B114F0030302D1D2680F2A0ED83A
:101D00006FF00801ECE7D368002BF9D1114BD3F841
:101D1000980090B1FFF7C0FA0446A8B10123A37060
:101D20000023F622A3600B4B22700B4A6760A6814A
:101D3000E5819A66D8E71746E8E7D3F880000122E4
:101D40001021FFF735FAE7E76FF0040100F078FFA4
:101D5000CAE700BF24620020CD1D030070B5054610
:101D600010B10378F62B07D028466FF0030100F07E
:101D700067FF6FF0030070BD836863B1284600F011
:101D8000AFFA00226FF0020100F048FCA8680028BA
:101D9000F4D100F02DFBAB78002613F001032E7078
:101DA0000FD0094BD3F89840294624B12046FFF7BD
:101DB0008DFA3046DFE7D3F88000FFF72EFA204691
:101DC000D9E71846D7E700BF24620020836810B522
:101DD00004465BB1FFF74FFF40B1204600F080FAA8
:101DE0000022BDE81040114600F018BC10BD38B507
:101DF000054610B10378F62B07D028466FF0030193
:101E000000F01EFF6FF0030038BD84683CB100F0A5
:101E100067FA0122002100F001FC0020F4E7FFF73F
:101E20003BFF38B928466FF0100100F009FF6FF052
:101E30000200E9E72046E7E738B50D46044610B151
:101E40000378F62B07D020466FF0030100F0F8FE70
:101E50006FF0030038BDFFF70EFF68B975B1294672
:101E6000632000F083FC20B1064B2046596900F046
:101E700025FA6FF00100EDE70020EBE76FF00200BC
:101E8000E8E700BF2462002010B50446EFF30583A5
:101E900033B100206FF0050100F0D2FE002010BD2C
:101EA000FFF7DEFE0028F4D1DFF808C0204600DF8F
:101EB000F5E700BFC91C030010B502460C46EFF35E
:101EC000058343B182B910466FF0030100F0B8FEFC
:101ED0006FF0030010BDFFF7C3FE0028F2D1DFF85A
:101EE00024C0104600DFF5E71378F62BEBD1002C69
:101EF000E9D11046FFF7BFFE002814BF00206FF0A5
:101F00000200E7E7391E030010B50446EFF305832E
:101F100043B184B920466FF0030100F091FE6FF0E9
:101F2000030010BDFFF79CFE0028F2D1DFF830C09F
:101F3000204600DFF5E72378F62BEBD12046FFF7AC
:101F4000ABFE20B1204600F0B7F80020E9E72046BC
:101F50006FF0100100F074FE6FF00200E1E700BFC7
:101F6000EF1D030008B50246EFF305833BB11046B1
:101F70006FF0050100F064FE6FF0050008BDFFF78B
:101F80006FFE0028F3D1DFF808C0104600DFF5E748
:101F90005D1D030010B5D0E85F3F5A1C914200D888
:101FA0000022C0E8542F04B1F5E798B210BD00003C
:101FB00038B51C4C00F0D6FEE3680133E36000F056
:101FC000D5F9002000F014FA236D03B19847226C74
:101FD00032B3A369E06BD969984202D0E36301B9D7
:101FE000DA61DA69C2B9237A022B19D1656ABDB107
:101FF000E36B95F9202093F920309A4210D12846BE
:1020000000F077F9E06B00F08FF9284600F0E8F96E
:10201000236CE563EB6103E0013ADA61002AE2D068
:1020200038BD00BF2462002070B5224C04F1560573
:1020300004F15A06B4F85410D5E85F3F13B9BFF362
:102040002F8F04E05A1EC5E8502F00B1F4E79BB271
:102050005BB33046FFF79EFFE36D53F8200020B3DB
:102060000378F13B082BE5D801A252F823F000BF1A
:1020700095200300352003009B200300352003003A
:10208000352003009F200300A32003003520030018
:10209000A7200300236E9847CCE7636EFBE7A36E8F
:1020A000F9E7E36EF7E7236FF5E7BDE8704000203E
:1020B00000F09EB92462002070B5164C0546B4F8B5
:1020C000541004F15602D2E85F3F994202D8BFF3A0
:1020D0002F8F04E0581CC2E8560F06B1F3E79BB2FD
:1020E000994205D829460220BDE87040FEF7E5BFB9
:1020F00004F15800FFF74EFFE36D43F82050637A78
:1021000023B9054B4FF080525A6070BD0123A37272
:10211000FBE700BF2462002000ED00E0EFF3108336
:102120002BB9EFF31180003818BF01207047012050
:1021300070470378F12B00D07047C068F9E70000C2
:1021400010B5C469621CD0E904310CD103B15961E6
:1021500042691AB113610023436101E0074A136326
:102160000023C36110BD1BB1DA6959612244DA61F1
:102170004269002AEED1014AD362F1E724620020CD
:1021800010B50A4A90F9201001234370536A1C329B
:102190001BB193F920408C4205DCC0E9023290600B
:1021A00003B1D86010BD1A469B68F1E72462002095
:1021B000014B5869704700BF2462002010B500230E
:1021C000038083789A07044608D513F0100F016B3B
:1021D0000E4B0FD0D3F88400FFF778F8A378DB0715
:1021E00012D50A4BD3F88800214638B1BDE810401B
:1021F000FFF76CB8586FFFF710F8EFE7BDE8104035
:10220000D3F88000FFF709B810BD00BF246200209A
:1022100008B500F025FDDFF810C000DF4FF0FF31FA
:10222000002000F0FBFCFEE785260300C278D20701
:10223000034601D4FFF7C2BF0422054942700022C1
:10224000C2604A6B826002B1D0604B63704700BFCE
:1022500024620020930710B502F0010422D400F19B
:10226000280384B153E8000F00EA01028A4203D038
:10227000BFF32F8F002005E020EA010243E800248D
:1022800004B1EFE710BD53E8000F084203D1BFF3DC
:102290002F8F002005E020EA010243E8002404B16A
:1022A000F1E7EFE7806A01EA00031CB18B4218BF37
:1022B0000020E7E7002B08BF0020E3E710B591F905
:1022C000202083681BB193F92040944205DAC1E9CC
:1022D0000230816003B1D96010BD18469B68F1E7F8
:1022E00083689A68826002B1D0600022DA60184682
:1022F0007047C2682AB18368936003B1DA60002333
:10230000C360704710B5044664B12378F12B07D041
:10231000FFF7EFFF01462046BDE81040FFF7CEBFB4
:10232000E468F1E710BD0000012301464370014855
:10233000FFF7C4BF4062002070B50B4D2E7A022E0D
:1023400010D16C6A74B1696994F9202091F9203038
:102350009A4207D12046FFF7CCFF0846FFF7E4FF7B
:102360006670AC61002070BD2462002038B5164D47
:10237000EC6A44B3E369013BE36123BB6378732BED
:1023800006D009D8532B0BD003F0DF03432B0DD11C
:102390002046FFF7CEFE09E003F0EF03832BF6E7BC
:1023A0002046FFF7C6FE2146FFF7D4FB2046FFF785
:1023B000A0FFFFF7B9FF246924B1E369002BDDD04A
:1023C00000236361EC6238BD2462002090F8223063
:1023D000826B13F0100F0CBF602020201044704758
:1023E00002234370014B9861704700BF24620020B4
:1023F00070B5124D04462E7A696990B9022E0FD13C
:102400006C6A6CB194F9202091F920309A4207DD72
:102410002046FFF76EFF0846FFF7B2FE6670AC611C
:1024200070BD022E05D190F9202091F920309A42FA
:10243000F1DC2046BDE87040FFF776BF2462002043
:102440002DE9F04F85B08046029128B96FF0030165
:1024500000F0E4FB0024ABE0002A48D0D2E900A35E
:10246000946896690193D2E904B544B1A10702D1F9
:10247000D268432A06D86FF008010020E8E7D26846
:10248000002AF8D1BBF1000F08D01BF0070F02D1D2
:10249000002D40F0A9806FF00A01EEE72EB1721E08
:1024A000372A03D96FF00B01E7E71826002D40F01B
:1024B0009F804CBB534CD4F88800F0B1FEF7ECFE83
:1024C0000446002800F08D800127DFF83891BBF129
:1024D000000F32D1D5B94C4AD9F88400556DA8B156
:1024E000FEF7DAFED0B147F01007834621E09246AE
:1024F0009346182615460192DCE7D4F880000122A5
:102500004421FEF755FEDBE70027DEE7D9F874002B
:102510005A462946FEF74CFE0028E6D1002F55D03A
:10252000D9F88820002A47D021461046FEF7CEFE73
:10253000002447F00207002C53D040F2F112228011
:102540000022C4E90222C4E90422C4E90622C4E943
:102550000922C4E90B2BA5F140025A44C4E90E2814
:10256000019B2A4AE37076B2FD21A770C4F804A04B
:1025700084F8206084F8216061846563CBF80020D2
:10258000214A1268530723D4A36B34221846002132
:102590003CF06CF81E4A1F4BC0E90D284FF08072CA
:1025A000C263029A02622046C9F86030FFF720FF3A
:1025B000204605B0BDE8F08F2146D9F8800003928F
:1025C000FEF72BFE039A14469346B2E73C46B0E76B
:1025D00025F00302443ACC210BF104003CF046F80C
:1025E000D2E76FF0040148E7002E7FF458AF1826B9
:1025F0006A077FF450AF084AA5F1480191427FF67F
:1026000058AF48E724620020281A0700A52E5AE296
:102610001122030041260300B7FFFF7F38B50546AE
:102620001446FFF7D3FE01602846FFF789FD1CB171
:10263000BDE83840FFF7DCBEBDE83840FFF774BEA8
:1026400010B54378332B04460CD1416A90F823200F
:10265000FFF700FE014628B120460022BDE81040E9
:10266000FFF7DCBF10BD10B50446806918B1002229
:102670001146FFF7D3FF6378232B02BFA368002224
:102680009A6110BD70B50F4C267A022E18D1636A7C
:10269000B3B16569E86AFFF73BFA2846FFF7E3FF45
:1026A00004F11C00FFF71CFE4670A061EFF30983E4
:1026B000AB63002363612846BDE87040FFF7B6BDF9
:1026C00070BD00BF2462002010B5044610B103782D
:1026D000F12B07D020466FF0030100F09FFA6FF056
:1026E000030010BD437803F00F03022B1ED0032B11
:1026F0002BD0012B2ED1FFF7FCFDE06AFFF708FA83
:102700002046FFF7B0FF6178022926D11548FFF770
:10271000E7FD154B41709861EFF30982A263002237
:102720005A612046FFF782FD0020DAE70E4B1A7A45
:10273000022A02D15B6A002BDFD16FF00201204632
:1027400000F06CFA6FF00200CBE7FFF7D2FDFFF765
:10275000F7FCD2E76FF00201F2E70020FFF748FE36
:10276000DFE700BF406200202462002038B51F4C24
:10277000237A022B35D1636A002B34D063694A1C5B
:10278000587016D1226B002172B94FF0FF30C3E9A7
:102790000421D86159B10B611548FFF7A1FD02234F
:1027A0004370A061012038BD11461269ECE7236334
:1027B000F2E7E26A002012B1D569A9420BD2C3E95F
:1027C0000420D96158B10361002AE5D0D069536172
:1027D000401AD061E0E71046491B1269EBE7E3625B
:1027E000F2E70020DFE71846DDE700BF24620020A3
:1027F0004062002038B50D4C0D48A26D0D4D0021F2
:10280000FFF71EFE636EA8625BB1984758B9E26D90
:10281000E96C206EFFF714FEA864003818BF012091
:1028200038BD0120FCE70020FAE700BF281A0700A6
:102830008D2B03002462002010B50446EFF30583BE
:1028400033B100206FF0050100F0E8F9002010BD61
:10285000FFF764FC0028F4D1DFF808C0204600DF51
:10286000F5E700BF4124030008B5EFF3058313B17A
:10287000054B586908BDFFF751FC0028F8D1DFF877
:102880000CC000DFF6E700BF24620020B121030086
:1028900008B5EFF305833BB100206FF0050100F0B0
:1028A000BDF96FF0050008BDFFF738FC0028F3D133
:1028B000DFF804C000DFF6E73923030010B5044653
:1028C00000F0DAF9EFF305833BB120466FF0050124
:1028D00000F0A4F96FF0050010BDFFF71FFC002801
:1028E000F3D1DFF808C0204600DFF5E7C926030072
:1028F00030B50C4D6B6C002213B11C698C420AD9A7
:10290000C0E9022301611BB11C699860641A1C6153
:102910002AB1D06030BD1A46091BDB68ECE7686459
:10292000F8E700BF246200202DE9F041184D6C6CDF
:1029300054B323696E69013B23610127236913BBEB
:10294000E3680BB1A2689A606B640023E86C1A46D6
:1029500004F11801FEF70AFF58B1D5E905832146B5
:1029600003206B61FEF7A9FB6B6913B9B04508BF83
:102970000026E378012B09D161692046FFF7B8FFF3
:102980006C6C002CDAD16E61BDE8F0816770F7E7FE
:102990002462002008B5FEF7D7FE18B9034B044A9D
:1029A0001A6508BD4FF0FF30FBE700BF246200202E
:1029B0002929030007B504464FF0FF33002269467A
:1029C0002046FEF713FF0028F6D1DDE900309847D6
:1029D000F2E7000008B5094B094A1A60094B9B1A37
:1029E000094A1360094B0A4A1A600A4B9B1A0A4AA1
:1029F000136000F051F800F069F800BF0C87002068
:102A000000FC03200000042008870020FC67012050
:102A10005070012000FC0320F86701200E4838B5F3
:102A20000E4B03600B250E4B45601C24C460836075
:102A3000FFF7B6F80B4B18600B480C4BC460C0E9AD
:102A400000350B4B8360FFF7ABF80A4B1860BDE80D
:102A500038403BF0E5BC00BFD8860020FC1A0700D8
:102A6000EC860020E8860020A8860020091B0700CD
:102A7000BC860020B8860020FDF752BE024B4FF006
:102A8000FF311868FFF7A4B8E8860020014B1868EA
:102A9000FFF7B6B8E886002008B535F0B7FEBDE808
:102AA000084000F011B87047704708B500F042F8D0
:102AB000FFF7F9FFFFF7B2FFFFF7F6FF33F054FD22
:102AC000BDE80840FFF7D8BFFEF702BB114C124B20
:102AD00023614FF4004363614423E3600F4BA36021
:102AE000182307B5A3610E480E4B23602246002130
:102AF000FFF7A2FE034628B90B49009022460B4877
:102B000033F042FDFEF7FCFA0023094900931A4610
:102B1000F5E700BF100701201087002034070120CF
:102B2000AB2A0300131B0700181B07001D010180BF
:102B3000341B07001FB5064B0FCB6C4684E80F0013
:102B40002046FFF72DF8034B186004B010BD00BFFE
:102B50005C1B07007807012073B506460C46154636
:102B600033F004FD58B906342ABF064B064953F822
:102B70002410002300933246284633F005FD02B0AE
:102B800070BD00BF201D0700741C070008B500F0D1
:102B9000F3F8000007B50023411E0093024600230E
:102BA000042919D8DFE801F003080C1014000C49BF
:102BB0000C48012233F0E8FC0B490C480222F9E7EB
:102BC0000B490C480322F5E70B490C480422F1E7B6
:102BD0000B490C480522EDE70B490C48EAE700BF1A
:102BE0006C1B0700250102808D1B07002601028057
:102BF000B21B070027010280E71B070028010280A3
:102C0000221C07002A010280621C070000010280CA
:102C1000014A0146FFF7A0BF31010180014AFFF7D9
:102C20009BBF00BF32010180014AFFF795BF00BF83
:102C300037010180014AFFF78FBF00BF33010180D8
:102C400011F1110F02D0024AFFF786BF704700BF93
:102C500034010180014AFFF77FBF00BF38010180C6
:102C600010B5FFF701FE034B1B6813B1BDE8104020
:102C7000184710BD98070120024B1B6803B1184785
:102C8000704700BF98070120024B987A003818BFA0
:102C9000012070472462002008B5FEF747FA074973
:102CA000002233F003FDC31C04D9054905488B22DB
:102CB00033F046FABDE80840FEF74CBA892C030011
:102CC000381D07006D1D0700B0F57A7F38B50D4639
:102CD00004D018491848322233F032FA32F04AFF51
:102CE000041E13DB04F1604303F56143E02283F823
:102CF00000232946204634F009FF204634F00EFF19
:102D000085420AD00B490D483F22E5E70C4B04F001
:102D10000F021344E0221A76EBE7002C07DB094A86
:102D20006109012304F01F04A34042F82130002070
:102D300038BD00BF381D07009A1D0700A71D0700FA
:102D4000FCEC00E000E100E008B533F037FCBDE842
:102D5000084033F004B80000014B186833F034B871
:102D600028670120014B186832F0F0BF2867012066
:102D700008B532F0FFFE08BD08B5024C236898473D
:102D8000FCE700BFC86200202FF080BA2DE9F341B4
:102D9000D0F8288001921D460E46074619F06CFBBC
:102DA00098F80D300199022B05440ED0032B0ED05C
:102DB000012B00D12835F36A3C695A19A24209D97E
:102DC000F462002002B0BDE8F0811835F3E705F5A4
:102DD000A875F0E7E41A7B685BB1986819F06CFBA2
:102DE000844228BF0446A54203D9F36A2344F36210
:102DF000E7E7054B1B6898884FF47A73641B5843C8
:102E0000A04228BF2046DDE7883401201FB50123FA
:102E10008DF8043001A80023CDE902332FF0A8F883
:102E200005B05DF804FB1FB5002301A8CDE901330F
:102E300003932FF09DF805B05DF804FB2DE9F341F5
:102E4000866AF36E8846044606F1600113B101916B
:102E500098470199A26800232046FFF797FF07468D
:102E600020B902B0BDE8F04119F0D4BA134DA368FF
:102E70006B6740462FF084F8114BAB67A068114B8D
:102E8000EB67C5F8847019F0FDFAC5F88000A06002
:102E900005F178002FF056F8002385F87030736E36
:102EA00043B1FFF7B3FF306E272102B0BDE8F04118
:102EB0002FF044B9FFF7B7FFF5E700BFA40A0120E0
:102EC00021310300492F03002DE9F04180460C46D3
:102ED00019F0AAFA064618B101263046BDE8F0817D
:102EE0002EF082FA174D696F074619F0E5FAE36A8A
:102EF0001844E0626F6719F0BFFA3A46034621466C
:102F00004046FFF743FF07460028E5D0D5F8748018
:102F100019F0B2FA404419F0B5FAC5E9200705F1F5
:102F200078002FF00FF885F87060636833B1FFF711
:102F30006DFF206827212FF001F9CEE7FFF773FF1F
:102F4000F7E700BFA40A01202DE9F04F85B09346B2
:102F500001919A4607462EF047FADFF8C0916D4C72
:102F6000C9F8000019F050FA19F04EFA6A4B866A57
:102F700093F8705001996A1C804683F8702085B1DF
:102F8000022D00F08480A58C2EF02EFAD9F80030A6
:102F9000C01A854240F2AE80A08CA08405B0BDE886
:102FA000F08F07B3FB1E012B40F2AD80042F64D0DD
:102FB0006BD82B460125032F59D02A461D46E369BD
:102FC0000133E3612B46154643B117F0FB0F42D0A6
:102FD00006F160014046FFF777FF0546002DD2D08D
:102FE00019F028FACFE79DF8383086F8821086F875
:102FF0008330C6E921BA306E06F190033A4606F1F5
:10300000480101F03FFD00282FD0336F316E40465C
:103010009847002875D0658C2EF0E6F9D9F8003075
:10302000C01A85421AD9608C96F88030ADF8083005
:10303000736E60840393FFF7E9FE012102A82FF06D
:1030400031F8736F13B1316E4046984723680133EE
:103050002360002F97D02FF011F9B9E72EF0C4F9B3
:10306000D9F80030C01A80B2DEE70127EEE7A26887
:103070000132A260002BABD1B0E72B46012562687C
:1030800001326260002BE6D1A8E7012297E76FB119
:10309000FB1E012B1BD9042F4FF000034FF001053D
:1030A00024D01DD9E2690132E2618DE7B06E06F1EC
:1030B00090033A4606F1480101F0E4FC18B1F36FC1
:1030C000B16E40469847236901332361C3E7F36F2C
:1030D00000219847042F4FF001034FF0000505D061
:1030E000032FDFD1A2690132A261C3E76269013215
:1030F0006261C7E72EF078F9D9F80030C01A80B2C3
:103100004BE701279DE7042F4FF001037FF453AFF6
:10311000B5E700BF9C070120A40A0120440A012052
:103120002DE9F84381462EF05FF9284D284C2860A0
:1031300019F06AF919F068F9264B876A93F87060FC
:10314000721C012E804683F8702024D1B9F1000F43
:1031500038D1BB6F796E984778B1268C2EF044F940
:103160002B68C01A864221D9238C2384FFF75BFE8B
:10317000B86E27212FF058F80026E3680133E3608A
:103180004EB12FF07BF807F160014046FFF79CFE3F
:1031900008B119F04FF9E68C2EF026F92B68C01A09
:1031A000864209D9E08CE084BDE8F8832EF01CF952
:1031B0002B68C31A9BB2D8E72EF016F92B68C01AF9
:1031C00080B2F0E7E3690133E361E2E7440A0120FA
:1031D0009C070120A40A012008B5064A06490220DE
:1031E00001F086FBBDE808400448282200213BF09E
:1031F0003DBA00BF892D03003D2E03009C0701202E
:103200001FB5002301A8CDE9013303932EF0B0FED2
:1032100005B05DF804FB00007FB5174C866A0546D3
:1032200008462EF0ADFE154BA367154BE367A86863
:10323000B36FC4F8843019F025F9C4F88000A86091
:1032400004F178002EF07EFE002384F87030326E98
:103250007AB1012201A8CDE902338DF804202EF0C5
:1032600087FE084840F2011104B0BDE870402EF01E
:1032700065BFFFF7C5FFF4E7A40A01208932030008
:10328000D9350300C407012070B506462EF0ACF80E
:103290001E4D1F4C286019F0B7F81E4A92F8703086
:1032A000591C012B82F8701013D146BBA68D2EF04D
:1032B0009BF82B68C01A864215D9A08DA085FFF710
:1032C0009FFF154840F201112EF0AEFFE368013375
:1032D000E360668E2EF088F82B68C01A864208D903
:1032E000608E608670BD2EF07FF82B68C01A80B2A9
:1032F000E4E72EF079F82B68C01A80B2F1E7A36AF0
:103300000133A36219F096F8E3E700BF440A0120F5
:10331000C8080120A40A0120C407012070B5104C80
:10332000866A054608462EF02BFE0E4BE367A8681A
:10333000B36EC4F8843019F0A5F8C4F88000A86012
:1033400004F178002EF0FEFD002384F87030FFF7C2
:1033500057FFBDE87040044840F201112EF0EEBE68
:10336000A40A01206D330300FC0801202DE9F74F6A
:103370000E469DF8301001929A46009105462EF0B7
:1033800033F8DFF84C82DFF84C92C8F8000019F0EF
:103390003BF819F039F899F87030D0F828B0894C1A
:1033A000DDE90012074683B1032B00F08980258CEC
:1033B0002EF01AF8D8F80030C01A854240F2F48096
:1033C000208C208403B0BDE8F08FDDB1EA1E012A15
:1033D00040F2F180042D67D070D81A460123032DE6
:1033E0005CD019461346A2690132A2611A460B4607
:1033F000002A60D015F0FB0F01D12EF03FFF19F02D
:1034000019F8D4E7032389F870308BF86D60012632
:10341000CBE91C2A8BF86E102A46DBF860306A492B
:103420008BF878609847054690B358462EF0A8FD73
:103430000AEB050019F026F8C9F8800009F17800B8
:103440002EF080FDA58B2DF0CFFFD8F80030C01AEC
:10345000854216D9A08BA083FFF7D2FE5A4840F2CE
:1034600001112EF06BFEDBF864305849384698475E
:10347000B0FA80F67609236801332360002E96D0D7
:10348000BBE72DF0B1FFD8F80030C01A80B2E2E7F8
:10349000DBF864304C4938469847ECE7A1680131C5
:1034A000A160002AABD106E01A4601236168013110
:1034B0006160002AA1D1002BA1D178E7012192E718
:1034C000DBF86030ADB1EA1E012A55D92A46002149
:1034D0009847DBF86430002138469847042D4FF0B8
:1034E00000024FF001035BD054D9A1690131A16101
:1034F0007EE78BF878508BF86E102A4632498BF8AD
:103500006D609847054680B358462EF039FD05EBAF
:103510000A0018F0B7FFC9F8800009F178002EF012
:1035200011FDA58B2DF060FFD8F80030C01A854240
:1035300014D9A08BA083FFF763FE234840F201114A
:103540002EF0FCFDDBF86430204938469847B0FA8D
:1035500080F67609E3680133E3608FE72DF044FFDE
:10356000D8F80030C01A80B2E4E7DBF864301649BE
:10357000384698470126EDE72A4600219847DBF8B0
:103580006430002138469847042D4FF001024FF077
:10359000000305D0032DA8D161690131616180E785
:1035A00021690131216184E72DF01EFFD8F8003038
:1035B000C01A80B205E7042D4FF001027FF40FAF6F
:1035C00074E700BF000A0120FC080120C4070120A5
:1035D000440A0120A40A01202DE9F04F8BB09B463C
:1035E0009DF850300193CDE9022106462DF0FCFEF6
:1035F000DFF8C882DFF8C8A2C8F8000018F004FF9E
:1036000018F002FF9AF87070856AAA4C0399022F8D
:10361000DDE90132814600F0C380032F00F03081E4
:10362000002F52D1FEB1F31E012B40F29E81042ED9
:1036300000F0A88000F2B2803B460127032E00F084
:103640009A803A461F46A36A0133A3623B46174657
:10365000002B00F09F8016F0FB0F01D12EF00EFE24
:1036600018F0E8FE31E085F87D1085F87E30C5E978
:10367000202B6B6E9049984700283BD02B6EFBB1F6
:103680000123E78D8AF870302DF0AEFED8F80030B7
:10369000C01A874227D9E08D95F87430ADF8143000
:1036A0002B6EE08506930125002307A8CDE908339A
:1036B0008DF81C502EF05CFC294605A82EF0F2FC7B
:1036C000236801332360002EC8D1258E2DF08CFE97
:1036D000D8F80030C01A854240F24081208E208602
:1036E0000BB0BDE8F08F2DF07FFED8F80030C01A87
:1036F00080B2D1E7EB6E002B36D06F494846984731
:10370000064688B303238AF870302EF0B7FD2846AA
:103710002EF036FC0BEB060018F0B4FECAF8800061
:103720000AF178002EF00EFCA68D2DF05DFED8F883
:103730000030C01A864210D9A08DA085FFF760FD29
:103740005D4840F201112EF0F9FC2B6F5A494846B2
:103750009847B0FA80F67609B2E72DF045FED8F822
:103760000030C01A80B2E8E72B6F13B152494846C7
:1037700098470126A4E7A2680132A260002B7FF4DB
:103780006FAF07E03B460127626801326260002BA1
:103790007FF464AF002F7FF463AF96E7012252E716
:1037A00003278AF870706EB1F31E012B55D9042ED1
:1037B0004FF000034FF001075ED057D9A26A0132E3
:1037C000A26245E785F87D1085F87E30C5E9202B9B
:1037D000AB6E39499847EB6E002B37D036494846D7
:1037E0009847064690B328462EF0CAFB0BEB06001E
:1037F00018F048FECAF880000AF178002EF0A2FB0B
:10380000A68D2DF0F1FDD8F80030C01A864216D9E9
:10381000A08DA085FFF7F4FC274840F201112EF09F
:103820008DFC2B6F244948469847B0FA80F0400938
:1038300023690133236100283FF447AF0EE72DF0E1
:10384000D3FDD8F80030C01A80B2E2E72B6F13B175
:103850001949484698470120EAE7AB6E002198478E
:10386000042E4FF001034FF0000705D0032EA5D121
:10387000A2690132A26181E762690132626186E771
:10388000EB6EFEB1F21E012A57D9002198472B6F2B
:1038900013B1002148469847042E4FF000034FF023
:1038A000010757D08AD8032E88D1626A013262623A
:1038B00064E700BFC8080120C4070120440A0120B2
:1038C000A40A01202C499847064678B328462EF0D2
:1038D00057FB06EB0B0018F0D5FDCAF880000AF183
:1038E00078002EF02FFBA68D2DF07EFDD8F800304D
:1038F000C01A864213D9A08DA085FFF781FC1E480F
:1039000040F201112EF01AFC2B6F1B4948469847D4
:10391000B0FA80F04009E3690133E3618BE72DF0F1
:1039200063FDD8F80030C01A80B2E5E72B6F13B101
:103930001149484698470120EDE7002198472B6F31
:1039400013B1002148469847042E4FF001034FF071
:103950000007A8D1226A0132226218E72DF044FD47
:10396000D8F80030C01A80B2B9E6042E4FF0010337
:103970007FF464AE08E700BFC407012008B506491C
:103980000022062000F0B4FFBDE8084003483422BE
:1039900000213AF06BBE00BF19320300C8080120B5
:1039A00008B506490022092000F0A2FFBDE8084042
:1039B0000348242200213AF059BE00BF1D33030002
:1039C000000A01202EF062BC1FB5002301A8CDE93A
:1039D000013303932EF0CCFA05B05DF804FB000030
:1039E0002DE9FF4707460D469246994618F01CFD03
:1039F0000646002879D1D7F828803D4C94F87230DB
:103A0000032B72D094F87110022984BF0339C9B214
:103A100001F12502013388F8012084F87230EB7E31
:103A20000B414A1CDB0784F87120E7D5B9F1000F80
:103A300004D11AF0FB0F01D12EF020FC40462EF0ED
:103A40009FFAB9F1000F2FD0B86818F01BFDC4F829
:103A50008000B860002384F87030D5F80C80B8F18D
:103A6000000F06D0D4F8800018F00CFD014638464F
:103A7000C04720482EF066FA6B689BB301238DF88F
:103A8000043001A80023CDE902332EF071FA2B7E19
:103A9000ADF8043001212B68029301A82EF09EFAA4
:103AA000304604B0BDE8F0876B6853B12DF09CFC44
:103AB000804618F0E1FC404418F0E4FCC4F88000B3
:103AC000C8E798F80E102A7E98F80C0017F04FFC03
:103AD000804618F0D1FC404417F0B0FCD4F8803098
:103AE0001844E9E7FFF770FFD1E70126D8E700BFE8
:103AF000A40A01201C0B012010B50E4B0E4A816A4E
:103B00009A670E4ADA670422C3F8842091F87A4053
:103B100083F87140002283F8702083F872206031AE
:103B20000123FFF75DFF18B1BDE8104018F072BC2B
:103B300010BD00BFA40A0120793C0300413B0300F3
:103B40002DE9F347994605462DF04EFCDFF8248118
:103B5000464CC8F8000018F057FC18F055FC444AD1
:103B6000866A92F87030591C012B074682F8701053
:103B700062D106F1600A002D45D1C6F87C90706EC6
:103B800006F180032A4606F1480100F07BFF8146DA
:103B900040B3336F716E3846984718B3B4F81A9033
:103BA0002DF022FCD8F80030C01A814513D9608B63
:103BB0006083FFF709FF96F87930ADF800300121F6
:103BC000B36E019368462EF06DFA736FA3B1716EF8
:103BD0003846984710E02DF007FCD8F80030C01A9E
:103BE00080B2E5E700231A4651463846FFF7F8FE53
:103BF0000546B9F1000FE8D1636801336360DDB1B8
:103C00002EF03CFB10E000232A465146FFF7E8FE69
:103C1000042D1ED001D8032D09D0636901336361DF
:103C200050B115F0FB0FEBD018F004FC04E0E36892
:103C30000133E3600028F7D1A58B2DF0D5FBD8F830
:103C40000030C01A85420AD9A08BA08302B0BDE81B
:103C5000F087A3680133A3600028D1D1ECE72DF0F1
:103C6000C3FBD8F80030C01A80B2EEE7240A012066
:103C7000A40A0120440A01202DE9FF4107462DF046
:103C8000B3FB324E324C306018F0BEFB18F0BCFB78
:103C9000D0F828802FB163690133636118F0CAFB43
:103CA0000AE02C4B93F870506A1C08F1600183F80D
:103CB00070206DB1022D39D0E58B2DF095FB336866
:103CC000C01A85423BD9E08BE08304B0BDE8F081A7
:103CD000D8F8643023B3278B2DF086FB3368C01AE5
:103CE000874217D9208B208301238DF8043001A847
:103CF0000023CDE902332EF03BF9D8F864002421EB
:103D00002EF092FA236801332360002DD4D02EF0D8
:103D1000B5FAC3E72DF068FB3368C01A80B2E2E75A
:103D20002B462A46FFF75CFE0546EBE73B463A4644
:103D3000FFF756FE2369013305462361E5E72DF0C1
:103D400053FB3368C01A80B2BEE700BF440A0120AB
:103D5000240A0120A40A012008B5064A06490320C6
:103D600000F0C6FDBDE808400448202200213AF0DA
:103D70007DBC00BFC5390300F93A0300240A0120C5
:103D80001FB5002301A8CDE9013303932EF0F0F80D
:103D900005B05DF804FB00002DE9F0479A460546A2
:103DA0002DF022FB354F364C386018F02DFB18F003
:103DB0002BFB344B866A93F8709009F10102B9F13C
:103DC000010F804683F8702043D175BB9DF82030E9
:103DD00086F8A130316FD6F89430C6F8A4A0984781
:103DE00080B3B4F81E902DF0FFFA3B68C01A8145ED
:103DF00015D9E38BE383FFF7C3FF022106F17400BB
:103E00002EF050F9D6F8983013B1316F40469847EC
:103E1000636801336360E5B12EF030FA17E02DF0EE
:103E2000E3FA3B68C31A9BB2E4E7042D1CD001D827
:103E3000032D09D0A36915F0FB0F03F10103A36162
:103E400005D1E9E74D46E3E7E3680133E36018F0A5
:103E5000F1FA258C2DF0C8FA3B68C01A854207D9C3
:103E6000208C2084BDE8F087A3680133A360D3E7EA
:103E70002DF0BAFA3B68C01A80B2F2E7440A01207A
:103E8000480A0120A40A0120F8B5CB6B06460C466F
:103E90000BB90120F8BD0121984705460028F8D04C
:103EA000B06A144E2EF06CF8D6F88000284418F052
:103EB000E9FA114DC6F8800006F178000F4E2EF099
:103EC00041F8AF8B2DF090FA3368C01A87420AD9B7
:103ED000A88BA883FFF754FF04F1240002212EF0E1
:103EE0007DF80020D6E72DF07FFA3368C01A80B243
:103EF000EFE700BFA40A0120480A0120440A01207C
:103F00002DE9FF4705462DF06FFA404F404C3860D1
:103F100018F07AFA18F078FA866A81462DB1A3690A
:103F20000133A36118F086FA18E0DFF8E88098F80A
:103F30007050022D06F1600A3DD0032D55D06DB9A9
:103F4000336FBBB90323514688F87030FFF79CFFED
:103F50000546236801332360002D54D1658C2DF074
:103F600043FA3B68C01A854247D9608C608404B02C
:103F7000BDE8F087012388F87030B4F81C802DF07C
:103F800033FA3B68C01A80450FD9A08BA083012368
:103F90008DF8043001A80023CDE902332DF0E8FFAD
:103FA000306F24212EF040F9D3E72DF01DFA3B6845
:103FB000C01A80B2EAE7032388F8703096F8A1109F
:103FC000707BD6F8A4500E2217F0D1F9963528440C
:103FD00018F058FA5146C8F880004846FFF754FFD9
:103FE0002369013305462361B6E75146FFF74CFFCD
:103FF0006369013305466361AEE72DF0F5F93B686F
:10400000C01A80B2B2E72EF039F98BE7440A0120DA
:10401000480A0120A40A0120F0B51F4C1F4B866AF4
:10402000A3671F4BE3670423C4F8843085B00023E3
:104030000F460546A4F8703018F0F6F9014640BB6B
:10404000D6F89C300BB12846984738462DF098FF9B
:10405000A86818F017FAC4F88000A8601148002575
:1040600084F870502DF06EFF336F7BB1012301A8EF
:10407000CDE902558DF804302DF07AFF022106F1CA
:10408000600005B0BDE8F0402DF0A8BFFFF778FE56
:10409000F4E705B0F0BD00BFA40A0120013F030012
:1040A000993D03001C0B0120FFF7B6BF08B5084976
:1040B0000022072000F01CFC06490022082000F026
:1040C00017FCBDE808400448242200213AF0CEBA8B
:1040D00019400300A9400300480A01201FB501232D
:1040E0008DF8043001A80023CDE902332DF040FF04
:1040F00005B05DF804FB00002DE9F04104460D46D3
:1041000018F082F9836A1B78042B0BD1124B93F8B9
:1041100070303BB9FFF7E2FF29462046BDE8F04189
:104120002DF05CBF0D4E0E4FB6F816802DF05CF9E9
:104130003B68C01A804509D9F38AF382FFF7CEFFA6
:1041400029462046BDE8F0412DF0ACBF2DF04CF9DA
:104150003B68C31A9BB2F0E7A40A01206C0A012055
:10416000440A012070B50C4E04460D46C6F88C007A
:10417000A6F8881018F048F9836A1B78052B0AD135
:1041800096F870303BB9FFF7A9FF29462046BDE8F5
:1041900070402DF0D3BF70BDA40A012013B50C46AA
:1041A00001902EF073F8084B0198D3F88C1031B1C0
:1041B0000022C3F88C20E36E022298470198636EB8
:1041C00002B0BDE810401847A40A012070B50F4C9A
:1041D000054608460E462DF0D3FE0D4BA367A86892
:1041E0000C4BE36718F04EF90423C4F88000A86074
:1041F00004F17800C4F884302DF0A4FE002384F884
:104200007030336E2846BDE870401847A40A01207C
:10421000C54203001942030070B50C4605462DF057
:10422000E3F8254E306018F0EFF818F0EDF8826AE8
:104230009DF8103082F87130204B82F8704093F86E
:10424000701011B9012183F870100024D3F88C107C
:10425000C3F88C40D36E2A46984718F0E5F830B181
:1042600015F0FB0F01D12EF009F818F0E3F8032D3B
:10427000134C0FD0042D11D0A5B92368013323604E
:10428000258B2DF0B1F83368C01A85420ED9208BEA
:10429000208370BDA3680133A360F1E76368013335
:1042A0006360EDE7236901332361E9E72DF09CF8B2
:1042B0003368C01A80B2EBE7440A0120A40A012047
:1042C0006C0A01202DE9F04385B005462DF08CF8ED
:1042D0002D4EDFF8BC80306018F096F818F094F896
:1042E000D0F82890294CD9F86830294607469847D5
:1042F000D8F88C1000293CD065BBA58A2DF074F845
:104300003368C01A85421FD9A08AA08201238DF884
:10431000043001A80023CDE902332DF029FEB8F8BE
:104320008810D8F88C002DF07FFFE3680133E3603C
:10433000658B2DF059F83368C01A854213D9608B0C
:10434000608305B0BDE8F0832DF04EF83368C01AE5
:1043500080B2DAE70023C8F88C300222D9F86C303A
:104360003846984708E02DF03FF83368C01A80B20D
:10437000E6E70DB92DF082FF18F05CF8002DD4D0DF
:10438000236901332361D3E7440A01206C0A012029
:10439000A40A012008B5064A0649042000F0A8FA3C
:1043A000BDE8084004481C2200213AF05FB900BF74
:1043B0009D410300CD4103006C0A012013B50C465A
:1043C00001902DF063FF084B0198D3F88C1031B1A8
:1043D0000022C3F88C20236F022298470198A36E15
:1043E00002B0BDE810401847A40A01202DE9F041B1
:1043F0000F4D876A044608460E462DF0C1FD0D4B51
:10440000AB67A0680C4BEB6718F03CF83B6EC5F847
:104410008000A06005F17800C5F884302DF092FD91
:10442000002385F87030736E2046BDE8F0411847D0
:10443000A40A0120ED4403003D440300F8B50C46F6
:104440001F4605462CF0D0FF254E306017F0DCFFEC
:1044500017F0DAFF826A9DF8183082F87840214C14
:1044600082F8793094F870301BB9012384F87030E9
:1044700057670023D4F88C10C4F88C30136F2A4689
:10448000984717F0D1FF30B115F0FB0F01D12DF097
:10449000F5FE17F0CFFF032D134C0FD0042D11D0D4
:1044A000A5B9236801332360258B2CF09DFF336869
:1044B000C01A85420ED9208B2083F8BDA368013332
:1044C000A360F1E7636801336360EDE723690133BB
:1044D0002361E9E72CF088FF3368C01A80B2EBE76C
:1044E000440A0120A40A01206C0A01202DE9F043AE
:1044F00085B080462CF078FF2E4D2F4E286017F0A7
:1045000083FF17F081FFD0F828902C4CD9F86C303D
:10451000414607469847B8F1000F29D1D6F88C30AC
:104520000BB3A78A2CF060FF2B68C01A874214D9FE
:10453000A08AA08201238DF8043001A80023CDE9D0
:1045400002332DF015FDB6F88810D6F88C002DF04A
:104550006BFEE3680133E3601AE02CF045FF2B6843
:10456000C01A80B2E5E72DF089FE17F063FFF0E78F
:10457000D6F88C1039B10023C6F88C300222D9F855
:1045800070303846984717F055FF2369013323618F
:10459000668B2CF029FF2B68C01A864204D9608BE9
:1045A000608305B0BDE8F0832CF01EFF2B68C01AB5
:1045B00080B2F5E7440A0120A40A01206C0A012018
:1045C00008B5064A0649052000F092F9BDE8084002
:1045D00004481C2200213AF049B800BFBD43030043
:1045E000ED4303006C0A01201FB5002301A8CDE9AB
:1045F000013303932DF0BCFC05B05DF804FB000013
:1046000070B5104D104BAB670646104B8068EB67DA
:104610000C4617F037FF236EC5F88000B0602046C7
:10462000C5F884302DF0ACFC05F178002DF08AFC43
:10463000FFF7DAFFB4F86C10A06EBDE870402DF003
:104640007DBD00BFA40A0120E946030051460300D6
:1046500070B5044617F0D8FE17F0D6FE856A14F040
:10466000FB0F6B6E214620D19847F8B12DF006FE66
:104670001A4B1B689E782CF0B7FE304417F002FFEF
:10468000174E2B6EC6F880002846C6F884302DF0F1
:1046900077FC06F178002DF055FCFFF7A5FFB5F883
:1046A0006C10A86E2DF04AFD02E0984717F0C2FE8C
:1046B000032C0C4B06D0042C08D05CB91A680132CC
:1046C0001A6070BD9A6801329A60FAE75A6801323E
:1046D0005A60F6E71A6901321A61F2E7883401205C
:1046E000A40A0120880A0120F7B5054617F08CFEC0
:1046F00017F08AFE1B4E846A074625BB2DF0BEFDCF
:10470000236E29463846984700B3174DB4F86A001F
:10471000D5F88030184417F0B5FEC5F88000204663
:104720002DF02EFC05F178002DF00CFCFFF75CFF5E
:10473000B4F86830ADF800300121636E019368462B
:104740002DF04CFC05E0236E2946984717F072FEC9
:1047500025B9F3680133F36003B0F0BD3369013369
:104760003361F9E7880A0120A40A012073B5114DCD
:10477000114BAB670646114B8068EB670C4617F090
:1047800081FEC5F88000B06020462DF0F9FB05F1F0
:1047900078002DF0D7FBFFF727FFB4F86830ADF8AD
:1047A00000300121636E019368462DF017FC02B0C2
:1047B00070BD00BFA40A0120E94603005146030072
:1047C00008B52DF063FDBDE8084017F033BE0000CA
:1047D00008B5084A0849002000F08AF8054A074948
:1047E000012000F085F8BDE8084005481C220021A2
:1047F00039F03CBFC14703006D4703000146030089
:10480000880A0120816A034B0A7853F8323003B1D9
:1048100018477047A40A0120816A044B0A7803EB09
:10482000C2035B6803B11847704700BFA40A0120A8
:104830002DF094BA2DF044BB08B52DF041FBBDE836
:10484000084000202DF0B0BB08B52DF0D9FA0020AB
:104850002DF0A0FBBDE8084001202DF0A5BB08B558
:104860002DF0CEFABDE8084000202DF093BB08B52E
:104870002DF0C6FABDE8084001202DF08BBB0000EA
:1048800013B5124C2DF06CFA114A1249124B0094D8
:10489000012017F031FE114B0D4A0E490094022001
:1048A00017F02AFE0E4B0A4A009300210D4B0320FD
:1048B00017F022FE0C49012017F02CFE0B4898221D
:1048C000002102B0BDE8104039F0D0BE35480300E9
:1048D00019480300054803006F4803005F480300C0
:1048E000394803004948030031480300A40A012065
:1048F000034B43F8301003EBC0004260704700BF29
:10490000A40A0120F0B504468C461778D3E90001CB
:1049100085B016461D46002C36D0CFB14FEA112E79
:104920000EF0C00EBEF1400F12D1BCF1000F04D04A
:1049300000F0F6FC204605B0F0BD00F067FC044630
:1049400008B10124F6E71F4AD38B0133D383F1E783
:1049500002460B46384600F067FD0238C0B2012817
:10496000EFD80DF10F0300933078D5E9002300F064
:10497000FFFB18B19DF80F30002BDBD1114A138BD0
:10498000013313830224D5E727B10B0A03F0C003D8
:10499000402BD6D002460B46384600F045FD023883
:1049A0000128CED80DF10F0300933078D5E900230C
:1049B00000F0DEFB0028E1D09DF80F30002BC0D1C5
:1049C000DCE700BF3C0B01202DE9F041884617468B
:1049D0001E46044658B152EA06030E4D0AD100F0B5
:1049E0002BFE012806D1EB880133EB8004462046DC
:1049F000BDE8F0813A463346404600F09BFD20B9C1
:104A0000AB880133AB800224F1E7EB880133EB8004
:104A1000EDE700BF3C0B01201FB50B46DDE9064169
:104A200010B9002004B010BDCAB10A0A02F0C002D9
:104A3000402A14D133B10AAB08AA2046039100F0F2
:104A4000C3FC0399DDE90A232046CDE900239DF844
:104A5000202000F019FC003818BF0120E2E7DDE952
:104A60000A239DF8200000F0F0FC0238C0B20128B3
:104A7000D7D8034A538B013353830220D2E700BFB8
:104A80003C0B01202DE9F04F90F800B00D88704EDE
:104A90000BF00F0B45FA0BF515F001051C4687B01E
:104AA000437880460F46914606D1338801333380E0
:104AB000284607B0BDE8F08F72884FF4C07A4AFAF2
:104AC0000BFA01321AF0010A728001D00125EFE7DA
:104AD00003F03F03637484F810B010F8025B25F014
:104AE0002DFCC5F38015E574A574C4E90201C4E981
:104AF0000001786804F1080304F113024946C0F389
:104B00008010FFF7FFFE0128054602D0022838D0AA
:104B10005546D7F804C094F813E01CF0040AD4E911
:104B200002230ED0D7E90410834208BF8A4203D182
:104B3000CCF3C00CE64526D03089013030814FF0EF
:104B4000020A788840FA0BF0714600F00100FFF786
:104B50003BFF5045E17C21D27B6813F0040FD4E980
:104B600002E0D7E904C217D0904208BFE64503D15E
:104B7000C3F3C00399420CD0338901333381012D33
:104B800019D1002594E77089013070814FF0010A36
:104B9000D7E773890133738101250CE0788840FAE7
:104BA0000BF0D4E9022300F00100FFF70DFF01280C
:104BB000F2D90228E3D02A2323FA0BF325754FF00C
:104BC000010ADD0784F815A080D5404610F8085B7F
:104BD00025F0B4FBD4E9022383467868CDE90423A9
:104BE000ED09E37C0293CDE900B188462A464946A7
:104BF000C0F30010FFF710FF01283FF467AF022851
:104C0000BFD0D7E90131D807FA687FF55FAF4245D9
:104C100008BF594503D1C3F34002AA4213D0B28959
:104C20000132B281002DACD04FEA182808F0C0083C
:104C3000B8F14008A5D19B06A3D5338C013333844A
:104C400084F8158034E7F3890133F3813EE700BF30
:104C50003C0B01202DE9F04F07461C4608883B7CA1
:104C6000634D184110F0010087B00E46904605D103
:104C70002B8801332B8007B0BDE8F08F6B880133A0
:104C80006B80D7E90023C4E90223C4E90023BB7C7D
:104C9000E374A374486804F1080304F11302414665
:104CA000C0F38010FFF72EFE0128814603D00228B2
:104CB0003CD04FF00009D6F804C094F813E01CF083
:104CC000040AD4E902230ED0D6E90410834208BFB7
:104CD0008A4203D1CCF3C000864529D0288901300F
:104CE00028814FF0020A708897F810C040FA0CF043
:104CF000714600F00100FFF767FE5045E17C23D2CA
:104D0000736813F0040FD4E902E0D6E904C218D0A6
:104D1000904208BFE64503D1C3F3C00399420DD0CA
:104D20002B8901332B81B9F1010F1AD10020A2E7A1
:104D30006889013068814FF0010AD4E76B8901333B
:104D40006B814FF001090CE03B7C7088184100F04A
:104D50000100D4E90223FFF737FE0128F1D9022828
:104D6000E1D084F814904FF0010984F815907B7C11
:104D70009B0701D401207EE7D4E9022397F813B002
:104D80007068D7E902A7CDE90423E37C0293CDE95B
:104D900000A75A464146C0F30010FFF73DFE012828
:104DA0003FF469AF0228C1D0D6E90131D807F268D3
:104DB000E0D5BA4208BF514503D1C3F340025A457A
:104DC00011D0AA890132AA81BBF1000FAED03F0AEF
:104DD00007F0C007403FA9D19B06A7D52B8C013314
:104DE0002B846775C6E7EB890133EB81C2E700BF0F
:104DF0003C0B012030B50B4C0B4D002323700B4CAA
:104E000023708B0716BF21F003030B4604332B607E
:104E100003EB0013591A914296BF2070002088B20C
:104E200030BD00BF620B0120640B0120630B012029
:104E3000F0B50E499DF814C00D780D49096800249D
:104E4000A54201D80020F0BD0E7A864208D1D1E9F2
:104E500000769E4208BF974202D14E7A664502D044
:104E600001341031ECE70120EDE700BF620B0120B7
:104E7000640B0120014B1878704700BF630B0120C1
:104E8000014B00221A707047620B012030B50B49AC
:104E90000B4D09782C78A1420DD90A49096801EB1C
:104EA0000411C1E9002301349DF80C3008724B72E3
:104EB0002C70012030BD0020FCE700BF630B0120F7
:104EC000620B0120640B01202DE9F0411B4CDFF83F
:104ED00070E027689DF818809EF8001084463C46D4
:104EE0000025EEB2B14201D8002021E0267A6645C5
:104EF00020D1D4E900069E4208BF90421AD1667ABA
:104F0000464517D1012901F1FF330ED09D420CD047
:104F100001F18051013907EB01110A7A2272D1E9BE
:104F20000067C4E900674A7A62728EF80030012097
:104F3000BDE8F08101351034D3E700BF640B0120D8
:104F4000620B0120F0B50C490D780C4943EA00438F
:104F50000C680021C8B2854201D800200AE0204632
:104F6000D0E908769E4208BF974201F1010104F1A1
:104F70004804EFD1F0BD00BF6C0B0120700B012085
:104F800030B585B005460C4610220021684639F040
:104F90006DFB6A46ADF8004011462846240C8DF89A
:104FA00002402DF0B5FB9DF802309DF801209DF8E0
:104FB00000001B0443EA0223184305B030BD13B5BB
:104FC000042104460DEB01002DF0FCFB0199C1F317
:104FD000150141F4800120460191FFF7D1FF0199AD
:104FE00040EA0160090A02B010BD000030B50C4C67
:104FF0000C4D002323700C4C23708B0716BF21F03F
:1050000003030B4604332B6000EBC00503EBC50321
:10501000591A914296BF2070002088B230BD00BF5F
:105020006C0B0120700B01206D0B0120014B1860EF
:10503000704700BF680B0120014B1878704700BF14
:105040006D0B0120014B00221A7070476C0B012080
:10505000F8B507461D46FFF775FF1646044688B9A2
:105060002E4A2F4B11781B788B4201D80020F8BDB7
:105070002C48046801EBC10314EBC30401F10101E6
:105080001170F3D045EA0745069BC4E9086522463E
:1050900003F1100153F8040B42F8040B8B42F9D1D1
:1050A000012384F8403004F10F02631E13F8011F3E
:1050B00071B3002384F84030079B04F110000246CE
:1050C00003F1100153F8045B42F8045B8B42F9D101
:1050D000012384F8413004F12002034613F8011B38
:1050E000C9B1002384F8413000230022C4E90A2317
:1050F000C4E90C23C4E90E230023A4F8423094F839
:1051000041301BB9FFF75BFFC4E90C010120AEE79A
:105110009A42CBD1D0E79A42E0D1E5E76C0B01206F
:105120006D0B0120700B012038B5FFF70BFF80B12C
:10513000084D2C78012C09D90749482209686FF0DD
:10514000470312FB0433194439F068FA013C2C7010
:10515000012038BD6C0B0120700B012008B5FFF752
:10516000F1FE20B19DF8083080F84330012008BDE1
:1051700008B5FFF7E7FE20B1029B90F843201A70B4
:10518000012008BD10B5029CFFF7DCFE40B1D0E95C
:105190000A2352EA03011ABFC4E9002301200020B8
:1051A00010BD10B5029CFFF7CDFE40B1D0E90C2335
:1051B00052EA03011ABFC4E900230120002010BDF8
:1051C00008B5FFF7BFFE28B1029BD3E90023C0E971
:1051D0000C23012008BD10B5FFF7B4FE044698B1BA
:1051E00090F8403083B990F8423033B9FFF7E7FECA
:1051F000C4E90A01012384F84230D4E90A01029B80
:10520000C3E90001012010BD0020FCE7F7B51A4CEE
:1052100094F800C0194C002625683446F7B2BC4506
:1052200010D80CB3164C2468F4B1164E758C0135A9
:105230007584D3E90067CDE9006713780122A047A0
:10524000002411E095F8407097B9D5E90A748C42B2
:1052500008BF87420BD1E98C01F001011170296A66
:10526000AA8CC3E900120124204603B0F0BD01243A
:1052700001364835D2E700BF6C0B0120700B0120CE
:10528000680B01203C0B01202DE9F347DDE90A679B
:105290009146804632463B4648460D46FFF752FE51
:1052A000E8B190F84140D4B9D0E90E23AB4208BF31
:1052B000424516D00C4BD3F800A0BAF1000F0AD02B
:1052C0000A4A938C013393844046CDE900674B46EC
:1052D00022462946D047204602B0BDE8F087002488
:1052E000F9E70124F7E700BF680B01203C0B012020
:1052F00038B505461046DDE904230C46FFF722FECB
:1053000050B190F8413043B9D0E90E23A34208BF11
:10531000AA420CBF0120002038BD0020FCE700009D
:105320002DE9F74F0E46010E41EA0621DFF894A061
:10533000009205461F4621F07F414FF000084FF0D4
:10534000480B1E4B1B785FFA88F4A34205D81C4A11
:10535000138A01331382002029E0DAF800300BFBB6
:10536000043494F84090B9F1000F23D1D4E90A2312
:10537000B34208BFAA4210D020460191FFF700FEB9
:1053800025F07F438342019914D10D4A84F842905D
:10539000538AC4E90A5601335382E38C009A03F01E
:1053A00001031370226AA38CC7E90023012003B014
:1053B000BDE8F08F08F10108C3E700BF6C0B0120C6
:1053C0003C0B0120700B012070B50E4611460546BE
:1053D000D3E900230878FFF7B5FD0446E0B190F863
:1053E0004130CBB9D0E90E23B34208BFAA4211D055
:1053F000290E41EA062121F07F411030FFF7C0FD60
:1054000025F07F43834207D1064AD38AC4E90E566A
:105410000133D382012004E0024A938A013393824C
:10542000002070BD3C0B012008B5FFF78BFD48B193
:10543000D0E90A32134306D190F84030002B14BF54
:105440000120022008BD0320FCE708B5FFF77AFD24
:1054500048B1D0E90C32134306D190F84130002B0B
:1054600014BF0120022008BD0320FCE72DE9F04114
:10547000134E144F00254FF048083378ECB2A34286
:1054800001D8BDE8F0813B6808FB043494F8413052
:105490002BB904F11000FFF792FDC4E90C0194F858
:1054A00040303BB994F8423023B12046FFF787FDE6
:1054B000C4E90A01012384F844301D44DDE700BF3C
:1054C0006C0B0120700B012008B5FFF73BFD30B1DC
:1054D000002290F8443080F84420184608BD034666
:1054E000FBE708B5FFF72EFD003818BF012008BD07
:1054F00030B50C4C0C4D002323700C4C2B702370DA
:105500008B0718BF21F00303094D0CBF0B46043372
:105510002B6003EBC003591A914296BF2070002004
:1055200088B230BD750B0120740B0120760B012071
:10553000780B012030B543EA00400A4B19680A4B4A
:105540001C7801EBC404A14201D1002030BDD1E997
:105550000053834208BF954201F10801F3D10120B5
:10556000F4E700BF780B0120750B0120014B187880
:10557000704700BF760B0120024A00231370024AD5
:1055800013707047750B0120740B0120F8B50646A7
:1055900015461C46FFF7CEFF80B9094B094A19781A
:1055A00012788A420BD9084A126802EBC10742F806
:1055B000315044EA064401317C6019700120F8BD85
:1055C000750B0120760B0120780B0120DFF84CC011
:1055D00043EA0040104B9CF80010F0B51C682546CB
:1055E00004EBC10E754501D1002014E02B46D3E930
:1055F0000076864208BF974205F10805F2D10129DD
:105600001EBF04EBC10454E90245C3E9004501395A
:105610008CF800100120F0BD780B0120750B0120E3
:10562000014B01221A707047740B0120014B0022BC
:105630001A707047740B0120014B1878704700BF37
:10564000740B012008B516F055FEFFF719F9FDF7A8
:10565000C3FDFEF79FFEFEF77FFBFEF7B1FFFEF7EF
:105660008DF9FEF79DF9FEF721FD2CF035FEBDE822
:105670000840FFF7ADB8000008B5034828F052FD18
:10568000BDE8084017F094BBB9CE040008B513F08C
:1056900027FA13F065FA13F055FA13F037FA13F0FE
:1056A00058FA13F065FA13F06AFA13F022FA13F0BD
:1056B00059FA13F059FA13F032FA13F067FA13F0AB
:1056C00037FA13F053FA034828F02CFDBDE80840E0
:1056D00013F07CB9518A04002DE9F041DDE9065749
:1056E0000C469846164616F0FFFD3A4629462046D7
:1056F000FFF7FEFE05443F1A3A4629460446404657
:10570000FFF778FB04443A1A29183046FFF76EFC7D
:105710002044BDE8F08170B516460D4613F050F9EF
:105720003146284613F006FA361A05443146044637
:10573000284613F0DCF90444311A284413F0EDF93B
:10574000204470BD30B585B003690193C3680093F0
:1057500004468379427901790068FFF7BDFFE1686B
:1057600022690144121AE16022610546A068FFF730
:10577000D2FFE3680344E36023691B1A23612844D2
:105780000390FFF75FFFFFF777FFFFF77FFF0398B7
:1057900005B030BD08B5034828F0C4FCBDE808409A
:1057A00012F04CBDD984040013B50446054801919C
:1057B00028F0B8FC019A214602B0BDE8104016F06E
:1057C000D5BE00BF99C5040008B512F063FD12F004
:1057D0002DFE12F0DBFD12F08DFD12F037FE12F0FF
:1057E000ABFD12F079FD12F011FE12F065FE12F021
:1057F00061FD12F0EBFD12F08DFD12F0BFFD12F015
:105800004BFEBDE8084012F033BE38B50546FFF741
:1058100099FFAB680446998CD88BFFF7C5FFFFF75B
:10582000D3FFFFF7B7FF12F0AFFF204638BD0000EF
:1058300037B5044615F006FC144B9C42144B4FF050
:1058400000020CBFDA701A7194F8423003F0FD03C5
:10585000012B01D115F006FC204607F087F804F172
:1058600028050DF10701284624F0FBFB40B9303430
:105870000DF10701204624F0F4FB20B903B030BD40
:1058800024F0D6FBEDE724F0D3FBF1E7B00C0120C8
:10589000F8300120154A38B5154C164B1068516880
:1058A0001D6804F13C0303C304F148002979124D3B
:1058B00007F084F9012016F02FFD15F0BBFB012342
:1058C000EB7094F8423003F0FD03012B01D115F089
:1058D000C1FB07F06DF800200123687184F8903156
:1058E000A4F88E31BDE8384015F063BB9431012037
:1058F000B00C0120A80C0120F8300120054BDB780A
:1059000033B10548012380F899309C3017F084B9F1
:10591000704700BFF8300120B00C0120002015F0C6
:1059200048BB0C2015F045BB08B5012016F00AFD58
:10593000BDE808400148FFF77BBF00BFB00C012065
:1059400008B5012016F0FEFC0348FFF771FFBDE823
:105950000840002015F02DBBB00C0120FFF7E4BF7C
:10596000034B044A19684B6813608B685360704797
:10597000A80C01209431012008B5084B08481B6889
:10598000197990F888308B4202D0483007F016F928
:10599000BDE80840002015F00CBB00BFA80C01209A
:1059A000B00C012010B50446012016F0CBFCA37BFF
:1059B00003F0FD03012B01D115F054FBD4F898023C
:1059C00020B124F035FB0023C4F89832D4F8A002AB
:1059D00020B124F02DFB0023C4F8A032034AD37871
:1059E000013BD370BDE8104015F02CBBF83001200E
:1059F00038B505460C4C012016F0A4FC2C1B0B4AB4
:105A0000EB68A41154430BB1A0B298470434E0B240
:105A100016F0BEFA95F810320BB115F033FB15F005
:105A200011FB00232B7038BDC0160120A38B2EBAAA
:105A300038B50C4605460E220021204638F016FEE9
:105A4000204695F8703200F8023BD5E99E2324F0F9
:105A50007BFC95F87132637095F8B8322372D5F8F3
:105A60001C31054AA3FB0232DB0F43EA4203638188
:105A700095F82031237338BDE3361A0038B5044653
:105A8000012016F049FCA37B03F0FD03012B01D19B
:105A900015F0E0FA00236370A370A4F8083284F8CC
:105AA0003C30204607F07EFB054620B9204607F033
:105AB0007DFC054640B1284615F038FB2046032101
:105AC000BDE8384007F044BE074AD3780133D370AD
:105AD00015F0B0FA012384F86830A4F8663028463F
:105AE000BDE8384015F022BBF8300120002015F049
:105AF0001DBB000070B4017C104C8A1E51426678B8
:105B00005141B6EB410F4FF001024FEA410582705F
:105B10000AD190F8082222B900F5037070BC17F082
:105B20007BB800F53E70F9E72378AA4023EA020328
:105B30002370032170BC07F00BBE00BF480E01208C
:105B4000002015F0F3BA000010B5094C6378012B62
:105B500004D9BDE810400C2015F0E8BA04F160004B
:105B600024F077FB04F17000BDE8104024F071BB15
:105B7000500E0120034B5B7813B10C2015F0D6BA00
:105B8000704700BF500E0120024B587800B10C2026
:105B900015F0CCBA500E012008B5FFF703FF044BF7
:105BA0005B7823B1BDE80840002015F0BFBA08BDFE
:105BB000500E012038B51C4B1C68012016F0ACFBC0
:105BC00023790BB115F056FA184D23792B72D4E9CD
:105BD0000223C5E90423E379AB72A3796B7208F061
:105BE000F7F8D0B1A861237980F81032A37980F852
:105BF0001132E37980F81232D4E90223C0E9862316
:105C0000238AA0F80832638A03EB83035B00A0F8C1
:105C10000A320B23037263798371A86907F068FE67
:105C2000BDE8384015F006BA341F0120001F0120DE
:105C3000034B5A78012A04BF00225A70704700BFF4
:105C4000001F012010B5084C6378012B04D1A06916
:105C5000C370283016F0E0FFA06901230371BDE88E
:105C60001040052107F08EBD001F012030B50F4CFC
:105C70006378012B85B007D1A0690025C370057139
:105C8000283016F0C9FF6570A0696946FFF7D0FE9D
:105C9000A169074BC91A074B891159436A4689B252
:105CA0003E2015F077FA05B030BD00BF001F01207F
:105CB000C0160120A38B2EBA1FB50E4CA069C37865
:105CC000012B04BF0023C370FFF792FEA469237960
:105CD00073B10E220021684638F0C8FC0649074B14
:105CE000611A891159436A4689B2442015F052FA63
:105CF00004B010BD001F0120C0160120A38B2EBAD6
:105D00002DE9F0433C4B85B01D6808F061F804466E
:105D100000286ED0012016F0FFFA002384F810321C
:105D200095F8203084F8113295F8213084F8123239
:105D3000D5E90A23C4E9862395F823302F4F84F848
:105D4000B8322F4E4FF07A73C4F808320C23346106
:105D5000A91D237238460CF0FBFBBB8840F2E242DF
:105D60005343C4F81C3195F8203084F8703295F80C
:105D7000213084F87132D5E90A01DB07C4E99E01BC
:105D80001CD50B0A03F0C003403B17D14FF00008AD
:105D90004FF000098DF807300DF1070202ABCDE995
:105DA0000289FFF7BDFA48B19DF8073043F00203BE
:105DB00084F87132DDE90223C4E99E23306907F0DB
:105DC00097FD15F037F9AB88B3806B8BF380AB8B05
:105DD00033812B8E738195F82230288B3373EB8BB4
:105DE0007080F38107F076FE05B0BDE8F04304F063
:105DF0004DB805B0BDE8F083341F0120381F0120E5
:105E0000201F01207047000010B5064C20690123B7
:105E1000C370283016F000FF21693E20BDE8104015
:105E200008F012B8201F0120034B18690123C3702A
:105E3000283016F0F1BE00BF201F0120044B186966
:105E4000C378012B04BF0023C370FFF7D1BD00BF8F
:105E5000201F01201FB5037A0B2B04460ED1694683
:105E6000FFF7E6FD0A490B4B611A891159436A464F
:105E700089B2002015F08EF904B010BD0C2BFBD1B7
:105E80000146002004B0BDE8104007F0DDBF00BFB0
:105E9000C0160120A38B2EBA01238370283016F080
:105EA000BBBEFFF7A5BD0000012310B504468370FB
:105EB000283016F0B1FE04F5187024F0CAF9054830
:105EC000054B201A80115843BDE8104080B215F0F0
:105ED00088B900BFC0160120A38B2EBAF8B505798A
:105EE000C38815B1012D18D0F8BD4FF430720F4999
:105EF000068840885343CC18B4F84821921B82424C
:105F0000F2DCD4E9506703F50A73C4E98A67C8185C
:105F100015F0F0F884F83851E6E7044A4FF4307190
:105F200001FB0323002283F8A021DDE7C016012036
:105F300008B515F087F8064B00225A70054B93F808
:105F400021301BB1BDE8084015F08CB808BD00BF7A
:105F5000F8300120D031012008B5012016F0DCF91D
:105F600015F068F8074B01225A70074B93F821305F
:105F70000BB115F06FF808F065F8BDE80840002097
:105F800015F008B8F8300120D031012008B5012003
:105F900016F0C2F915F04EF8064B01225A70064B66
:105FA00093F821300BB115F055F8BDE8084008F022
:105FB00049B800BFF8300120D0310120054B5B7893
:105FC00033B10548012380F829302C3016F024BE67
:105FD000704700BFF8300120801F0120002014F01E
:105FE000D9BF0C2014F0D6BF2DE9F041594B5B7896
:105FF0008AB0002B00F0AA80574C94F82860BEB3FA
:10600000D4F8BC80B8F1000F2DD004F1D8030122E0
:1060100004F1A0014046FEF735FD0646602023F05E
:10602000FBFF0546002800F08D8000F1080708F10D
:10603000020138460CF057FC38460CF0ACFC002846
:1060400037D1284623F0F4FF042023F0E5FF014672
:1060500030B14FF441734380404B187B23F0F1FF84
:10606000012016F06FF90AB0BDE8F041FFF760BFFC
:106070003B4C08F01FF9257C012DF1D1314624223B
:1060800001A838F0F3FA43F60543ADF806303C2397
:106090008DF80830A37C8DF80D300DF10E00D4E999
:1060A00006238DF80C5024F04FF901A814F06AFF74
:1060B000D6E7002EC5D00023AB70D4F81831AB63FF
:1060C00094F8EB3085F83C3094F8EA209A4207D1F6
:1060D000D4E93861D4E93602914208BF864203D040
:1060E00043F0020385F83C30D4E93823C5E9122394
:1060F00000220023C5E9142394F8EB2094F8EA3039
:106100009A4207D1D4E93802D4E936139A4208BF3B
:10611000884203D0D4E93623C5E91423104BD3E9D0
:106120001C23C5E9162394F82A3085F83D30012355
:10613000EB87002385F84130084B2946187B23F074
:1061400080FF90E7002E3FF47FAF8CE70AB0BDE8F8
:10615000F08100BFF8300120801F0120383101207C
:10616000D031012008B5012016F0ECF8FFF7E0FE71
:1061700008F0A0F8BDE80840002014F00BBF08B5F7
:10618000012016F0DFF8FFF7D3FEBDE8084008F065
:1061900091B80000054B30B51C68054D08340FCC94
:1061A0000FC594E80F0085E80F0030BDA80C012052
:1061B000D831012010B50446012016F0C3F8074B72
:1061C0001868074B201AC01058430430C0B215F0AD
:1061D0002FFEBDE8104014F035BF00BF0C21012098
:1061E000DF3A82D210B50446D0F8880828B10438C6
:1061F00023F01EFF0023C4F88838D4F88C0728B198
:10620000043823F015FF0023C4F88C3794F83B3092
:106210000BB114F027FF024A9378013B937010BD35
:10622000F830012038B51C4D0446012016F074F8F2
:106230002A68137A84F88032002384F8813284F843
:10624000823284F8F836A4F8FA365168C4F88432F9
:10625000204609F0E5F9014640B1607814F0CEFF20
:1062600020460421BDE8384009F096B80B4A9378DF
:106270000133937094F83B300BB114F0EBFE2B68B4
:10628000596819B104F51C7023F0E0FF6078002113
:10629000BDE8384014F0B2BF10210120F8300120D1
:1062A00038B5164D0446012016F036F82A68137AE0
:1062B00084F88032002384F8813284F8823284F8B2
:1062C000F836A4F8FA365168C4F88432204609F04A
:1062D000A7F9014640B1607814F090FF20460421F0
:1062E000BDE8384009F058B82B68596829B104F561
:1062F0001C70BDE8384023F0A9BF38BD1021012033
:1063000037B50D4D044600F51C70019023F0A1FF38
:106310002B680198596809B123F098FF2B686078C1
:106320001B7A84F88032002184F8811203B0BDE822
:10633000304014F063BF00BF1021012010B50446A7
:1063400000F51C7023F085FF002384F882320123BE
:1063500084F8FA3610BD4078002114F04FBF407821
:106360000C2114F04BBF0000F0B590F8F8569DB02A
:10637000044665BB00F51C7023F06BFF2046FFF759
:1063800031FF012015F0DEFF94F8813294F882127B
:1063900060782A4614F01DFE238C03F01D031D2B8C
:1063A00013D13C23002206930023CDE90423CDE939
:1063B0000223D4E90C2360780795CDE9002301215D
:1063C00094F83A302A4600F0D1FA1DB0F0BDD0F86A
:1063D0008C67764F002E76D000F5F56300F5EE6100
:1063E00001223046FEF74EFB002800F0CB806020F3
:1063F00023F012FE0546002800F0C4806378038075
:1064000000238370314610A80CF044FA311805F1CE
:1064100008000CF068FAD4F88C37002B7DD094F883
:10642000BBC785F83CC094F8BA37634504F5F663FA
:1064300008D153E90202D4F8B0675968914208BF05
:10644000864203D04CF0020C85F83CC0D3E9000131
:10645000C5E9120100210020C5E9140194F8BB1719
:1064600094F8BA27914208D153E90202D4F8B067F0
:106470005968914208BF864203D053E90223C5E917
:106480001423012385F83E30D4F8F436AB63484B2F
:10649000387BD3E91C23C5E9162394F8F93685F82F
:1064A0003D30012385F83F3094F8813285F8403043
:1064B00094F8F03685F84130294623F0C2FD204695
:1064C000FFF790FE81E7D0F88868002E8FD0314624
:1064D00008A80CF0DFF9311810A80CF004FA00231A
:1064E0000F939DF820308DF8383003238DF8393024
:1064F000DDE91023CDE90A23DDE91223CDE90C23E0
:10650000BDF82230ADF83A30012204F50C6304F5F1
:10651000EE610AA8FEF79EFB66E794F8D3C885F8FB
:106520003CC094F8D238634504F50C6308D1D3E934
:106530000261D4F8C0085A68914208BF864203D06D
:106540004CF0020C85F83CC0D3E90201C5E9120108
:1065500000210020C5E9140194F8D31894F8D2283A
:10656000914208D1D3E90261D4F8C0085A68914237
:1065700008BF864203D0D3E90023C5E9142394F869
:1065800025387FE7637826F8043C082306F8023CA8
:10659000032306F8013C387B311F23F052FD012014
:1065A0001DB0BDE8F04015F0CDBE00BF3831012070
:1065B000D031012010B50446FFF714FE012015F07C
:1065C000C1FE60780021BDE8104014F017BE10B580
:1065D0000446FFF707FE012015F0B4FE2046BDE893
:1065E000104008F009B83C2380F88232012380F87B
:1065F000FA367047F0B5D0E9007600221346C3F1B1
:106600002005A3F1200427FA03F106FA05F5294332
:1066100026FA04F42143C90742BF811801320B72E4
:106620000133252BEBD180F82D20F0BD73B5044646
:106630000025012015F070FE84F81E5206F0F0F8D7
:10664000284BA4F82851D3E90C232546C4F824018B
:10665000E5E98C23284614F04DFDD4F82431B4F834
:10666000281183EA13430126A4F86032284684F8EF
:106670005E6208F0C7F884F81D02204609F01CF994
:10668000054650B12046032109F0DEF8607829461E
:1066900002B0BDE8704014F0E8BDA37884F8216131
:1066A000012B15D194F8DD280AB984F82A31D4F8E1
:1066B000C423B4F8C0130192009114F01BFCDDE96F
:1066C000001223F069FE0123A4F8D00384F8DE3819
:1066D0006078002114F0C9FD02B0BDE8704014F0EC
:1066E000A9BC00BFF83001204078002114F0BDBDE6
:1066F00040780C2114F0B9BD37B58378012B0446DE
:1067000013D190F82151012D0FD1D0F8C423B0F846
:10671000C0130192009114F0EDFBDDE9001223F0AB
:106720003BFE84F8DE58A4F8D003012384F81E321F
:1067300004F59670002384F8213184F82A3103B0DF
:10674000BDE8304016F068BA10B590F82031012B42
:10675000044604D1FFF7D0FF2046FFF72BFD20466B
:10676000BDE81040FFF7EABD10B590F82031012BCD
:10677000044604D1FFF7C0FF2046FFF71BFD20466B
:10678000BDE8104007F038BF10B50446FFF712FD12
:1067900060780021BDE8104014F067BD90F85030DB
:1067A000012B12D0094B1B68D3E90223C0E99A23BD
:1067B000C0E91623B0F828310633A0F8603008236A
:1067C00080F85230012380F85030704708210120B2
:1067D000D0F8E8380BB1407818477047D0F8EC385B
:1067E0000BB14078184770476822002137F03EBF50
:1067F0005030FFF7F9BF2DE9E841064618208846DA
:1068000015461F460AF054F878B380F800802B88AC
:1068100043702B881B0A83706B88C3706B881B0ABC
:106820000371AB884371AB881B0A8371EB88C3711A
:10683000EB8847721B0A0372B6F816318372B6F8FA
:1068400016311B0AC37200F11A0100F10E03FF2278
:1068500003F8022C03F8012C02339942F8D10146C7
:106860003046BDE8E8410AF001B8BDE8E88138B536
:10687000044609200D460AF01BF8002842D0057096
:1068800094F81412B4F82A22B4F82E3219B1D4F8BC
:106890001812090523D4B2F5056F28BF4FF405621D
:1068A000B3F5056F28BF4FF40563B4F828124170A3
:1068B000B4F82812C270090A120A81700271B4F881
:1068C0002C224271B4F82C22C371120A1B0A827165
:1068D000037201462046BDE8384009F0C7BF94F86E
:1068E0004510032904D1B2F5296F38BF4FF429624E
:1068F00094F844100329D8D1B3F5296F38BF4FF469
:106900002963D2E738BD70B5054602200E4609F06E
:10691000CFFF044648B3067015F0A2FD14280346C5
:1069200017D91E2817D9322817D94B2817D9642808
:1069300017D9962817D9FA288CBF0023012395F878
:10694000CA221344637021462846BDE8704009F00E
:106950008DBF0723F3E70623F1E70523EFE70423C1
:10696000EDE70323EBE70223E9E770BD2DE9F041F2
:106970008CB00446884615460021202204A89DF8C4
:1069800060601F4637F072FE0523ADF80C408DF8AD
:106990000E308DF80F608DF81060ADF812408DF854
:1069A00014808DF8157045B1AB8C2A6AADF8203093
:1069B00095F82B3007928DF82230DDE912230DF186
:1069C000160023F0C1FCDDE914230DF1290023F0AA
:1069D000BBFC0DF12300DDE9162323F0B5FC03A871
:1069E00014F0D0FA8EB90A4B1B6A5B040DD5212333
:1069F000ADF8063001A89DF86430ADF80440ADF85C
:106A000008408DF80A3014F0BDFA0CB0BDE8F081F2
:106A1000F8300120044B1A68043200F51B7307CAD2
:106A200083E80700704700BF9C2101200A4BB0F8A3
:106A300016215B8A9B1A9BB247F6FE72934210B5F1
:106A4000044602D9492109F011FB044A07CA04F59A
:106A50001E7383E8070010BD28210120302101208A
:106A60001FB5124B124A1B688DF80310C31A1B1175
:106A700053430022CDE901229BB2ADF80C2007223E
:106A8000ADF800308DF802208DF80410ADF8063016
:106A900031B9B0F88032D0F87C220292ADF80C30D7
:106AA000684614F06FFA05B05DF804FBA0210120E0
:106AB000CF467D67034B1B68D3E90223C0E9A823B7
:106AC000704700BF9C21012010B50446082009F042
:106AD000EFFE014628B3B4F81631B4F8142113447C
:106AE0000733A4F8A83201230370D4F8A03243700E
:106AF000D4F8A0321B0A8370B4F8A232C37094F8A1
:106B0000A3320371D4F8A4324371B4F8A83283716C
:106B1000B4F8A8321B0AC3712046BDE8104009F042
:106B2000A5BE10BD0E4B30B4044600F528750FCB42
:106B300085E80F00B4F81621B4F8A8329B1A9BB26E
:106B400047F6FE72934204D8D4F8A42203461343B6
:106B500004D12046492130BC09F088BA30BC7047C6
:106B60003021012038B50546092009F0A1FE044670
:106B7000A8B1AB780A4A002B0CBF08230E2300F8FB
:106B8000013B084BD3E908130A4003F00F0323F03D
:106B9000C6FB21462846BDE8384009F067BE38BD2F
:106BA0002FCF87F7F830012038B50546092009F0C6
:106BB0007FFE0446B0B1092300F8013B0A4BB5F84B
:106BC0001812D3E90823120C12041143074A03F0E8
:106BD0000F030A4023F0A3FB21462846BDE83840B6
:106BE00009F044BE38BD00BFF83001202FCF87F731
:106BF0000D4A0E49D2E9023210B5D1E908410A40E6
:106C00000B491C4002F00F022140C0E9861201220C
:106C100080F81422C3F34022C3F3802380F8482075
:106C200080F8493010BD00BF28210120F830012034
:106C30002FCF87F790F80D2203464AB9012280F83A
:106C40000D22044A90689289C3F80E02A3F812221A
:106C5000704700BF282101201FB5114B114A1B6846
:106C6000C31A1B1153439BB2ADF80030ADF8063088
:106C700090F80E328DF808300922B0F81032ADF8D5
:106C80000220ADF80A300022B0F812328DF804204C
:106C90006846ADF80C3014F075F905B05DF804FBEA
:106CA000A0210120CF467D6710B50446022009F0DF
:106CB000FFFD014640B102230370237A4370204652
:106CC000BDE8104009F0D2BD10BD00001FB5027A2A
:106CD000FF2A1BD00F4B10491B68C31A1B114B43D3
:106CE0009BB2ADF80430ADF80A30D0F8603206211E
:106CF00013F0010FADF8061018BF1622002101A8ED
:106D00008DF808108DF80C2014F03CF905B05DF8F2
:106D100004FB00BFA0210120CF467D67034B1B7AF7
:106D20000372012380F85832704700BF28210120E8
:106D3000024B1B681B790372704700BF9C21012026
:106D40003E2303727047222303727047FF230372AE
:106D500070472823037270473D2303727047000079
:106D600030B5054D00F521740FCD0FC495E8030033
:106D700084E8030030BD00BF302101202DE9FF4130
:106D8000264FBB680193FB6802930023039343687B
:106D9000DA06044638D40DF10408404608F096FEA1
:106DA00090BB07F108060FCE04F521750FC596E8D4
:106DB000030063689B0685E8030028D43B89B4F888
:106DC0006C229A4205D8B4F86E229A4228BFA4F8E1
:106DD0006C327B89B4F86C229A4205D8B4F86E22E2
:106DE0009A4228BFA4F86E32BB89B4F8702293424D
:106DF00028BF1346A4F87032B4F87222FB8993427C
:106E000038BF1346A4F8723204B0BDE8F08198E8A8
:106E1000070004F51B7484E80700F5E7282101202A
:106E2000FFF7F8BDB0F86E32072B8CBF08230423A0
:106E300000F51B720F21FFF7DEBC0000034B1A6840
:106E4000102101230432FFF7D6BC00BF9C21012092
:106E500070B52E4BD0F884121D682D4BB0F88622E9
:106E6000451B88B02D115D43B0F884320191D0F8F4
:106E70008812029193424FF000010446ADB2039193
:106E80000AD090F88C322BB91E21284612F0F8FD5A
:106E900008B070BD9A42F7D301A808F017FE002889
:106EA000F2D1B4F88432B4F81821B4F88662B4F898
:106EB0008802B4F88A1293420BD19E4209D1B4F8E9
:106EC0001421824205D1B4F886410A224A43A242E3
:106ED00016D01022ADF81A000DEB0200ADF81050DC
:106EE000ADF81220ADF81450ADF81630ADF81860BA
:106EF000ADF81C1014F046F80028C9D11A21C4E7D7
:106F000001A9284612F086FDC2E700BFA02101209A
:106F1000CF467D67084B1B6810B59A88DB88A0F8C0
:106F20002C22A0F82E3200F50A71044609F0BBFBB2
:106F3000A4F8380210BD00BF9C2101201421FFF7E6
:106F400096BC1521FFF793BC1FB5134B134A1B6862
:106F50008DF80310C31A1B1153439BB2ADF80030D8
:106F6000ADF80430B0F83432ADF80630B0F836324F
:106F7000ADF80830B0F83032ADF80A301222B0F86F
:106F800032328DF802206846ADF80C3013F0FAFF6B
:106F900005B05DF804FB00BFA0210120CF467D674E
:106FA0003D4B2DE9F047B3F80C90B9F11A0F0446A8
:106FB0006FD9B3F808A0BAF11A0F6AD9DA89B2F515
:106FC000A47F66D35B89B3F5A47F62D390F81412D3
:106FD000B0F83072B0F83252B0F834C2B0F836625D
:106FE000B0F82AE2B0F82E8219B1D0F818120905CB
:106FF00009D4BEF5056F28BF4FF4056EB8F5056FCF
:1070000028BF4FF40568B4F82C02B4F82812504594
:1070100028BF5046494528BF4946434528BF4346F7
:10702000724528BF724694F845E0A4F83402BEF1D8
:10703000030FA4F83012A4F83632A4F8322206D195
:10704000B2F5296F38BF4FF42962A4F8322294F8C0
:107050004420032A06D1B3F5296F38BF4FF42963C2
:10706000A4F83632604509D1B94207D1B4F83632B6
:10707000B34203D1B4F83232AB4203D000212046F0
:10708000FFF762FF04F50C71204609F00CFBA4F831
:107090003A02BDE8F08700BF2821012010B5044660
:1070A000032009F005FC014658B1192303700B4B6E
:1070B0001A68127942701B685B798370204609F068
:1070C000D5FBD4F8603223F02003C4F860322046A8
:1070D0003921BDE8104008F0C9BF00BF9C21012044
:1070E000084B1A7A5B7AD10748BF80F84032910783
:1070F00048BF80F84132520748BF80F842323921F8
:1071000008F0B4BF28210120024B1B681B7980F8CE
:10711000C83270479C21012090F8C83223B1012B5E
:107120000CD01D21FFF7EFBB084B90F9CA2293F951
:1071300038309A42F5DA80F8CA32F2E7034B90F918
:10714000CA2293F938309A42EBDDF4E7F830012097
:107150001E21FFF7D8BB0000064B10B50446187A75
:10716000A37884F82002012B03D109F0B7FFA4F81B
:10717000F80010BD282101201FB50D4B0D4A1B68DA
:10718000C31A1B1153439BB22D22ADF80430ADF846
:107190000620ADF80A30002290F820328DF8082041
:1071A00001A88DF80C3013F0EDFE05B05DF804FB7E
:1071B000A0210120CF467D6710B50446022009F0CA
:1071C00077FB014648B107230370044B5B7943709A
:1071D0002046BDE8104009F049BB10BD2821012020
:1071E00038B504460D4662B9D0F818325B0702D5AF
:1071F00090F814322BB9022009F05AFB014688B9E5
:1072000038BD032009F054FB01460028F8D01123B3
:107210000370064B5B79437085702046BDE83840AB
:1072200009F024BB0D2303704570F6E728210120E7
:1072300010B590F80C320446FBB9012380F80C32EB
:10724000062009F035FB0146E8B10C2303700E4B14
:107250001A68127942701A68128882701A68128845
:10726000120AC2701B685A8802715B881B0A43713C
:107270002046BDE8104009F0F9BABDE810400022F0
:107280002421FFF7ADBF10BDC03001204268D102FC
:1072900003460CD5D3F86022D20700F52E7003D533
:1072A000B3F8861122F0D2BF282122F0C9BF70475F
:1072B0004368DB0203D500F52E7022F0CABF704789
:1072C0003A2108F0D3BE012380F89B3170470000BB
:1072D00070B5002300F5B47686B0044680F89B3183
:1072E000304622F041FF78B9204609F0F0F9054612
:1072F0000DF10F01304622F0B4FE034630B9094BC0
:107300000221187B26F0DCFE06B070BD194604A8E9
:1073100001930CF05DF9019B04AA2946204609F06F
:1073200009FAE5E73831012010B5044600F5B870D8
:1073300022F01AFF28B120462A21BDE8104008F0AB
:1073400095BE10BD012380F89A317047002380F864
:107350009A317047024B1B6803B11847704700BF52
:1073600098210120024B1B6803B11847704700BFEA
:1073700088210120024B1B6803B11847704700BFEA
:107380007C210120F0B5B0F87032A0F87E320126E1
:10739000B0F87232B0F86C12B0F86E22B0F83A72EF
:1073A000A0F88032044680F8786290F88C0287B0AA
:1073B00040F2E24359435A4358430391029214F076
:1073C000D1FC0346104805681048651B2D11454344
:1073D00005A8CDE90070DDE90221E8B214F004FD52
:1073E00028B93C21204608F041FE07B0F0BD059BBE
:1073F000074A84F8F860A3FB0232DB0F43EA42033A
:10740000A4F87C32F1E700BFA0210120CF467D67C0
:10741000E3361A000C3015F04BBC00002DE9F047A4
:1074200088B004460E4690461F4608F09BFB054672
:10743000002861D0DFF800A1DFF80091DAF8001031
:10744000E38BB4F81CC0401A3849029107A9001117
:107450000191B5F83A12009140F2E24209FB00F0C6
:107460005343002102FB0CF2C0B214F08DFC88B92A
:10747000284608F03DFC0D253146284642463B464D
:1074800005F07DFB022120460AF088FC284608B062
:10749000BDE8F087DAF80030254AED1A079BA3FB18
:1074A0000232DB0F43EA4203A4F862300023637028
:1074B000A370A4F808322D119DF8403084F86A308A
:1074C00009FB05F59DF84430A4F8605004F11C0157
:1074D00084F86B300120059114F01EFF0599009689
:1074E00042463B4620460AF0DDF90599054628B19B
:1074F000012014F027FFBFE70925BDE700964246AB
:107500003B4620460AF054FB05460028F0D194F88B
:107510006A3003F0FD03012B01D113F09BFD054AF6
:1075200013790133137113F085FDAFE7C103040034
:10753000E3361A00F8300120A0210120CF467D67F4
:1075400010B50446012014F0FDFE94F86A3003F0F3
:10755000FD03012B01D113F085FDD4F8980220B171
:1075600022F066FD0023C4F89832044A1379013BE7
:107570001371BDE8104013F065BD00BFF830012065
:10758000F8B50446602022F047FD0746002851D098
:10759000B4F860304FF43C7253433E4A12681A44C8
:1075A000002191703C4A1B115343038042F6013382
:1075B000438004F1280600F108050FCE0FC50FCE59
:1075C0000FC596E80F0085E80F0094F86830012B8E
:1075D0003FD194F8DB2294F8DA128A42D4E9B4530A
:1075E00005D1D4E9B260834208BFB5422FD042F042
:1075F00002068A4205D1D4E9B2129A4208BFA942D2
:1076000044D0D4E9B20187F83C60C7E91253D4E909
:107610001623C7E9162394F8693087F83D3094F8AB
:107620006C3087F83E301D4BC7E91401187B394692
:1076300022F007FD2046FFF783FF194B194AE41A91
:10764000194BE4105C430123A3405372F8BD164666
:10765000CFE794F8C32394F8C2138A42D4E9EE53D7
:1076600005D1D4E9EC60834208BFB5420CD042F0AA
:1076700002068A4205D1D4E9EC129A4208BFA94217
:1076800004D0D4E9EC01BEE71646F2E70020002161
:10769000B9E700BFA0210120CF467D673831012026
:1076A0006023012050230120D578E9262DE9F74FEA
:1076B000B0F848820646232009F0FAF8044600286C
:1076C00000F0F380B6F81411B6F81631784F073190
:1076D0004FF4307B0BFB087B1FFA81F913FA81F121
:1076E00089B23046DBF83051BBF834A108F07EFE99
:1076F000B6F83A1200900144019114F0BDFE0199D0
:10770000431818462946019314F0D6FE019B002821
:1077100000F0A8802946184614F0CEFEDBF81C11B4
:10772000B0FBF1F301339BB201FB035053441FFA4A
:1077300083FA009914F0C0FE5E4B984200F2A280DA
:107740005D4A0023A0FB0202C2F34F0218461C212F
:107750002170B6F8461261709B03B6F84612E270CB
:1077600043EA403313434FF4307505FB0875090AAB
:107770001B12A1702371D5F81C21504BA2FB0321D1
:10778000D20F42EA41026271D5F81C21A2FB032309
:10779000C3F3D713A371D5E98A3295F82011E371A9
:1077A00042EA4112190A2172190C1B0E6172E2722F
:1077B000A372EB6D2373EB6D1B0A6373B5F85E3038
:1077C000A37395F85F30E3732B6E23742B6E1B0A43
:1077D0006374B5F86230A37484F813A04FEA1A2AD0
:1077E00084F814A0B6F816314B446375B6F8163118
:1077F0004B441B12A375B5F83431E375B5F8343139
:107800001B0A237695F8723295F8709249EA0319AB
:1078100008F09CFD4FFA89F949EA4010607695F826
:10782000B832022B04F11B0003D0032B14BF012339
:107830000423A3764FF4307303FB0877D7E9A02322
:1078400022F082FDB6F8163184F82130B6F81631F0
:1078500021461B0A304684F8223003B0BDE8F04FC1
:1078600009F004B81946284614F026FEDBF81C116E
:10787000B0FBF1F398B2AAEB030A01FB10501FFA18
:107880008AFA56E7B0F5161F0D4A28BFA0F5161064
:10789000A0FB02124FF0030101FB00222CBF0123C9
:1078A0000023C2F38F22012051E703B0BDE8F08F1F
:1078B000C0160120E1BF030012111111E3361A00B6
:1078C0009E36D0692DE9F84F064690F8480206F03A
:1078D00097FE0546232008F0EBFF0446002800F041
:1078E000FA80B6F81411B6F81631D5F834A1B5F807
:1078F000288107318FB213FA81F189B2304608F03E
:1079000075FDB6F83AB28146834414F0B5FD834460
:107910005146584614F0D0FD002800F0B78051467B
:10792000584614F0C9FDD5F82022B0FBF2F301331C
:107930009BB202FB03A043441FFA83F8494614F0AC
:10794000BBFD664B984200F2B180654A0023A0FB64
:107950000202C2F34F0218461C212170B6F84612EB
:1079600061709B03B6F84612E27043EA403313435A
:10797000090A1B12A1702371D5F82022594BA2FBD2
:107980000321D20F42EA41026271D5F82022A2FB04
:107990000323C3F3D713A371D5E98C9A08F0D6FC5F
:1079A0004FEA192384F8079023724AEA40104FEAFD
:1079B00019434FEA1969637284F80A90E072D5F8A6
:1079C0005C312373D5F85C311B0A6373B5F85E3103
:1079D000A37395F85F31E373D5F860312374D5F85C
:1079E00060311B0A6374B5F8623184F813804FEA82
:1079F0001828A37484F81480B6F816313B446375D4
:107A0000B6F816313B441B12A375B5F82831E3755F
:107A1000B5F828311B0A237695F83930DA0702D5F4
:107A20002F79012F09D0022B53D16F693F0A07F03C
:107A3000C007A7F140035F425F4195F8428008F01C
:107A400085FC400140EA071048EA000884F81980E4
:107A500095F86431022B04F11B0003D0032B14BFF3
:107A600001230423A376D5E9042322F06DFCB6F8A4
:107A7000163184F82130B6F816311B0A84F822300A
:107A800021463046BDE8F84F08F0F0BE5946504652
:107A900014F012FDD5F82022B0FBF2F399B2A8EB56
:107AA000030802FB11A01FFA88F847E7B0F5161F7C
:107AB0000D4A28BFA0F51610A0FB02124FF00301DB
:107AC00001FB0020C0F38F222CBF012300230120E3
:107AD00042E70027B1E7BDE8F88F00BFE1BF030030
:107AE00012111111E3361A009E36D069054B1B683E
:107AF0009A8880F844221A89DB88A0F84622A0F8E8
:107B0000483270479C21012090F843225AB9012243
:107B100080F84322D0F8602222F04002C0F86022B0
:107B2000392108F0A3BA704770B52E4C0546D4E948
:107B30000A2394F8211094F8200005F05DFE002837
:107B40004FD195F84A32002B45D0382022F064FA04
:107B5000014600283FD04FF48673438023898380F9
:107B6000821D04F10A0304F11A0053F8046B42F871
:107B7000046B8342F9D11B8813801B4B1B4A1B6883
:107B8000EB1A1B1153430B83A38B4B83B5F81631B0
:107B90008B83E38BCB8394F8203081F8203094F8EA
:107BA000213081F8213094F8223081F8223094F885
:107BB0002330022B03D0042B14BF0123032381F8AD
:107BC0002330D4E90A23C1E90A23238E0B86084B0C
:107BD000187B22F036FA28463921BDE8704008F0BB
:107BE00045BA70BD28210120A0210120CF467D6724
:107BF0003831012090F80A325BB190F80932B0F8C0
:107C00000822A0F86620012B0CBF00F58B7300231F
:107C10008366002380F80A32012380F864307047BD
:107C2000002380F86430704790F80A325BB190F816
:107C30000932B0F80822A0F86620012B0CBF00F52D
:107C40008B7300238366002380F80A32012380F8B7
:107C500065307047002380F86530704710B5124BCF
:107C6000044603F1080203CA1A8AA4F8CC21D3F807
:107C70001220C4F8AC21D3F81620D3F81A30C4F877
:107C8000C401C4F8C81104F5E070C4F8B021C4F808
:107C9000BC3104212AF096FD04F5DA700821BDE814
:107CA00010402AF08FBD00BF28210120064B1B6821
:107CB00000F5CE701A1D143352F8041B40F8041B53
:107CC0009A42F9D1704700BF9C210120062303721C
:107CD0007047000070B5044600F14C0500F5D672FF
:107CE000294600F5CE702AF013FDD4F8BC31E365C7
:107CF000D4F8C0312366002384F875300C4BA27889
:107D000000200021C4E97401C4E976011968094B17
:107D1000611A09115943B2FA82F2074B520984F8E9
:107D2000742028461B68BDE87040C9B2184700BFE0
:107D3000A0210120CF467D6768210120482108F05D
:107D400095B910B504460D2008F0B2FD014698B172
:107D50000346042203F8012BD4F8B421C0F8012013
:107D6000D4F8B8215A60D4F8C031C0F809302046A0
:107D7000BDE8104008F07ABD10BD10B504460120E2
:107D800008F096FD014630B1052303702046BDE89A
:107D9000104008F06BBD10BD10B50446012008F07E
:107DA00087FD014630B1062303702046BDE8104030
:107DB00008F05CBD10BD10B50446012008F078FD48
:107DC000014630B10A2303702046BDE8104008F098
:107DD0004DBD10BD10B50446012008F069FD0146F7
:107DE00030B10B2303702046BDE8104008F03EBDC3
:107DF00010BD10B50446012008F05AFD014630B10F
:107E0000122303702046BDE8104008F02FBD10BDBE
:107E100010B50446012008F04BFD014630B1132394
:107E200003702046BDE8104008F020BD10BD0000E2
:107E30001FB5104B104A1B68C31A1B1153439BB24A
:107E4000ADF80030ADF80430B0F8CC31ADF80E30FC
:107E5000D0F8C431CDF806300D22D0F8C831ADF8D5
:107E600002206846CDF80A3013F08CF805B05DF8B2
:107E700004FB00BFA0210120CF467D671FB50E4B3C
:107E80000E4A1B688DF80710C31A1B1153439BB28F
:107E9000ADF804300B22ADF80A3090F865308DF85B
:107EA000062001A88DF808108DF80C3013F06AF840
:107EB00005B05DF804FB00BFA0210120CF467D671F
:107EC0000B4B07B51B680B4AC31A1B1153430C22FB
:107ED0009BB2ADF8022068460022ADF800308DF864
:107EE0000420ADF8063013F04DF803B05DF804FB44
:107EF000A0210120CF467D670A4B07B51B680A4ABF
:107F0000C31A1B1153439BB211226846ADF80030CF
:107F1000ADF80220ADF8043013F034F803B05DF88A
:107F200004FB00BFA0210120CF467D67D0F8F411EB
:107F300000F5FC7022F08AB938B5124B1B68044674
:107F400000F5CE7103F10E0203F11E0052F8045B3E
:107F500041F8045B8242F9D15A68C4F8C4219A6896
:107F6000C4F8C8219B89A4F8CC3104F5DE70042143
:107F70002AF028FC04F5D6700821BDE838402AF024
:107F800021BC00BF9C21012010B5064C04F1080261
:107F9000034603CA2269C3F8B401C3F8B811C3F891
:107FA000C02110BD2821012010B50446172008F07B
:107FB0007FFC014610B30346032203F8012BD4F8DB
:107FC000C421C0F80120D4F8C8215A60B4F8CC31DB
:107FD0004372B4F8CC311B0A8372D4F8AC31C0F8C8
:107FE0000B30D4F8B031C0F80F30D4F8BC31C0F841
:107FF00013302046BDE8104008F038BC10BD00002A
:108000002DE9F0413E4B86B01C6807F0ABFD0546FC
:10801000A8B9D4E9062394F82010092004F0AFFD94
:10802000042021F0F9FF014630B140F203334380D0
:10803000344B187B22F005F806B0BDE8F081DFF87C
:10804000DC80314ED8F80000A188E3882F4F0296DB
:10805000281A05AE0011019640F2E242B5F83A62E4
:10806000009678435343C0B24A43002113F08CFE7C
:1080700040B9284607F03CFED4E9062394F82010C6
:108080000D20CBE7D8F80030214E224ADFF890804F
:10809000EB1A1B117B43A6F88030059BA3FB023231
:1080A000D4E90401DB0F43EA4203A6F8823006F16B
:1080B0003C0383E80300012014F02EF912F0BAFF0C
:1080C00096F84230012703F0FD03BB4288F80470A4
:1080D00001D112F0BFFF86F89071A6F88E71D4E935
:1080E000062394F82010201D09F0B0FA0A4928460A
:1080F00008F012FE09F08AFB88F805709CE700BFC3
:10810000A80C012038310120C1030400CF467D674F
:10811000B8210120E3361A0000220120A02101200D
:10812000F8300120054B1B7933B10548012380F855
:1081300099309C3014F070BD704700BFF8300120BA
:10814000B8210120F8B5394B1B79002B69D060208C
:1081500021F062FF074600285BD0354CB4F8803030
:108160004FF43C725343334A12681A440021917011
:10817000314A1B115343038042F60133438004F11B
:10818000480600F108050FCE0FC50FCE0FC596E8C3
:108190000F0085E80F0094F86B3187F83C3094F8B5
:1081A0006A219A4207D1D4E95851D4E95602914242
:1081B00008BF854203D043F0020387F83C30D4E97E
:1081C0005823C7E9122300220023C7E9142394F897
:1081D0006B2194F86A319A4207D1D4E95802D4E964
:1081E00056139A4208BF884203D0D4E95623C7E900
:1081F0001423D4E91E23C7E9162394F8853087F8A1
:108200003D30012387F83E300C4B3946187B21F076
:1082100018FF012014F096F8BDE8F8400448FDF777
:1082200007BBBDE8F840FFF77DBF00BFF830012075
:10823000B8210120A0210120CF467D6738310120DF
:1082400013B5134B134C1B68B4F880204FF43C70EB
:1082500000FB02304C2107F009FF012014F072F8F6
:108260002046FDF7E5FA00230093ADF80430684698
:1082700008238DF8023012F085FED4F81411D4E9E9
:108280004823C1F3C001022004F079FC02B010BD04
:10829000A0210120B821012010B50A4B0A4C1B680F
:1082A000B4F880204FF43C7000FB02304B2107F003
:1082B000DDFE012014F046F82046BDE81040FDF731
:1082C000B7BA00BFA0210120B8210120044B1968D2
:1082D0000C20D1E9062391F8201004F050BC00BF17
:1082E000A80C012007B5054B009368460C23ADF898
:1082F000043012F047FE03B05DF804FB0000080CE8
:108300000123837090F808321BB900F5037014F054
:1083100083BC00F53E70FAE72DE9F3411C4F1D4D7B
:10832000DFF8748006460024AB7A2341DA0711D5C2
:108330006B7A2341DB070DD4B7F860304FF43C7201
:108340005343D8F80020D018D35C012B02D14C2124
:1083500007F08CFE0134032C07F57A77E4D1304620
:10836000FFF7EEF83378032B0FD000230093ADF81E
:108370000430684608238DF8023012F003FED5E978
:108380000023297A022004F0FAFB02B0BDE8F08154
:108390006023012050230120A0210120044B1968F3
:1083A0000C20D1E9062391F8201004F0E8BB00BFAF
:1083B000A80C012007B5054B009368460C23ADF8C7
:1083C000043012F0DFFD03B05DF804FB0000080C80
:1083D000074B1B681A7980F83C225A7980F83D22B5
:1083E0009A7980F83E221B8980F84730704700BF99
:1083F0009C210120024B1B89A0F8B032704700BFBE
:10840000282101200D490B8910B4024623B93921D6
:108410005DF8044B07F02ABEB0F816414B891B1BD0
:108420009BB247F6FE74A34201D94921F0E7886860
:108430005DF8044BC2F8B202704700BF282101204A
:1084400070B580F8B01280F8B122044603200E46C1
:10845000154608F02DFA014640B116230370467008
:1084600085702046BDE8704008F000BA70BD70B558
:10847000044603200E46154608F01AFA014640B19C
:1084800017230370467085702046BDE8704008F0E1
:10849000EDB970BDF8B5044605200F46164608F044
:1084A00007FA054630B357EA0602B4F8143184F8E7
:1084B000B27284F8B36216D0B4F8162113440733AD
:1084C000A4F8B43218232B706F70AE70B4F8B432C5
:1084D000EB70B4F8B4321B0A2B7129462046BDE874
:1084E000F84008F0C3B9A4F8B4223921204607F0B7
:1084F000BDFDE7E7F8BD00001FB50F4B0F4A1B6835
:108500008DF80710C31A1B1153439BB200228DF83C
:108510000920ADF804301622ADF80A30B0F8443026
:108520008DF8062001A88DF80810ADF80C3012F077
:1085300029FD05B05DF804FBA0210120CF467D6731
:10854000F8B5046AB4F8982005469AB1042021F0E1
:1085500063FD014600284ED0304B9C4214BF0323DC
:10856000022383700323C3702D4B187BBDE8F840B2
:1085700021F067BD2B4E337C7BB194F84130D90795
:108580000BD59B07327404D4D6E90623A01C21F036
:10859000DBFED6E90623C4E94623A36BE28FAB607A
:1085A000A38F934213D040F271235A43D4F854114D
:1085B000EB680B4493420AD2284614F031FA30B1EA
:1085C000A16BA86813F078FFC4F8540113E00023EE
:1085D00094F8491194F8C900C4F8543104F0C0FA71
:1085E000A68FE28F84F8C900964205D1284614F080
:1085F0001DF9AB68A363F8BD40F271235E4303FB32
:108600000267AB683344A3633A463146284614F008
:1086100007FA0028D4D1A36BAB60F2E7B00C0120BD
:1086200038310120F83001207FB5846A606E00285F
:1086300045D094F8A0300BB1062B44D194F8A40097
:1086400000283CD0D4E92423214D224821F07CFE8F
:1086500094F8A23085F88B31D4E92423C5E924238A
:1086600095F841309A0716D5D4E91423CDE90223B1
:1086700002ABE66C94F8A3000093D4E92623FCF740
:1086800090FDF0B9C6F34006DDE90223124821F05F
:108690005BFE85F88A611149A1F5C4700AF06EF895
:1086A0000F4B5B699B0310D595F8903113B1013BDB
:1086B00085F8903195F89001B0FA80F0400904B047
:1086C00070BD0126E0E70020F9E70120F7E700BFD1
:1086D000B00C0120B80C0120B20C0120380E012092
:1086E000F830012070B5846A94F8A030022B01D9CB
:1086F000062B49D1284B294A1B68527A5B7B9A4248
:1087000042D22D2021F088FC054600283CD0236E63
:1087100094F8822083F8272094F8A32094F8A230BC
:108720009A4232D1D4E92631D4E92402914208BFD9
:10873000834214BF01230023226E194E82F8283091
:10874000236ED4F8842083F82920D4F88430226E54
:108750001B0A82F82A30236EB4F8862083F82B2077
:10876000236E94F8872083F82C2094F8A510226EAD
:1087700069B100210B4821F05EFC4021307B25F0DF
:108780009FFC04F033FB256670BD0123D4E7064847
:1087900021F051FC8021F1E7C0300120943101200B
:1087A00038310120D80C0120E00C0120836A986E3A
:1087B000003818BF0120704770B5846A484D002901
:1087C00074D094F8A030042B4FD1D5E92402D4E919
:1087D00024139A4208BF884247D1424B424A1B6841
:1087E000527A5B7B9A4240D22D2021F015FC06463E
:1087F00000283AD0A36E94F8822083F82720D4E989
:10880000261294F8A20000239A4208BF814207D0A2
:10881000D4E92430904208BF8B4214BF01230023C7
:10882000A26E324882F82830236ED4F8842083F870
:108830002920D4F88430226E1B0A82F82A30236E55
:10884000B4F8862083F82B20236E94F8872083F8D1
:108850002C20A26E002121F0EEFB254B4021187B3D
:1088600025F02EFC04F0C2FAA66695F8913101338A
:10887000DBB2012B85F891310AD9B5F88E315B084E
:10888000012B38BF0123A5F88E31002385F89131E3
:10889000002385F8923112F02DFBB5F88E31013BA3
:1088A0001840013085F89001002070BD95F8923194
:1088B0000133DBB2012B85F892310CD9B5F88E313A
:1088C00085F892115B009BB2B3F5807F28BF4FF40F
:1088D0008073A5F88E31002385F89131DBE700BF66
:1088E000B00C0120C030012094310120D80C0120AF
:1088F0003831012090F86A300133DBB2012B10B51A
:10890000044680F86A300DD9B0F866305B009BB23F
:10891000B3F5807F28BF4FF48073A0F86630002342
:1089200080F86A30002384F8693012F0E3FAB4F872
:108930006630013B1840013084F8680010BD00002B
:108940002DE9F047057C4368C0F81432AF1E044699
:108950007D427D41D0F8348200F5037613F08CFD22
:108960006789238900F2CC40BB4208F160094FEAD5
:108970004505C4F818021BD0D8F88CA040F271232A
:108980005F435044B84213D213F076FD00F2CC405E
:108990003A1A92450CD85146304614F041F838B195
:1089A000D4F8143262689B1AC8F88C30BDE8F0879E
:1089B000E378EBB92B4A117803230135EDB2032D8F
:1089C00008BF002541FA05F0C00721D5264B557098
:1089D00053F82540D4F8348204F5037608F1600991
:1089E00099F8211098F8010004F0BAF888F801000D
:1089F000228963894FF000089342C9F82C800CD17A
:108A0000304613F013FFB36863600023E370CDE7D3
:108A1000013B13F0FF03D0D1E2E7124FBB782B41AB
:108A2000DB070AD4304613F001FFB368636001220C
:108A3000BB78AA401343BB70E7E7B36840F27121EB
:108A400001FB0233B360636013F010FD4008421C69
:108A50004146304613F0E4FFB36862689B1AC9F8D8
:108A60002C30D2E7480E0120CC620020084B5B6915
:108A70009B030BD590F8683013B1013B80F8683048
:108A800090F86800B0FA80F0400970470120704704
:108A9000F83001202DE9F3411C461B0A03F0C00306
:108AA000402BDDE908860746154621D1DDE90A237A
:108AB000CDE900239DF83020284602F0FD02214632
:108AC000FCF716FC68B17B7B032B04D133700B4B96
:108AD000D3E9065407E002233370094BD3E90C5461
:108AE00001E0FE233370C8E9005402B0BDE8F08114
:108AF000437B012BEAD00023EEE700BFF8300120D2
:108B0000383101202DE9F0410578012D86B0064667
:108B10000C4617461CD1C81D91F8068021F00EFCAA
:108B20000B46B6F8C0110291E17B019121790091C9
:108B30000246414604A804F059F8DDE9042305483B
:108B400004F06EF820B93D70284606B0BDE8F0810B
:108B50000025F9E7600E0120F0B51378012B87B0EE
:108B600006460C46154622D18B885B0615D4C81DD7
:108B70008F7921F0E3FB0B46B6F8C0110291E17B3F
:108B80000191217900910246394604A804F02EF89B
:108B9000DDE90423074804F0A0F802232B70064BFC
:108BA000187B402107B0BDE8F04025F089BA07B036
:108BB000F0BD00BF600E012038310120F8B5837888
:108BC0008588002B04460CBF1E234FF496730F4676
:108BD0005D43164613F044FC6378012BA3780CBF69
:108BE00032214FF4FA71002B0CBF1E234FF4967301
:108BF0000144E81803F0F6FD2D1A3D60A378002B20
:108C00000CBF1E234FF4967303EB40033360F8BD93
:108C1000C37CF0B51370847C9C4207D1D0E9027507
:108C2000D0E90064A54208BFB74202D043F0020376
:108C30001370D0E90223C1E90023F0BD2DE9F04F04
:108C40000D468DB090F83C109DF860901B9CDDE9BE
:108C500016678346904621B1002108460DB0BDE855
:108C6000F08F24222046079135F000FD9DF96430F5
:108C70006374FF23E3737F23A58023749BF8103074
:108C80000799002B56D0022B57D098F80030DA1FE6
:108C9000012A59D89BF8AA31DB0750D584F80690F1
:108CA00032463B46E01D21F04FFBDBF8A03123624A
:108CB0000023A3839BF8AA219BF8A931510001F05E
:108CC000040103F003030B43A1880B43A3809BF82B
:108CD000E431012B36D0022B14BF01230323A373ED
:108CE000150744BF9BF8C231E373500644BF9BF89D
:108CF000C3312374910644BFBBF8EC316382930700
:108D000016D50DF1270301930AAB00935846DBE912
:108D10006E23CDE90267CDF81090FFF7BBFEDDE9C9
:108D20000A2304F1150021F00FFB9DF8273023756D
:108D3000012192E701236373A7E70323FBE7FF23E6
:108D4000A371B2E70223CAE798F804A0AAF1060AC1
:108D50005FFA8AFABAF11F0F3FF67EAF1A9A02F154
:108D6000080845F01002A280062B3FF676AF01A25C
:108D700052F823F0918D0300998D0300D78D0300E5
:108D80005B8C0300F58D03005B8C0300EF8D03000B
:108D900045F01305A5801EE045F01505A580404669
:108DA00021F0CCFA0B460DF1270101910AA90246E8
:108DB00000915846CDE90267CDF81090FFF76AFEA2
:108DC000DDE90A2304F1150021F0BEFA9DF82730F1
:108DD00023754FF0000A84F8069032463B46E01DAA
:108DE00021F0B2FAC4F82080A4F81CA0A0E745F056
:108DF0001205CFE7044B1B78002B08BF45F0010597
:108E000045F01A05C6E700BF800B012090F86930D5
:108E10000133DBB2012B10B5044680F869300AD962
:108E2000B0F866305B08012B38BF0123A0F866302C
:108E3000002380F86930002384F86A3012F05AF871
:108E4000B4F86630013B1840013084F8680010BD6A
:108E50002DE9F04F95B0046A856AA94E07460AA825
:108E6000894609F017FD9DF828304FF00008072BC0
:108E700086F8018004F5D47040F0348184F8AA812A
:108E800009F102020DF1260109F0F6FA94F8A901A0
:108E900050BB9DF8263013F0100203F0010140F0A2
:108EA000B38021B90123737015B0BDE8F08F9DF830
:108EB00028308DF8483094F8AA318DF84930D4E93B
:108EC0006C01CDE90E01D4E96E01CDE91001B96A5A
:108ED000BDF82A30ADF84A30483105F190030EA8AC
:108EE000FBF7B8FE0028DDD0864EDFF81CA23278F2
:108EF0000123012A8AF800309DF8263053D103F06F
:108F00000903092B4FD100220023CDE90C239DF842
:108F100028308DF8483094F8AA318DF84930D4E9DA
:108F20006C01CDE90E01D4E96E01CDE91001B96AF9
:108F3000BDF82A30ADF84A3005F190084346483173
:108F40000EA88DF82720FBF785FE0DF127020CA94E
:108F50004046FFF75DFE337A012B94F8C23177D19A
:108F60009DF82700009300F00100DDE90C23FBF7DA
:108F70005FFF002898D0DDE90C0100238AF800305B
:108F8000B3699DF8272083F87122C3E99E0194F804
:108F9000C22183F87022D4E96C01C3E9A0019DF8D5
:108FA0002A2083F872229DF8268018F0100865D0D8
:108FB0000023FB6004F5EF77D4F8CC11384609F0B4
:108FC000B1FA95F8A12095F88310687BD5F88880D0
:108FD000023212F0CCF9D5F8882008EB00033946AC
:108FE000204604F071FA94F80832002B40F0858096
:108FF0003378012B7FF458AF9AF80020002A7FF4D1
:1090000053AF8AF800304FE74FF0000A4FF0000BE3
:10901000C6E906ABC6E908ABB06251B1D4E96C0150
:109020000122C6E9060186F828209DF82A2086F844
:1090300029209B077FF558AF012386F82A30D4E911
:109040006E23C6E908239DF82B3086F82B304BE7BA
:10905000727A9A427FF428AF9DF82730B27A03F0F3
:1090600001039A427FF420AFD6E90402DDE90C1334
:109070009A4208BF88427FF417AF7CE700220023A2
:10908000CDE90E238DF830800CAA0EA905F19000D1
:1090900004F11806FFF7BCFDCDE9049695F982307E
:1090A00003939DF830300293DDE90E234146CDE96C
:1090B000002320460AAAFFF7C1FD00283FF4F4AEC2
:1090C00004F13C0284F82680314620460792FFF7DF
:1090D00019FD079A00283FF4E7AE31462046FFF716
:1090E0003BFDE1E600220023CDE90E23414630227C
:1090F0008DF8308035F0BAFAC6E713F08BF9D3E675
:10910000800B0120001F0120B00B01202DE9F0434E
:10911000B14D046A866A8DB0074605F10C00884699
:1091200009F0B8FB05F10A0108EB000204F5D47060
:1091300009F0A2F92A7BE8720123072A6B7240F03A
:10914000498194F8A921002A40F0DE8095F8282072
:109150005AB9AA7AD20708D585F82830D4E96C2301
:10916000C5E90623AB7B85F8293095F82A3063B929
:10917000AB7A980709D5012385F82A30D4E96E2304
:10918000C5E90823EB7B85F82B3095F82830012BB7
:1091900002BF94F8AA3143F0010384F8AA31D5E95B
:1091A0000623C4E96C2395F82930AB7395F82A306F
:1091B000012B02BF94F8AA3143F0020384F8AA31CC
:1091C000D5E90823C4E96E2395F82B30EB73072308
:1091D0008DF8283094F8AA318DF82930D4E96C2321
:1091E000CDE90623D4E96E23B96ACDE9082306F157
:1091F0008808EB89ADF82A3000224346483106A89A
:10920000FBF728FD08B901236B7000220023734F80
:10921000CDE9042304A900230DF10F0240468DF887
:109220000F30FFF7F5FC97F80090B9F1010F75D0FA
:109230004FF0000994F8AA319B0605D5D4F8D01157
:1092400004F5F47009F084F93A78012A61D1DFF865
:10925000908198F80030002B5BD194F8AA319806E1
:1092600057D57B78002B54D1BB69B4F80412A3F80E
:109270001811A3F83611B4F8EC1140F2E240414362
:10928000C3F81C1194F8F80183F8200194F8E40164
:10929000012800F09180022808BF032283F8B82239
:1092A000B3F80822B9F1010F01FB02F2C3F824213F
:1092B00012D1DDE90401C3E99E019DF80F2083F876
:1092C000712294F8C22183F87022D4E96C01C3E9B9
:1092D000A001AA7B83F8722296F8742096F87E107B
:1092E000707BD6F8847012F042F838440090D6F8BB
:1092F000843004F5F47204F5EF71204604F024FB89
:10930000002388F8013004E0AA7AD1073FF55FAF67
:109310006B706B78012B51D10027B4E0DFF8C0806F
:1093200098F80030002B40F0C6807A7A94F8C23169
:109330009A420FD19DF80F30BA7A03F001039A4296
:1093400008D1D7E90402DDE904139A4208BF884234
:109350003FF46EAF012388F80030AB7A1A077FF52F
:1093600067AF13F0210F3FF463AF3A7A94F8C2313C
:10937000012A0ED19DF80F00009300F00100DDE9F5
:109380000423FBF755FD0028C3D0002388F80030E4
:1093900050E77A7A9A42BCD19DF80F30BA7A03F03E
:1093A00001039A42B5D1D7E90402DDE904139A42D8
:1093B00008BF8842ADD1E8E702226FE794F8A971AF
:1093C00017F002074ED0376E002F4BD096F89C3026
:1093D00043B901236B709FE7800B0120001F012020
:1093E000B00B012094F8AA31D907F2D52046FFF737
:1093F0003DFB0128074635D1D6E9222304F1800040
:1094000020F0A2FF96F89A3084F8DB31D6E92223C7
:10941000C4E91C23637B9A071ED594F8AA319B07E5
:1094200035D5D4E96E23CDE906231B0A03F0C0032A
:10943000402B95F80F8007D106AB96F89B00009360
:10944000D6E92423FBF7BCFEDDE9062304F17A000C
:1094500020F07AFF84F8DA8104F5EC7104F17800E9
:1094600009F08CF994F8A93185F82C300023EB85AC
:1094700094F8AA315B0003F00403A4F8443096F991
:109480007D3084F8513038460DB0BDE8F083D6E920
:109490001423D6F84C80CDE9062306AB96F89B0042
:1094A0000093D6E92423FBF77CFE10B9C8F34008EB
:1094B000CAE7B846C8E7012B7FF4BAAE4DE700BF54
:1094C0002DE9F041046AD0F82880064686B00F46A0
:1094D000204629B9FFF70EFA002006B0BDE8F0815A
:1094E0001F4DFFF793FC394605F10C0009F0D2F946
:1094F00005F10A013A1804F5D47008F0BDFF012304
:109500006B722B7B8DF8103094F8AA318DF81130E6
:10951000D4E96C23CDE90023D4E96E23B16AE87263
:10952000CDE90223EB89ADF81230002208F188035F
:1095300048316846FBF78EFB10B901236B70CBE70F
:1095400094F8A9319B07F8D1D4E91C02D8E9221379
:109550009A4208BF8842F0D10823EB85BCE700BFE0
:10956000800B0120F0B5234C866A627885B00D46E9
:1095700012B1002005B0F0BD0029FAD0637A076A65
:10958000012B22D1E37A97F8A811627202331D44AD
:10959000237C6560013B5B1A2372237B072BE8D198
:1095A00000230193A37ADB060DD5D7F8CC1102A8CE
:1095B00008F0B8FF9DF80830737006F1780201A931
:1095C00002A8FFF7FBFA0198D4E704F10C0009F0B8
:1095D00061F905442A4604F10A0107F5D47008F040
:1095E0004BFF237C97F8A821013B05449B1A65603B
:1095F0002372D2E7800B01202DE9F043524F7E7891
:109600008DB0002E40F09E80D0F82880046A21B9E9
:10961000A38B43F04003A38333E094F83C50022D26
:1096200000F08C80002D68D197F82C9084F8A991D7
:1096300000220023CDE90A230AA90DF1270208F12F
:1096400088008DF82750FFF7E3FA19F0020F36D0A3
:1096500004F14009B4F84410CDE9045994F95130AB
:1096600003939DF827300293DDE90A232046CDE9D4
:10967000002307F10C02FFF7E1FA50B984F8640007
:10968000002604F13C0204F118012046FFF764FAB9
:1096900054E0B4F84430A4F85C6023F0080304F10B
:1096A0006402A4F844302666494620460792FFF734
:1096B00029FA079A18B149462046FFF74DFA0023C8
:1096C00004F118050595049398F97D3003939DF8EE
:1096D00027300293DDE90A23F98DCDE900232046E6
:1096E0001A4AFFF7ABFA0028CAD004F13C02294617
:1096F0002046FFF707FA0028C2D0154BA08E1B6842
:1097000098F97D901D8B97F80880D4F8A03179687E
:109710002D1AADB2454528BF454618442A4634F0B7
:109720007DFFA38EA8452B44A3863FF671AFBB7A7D
:1097300084F82990DB064FF00106A2D530460DB023
:10974000BDE8F0830026F9E7800B01208C0B012097
:10975000C03001207FB5846A636E002B3FD094F83F
:10976000A0300BB1062B3AD194F8A430BBB3056AF4
:10977000D4E9242305F1800020F0E6FD94F8A2301E
:1097800085F8DB31D4E92423C5E91C236B7B9B07D7
:1097900017D5D4E91423CDE9022302ABE66C94F883
:1097A000A3000093D4E92623FBF7FBFCA8B9C6F37A
:1097B0004006DDE9022305F17A0020F0C5FD85F8B9
:1097C000DA6105F5EC7105F1780008F0D7FF28465D
:1097D00004B0BDE87040FFF749B90126E9E7002071
:1097E00004B070BD37B5044668460D4609F052F81E
:1097F0009DF80030054A072B137005D029462046F6
:10980000FFF7A8FF03B030BD0020FBE7800B01206D
:10981000FEF7CCBF2DE9F041856A046A8EB00E4692
:10982000002947D00AA809F035F895F8A030042B94
:1098300039D1D4E91C02D5E924139A4208BF8842E1
:1098400031D100230022CDE90C234FF000080DF1A7
:1098500027020CA905F1900004F118078DF8278064
:10986000FFF7D6F9CDE9046795F9823003939DF8A7
:1098700027300293DDE90C234146CDE90023204641
:109880000AAAFFF7DBF970B104F13C0284F82680E4
:10989000394620460792FFF735F9079A18B139463D
:1098A0002046FFF759F92046FFF7B0FA00200EB026
:1098B000BDE8F0812046FFF71DF8F7E7006A03686E
:1098C000027C90F8081223F07F4323F0FF03C3B11A
:1098D00090F809320133DBB280F8093211B1012B63
:1098E00001D8704783B1023A5342084953415B00A3
:1098F00001229A400B7823EA02030B70032103F044
:1099000027BF09B9FFF71CB8704700BF480E0120F8
:10991000036A0122DA70FFF7D1BF0000006A036812
:10992000027C23F07F4323F0FF036BB1023A5342E2
:10993000074953415B0001229A400B7823EA020356
:109940000B70032103F004BF80F80832FEF7F8BF64
:10995000480E01202DE9F74F046AE378074633B13A
:109960000521204603B0BDE8F04F03F00BBFA278FD
:109970005AB12046A370032103F018FF04F51870B4
:1099800003B0BDE8F04F20F064BC6379A3B9E3797C
:10999000B4F83611002B14BF07220622B4F8183190
:1099A000062AA3EB01030CBF05220622934203D132
:1099B0000321204603F0E6FE414BB4F81811587815
:1099C0000022E271002860D14FF00108B4F8343170
:1099D000B4F818513B4EDFF8F490ED1AA61B3A4B41
:1099E000B6115E43ADB2B6B24FF0000AB4F818310A
:1099F000ADF8003094F83831ADF80280ADF806606B
:109A000023B168468DF804A0FCF768FA94F8A031F9
:109A10002BB1012368468DF80430FCF75FFAB4F8E7
:109A20001831D4F81C0145444344ADB2A4F81831B0
:109A300000FB05FB94F8200107F050FB0146584657
:109A400002F0D0FED4F81C21D4F83031B4F818114B
:109A500002FB05331B1ABB60D4F828310344FB60BA
:109A6000D4F82C3103EB4003C4F8C03004F50A707D
:109A700004F0C8FE494684F85900384612F024FF25
:109A80000028B3D003B0BDE8F08F5868C4F83001A7
:109A9000A4F8341104F51870B4F80A125A7020F0C2
:109AA000D5FBD4F82421002A8ED0B4F80A324FF422
:109AB0007A714B439A4287D2B4F8088286E700BF96
:109AC000B00B0120C0160120A38B2EBA1DCF0300BE
:109AD000036A0122DA71FFF73DBF00002DE9F04F64
:109AE00090468FB0002900F02881046ADFF8689260
:109AF0004E78876A8D1C2A4609F10A0104F5227006
:109B000008F0BAFC94F88832013E2844F61AC9F8E5
:109B1000040089F808606379894DABB901260421F6
:109B2000204666712E7003F02DFE3146204603F06C
:109B30003DFE844B1B78B34201BFD4F81C31B4F80E
:109B400008225343C4F824316B784BB997F8783026
:109B5000012B05D1B8F1000F02D17A6F6A606B70EA
:109B6000794B7A4AD4F8A85294F8A482E31A9B114C
:109B700053431FFA83FB023504F5D079B8F1000F87
:109B80003AD194F8A031012B1ED194F8AA117B6F21
:109B9000B4F8A82100290CBF1E214FF4967101FBD7
:109BA0000233C4F8A431702020F036FA054658B1CB
:109BB000674B40F8083B4946682234F02FFD654B5F
:109BC0002946187B20F03DFA00230693624B9B7ACE
:109BD000DB060DD5D4F8AC1207A808F0A3FC9DF85D
:109BE0001C307B7007F1680206A907A8FEF7E6FFA4
:109BF00006980FB0BDE8F08F15F8013C15F8026C1F
:109C0000282B08D02C2B18D0A8EB0606013E06F016
:109C1000FF080235B2E784F8393194F8383184F816
:109C20003A61002BF0D14FF0010384F83831294616
:109C300004F59C7008F0D1FCE6E784F8A13194F8B3
:109C4000A03184F8A261002BDED132462946484675
:109C500008F0DFFC94F8AEA10AF1FF331E2B68D8A0
:109C6000D4F8C8313D4A0193A3F58073934260D87C
:109C7000B4F8AC310293043B9BB240F67C42934271
:109C800057D894F8AFE10EF1FF331E2B51D8B4F83A
:109C9000CC310393B3F5805F4BD2B4F8C231049357
:109CA000013BFA2B45D894F8D821032A41D894F8DF
:109CB000E8310593012B3CD894F8B0C10CF1FF3189
:109CC000062936D894F8C011481E0E2831D894F8C9
:109CD000B8010F282DD84FF0010384F8A0314FF0C0
:109CE0003103ADF81E30029BADF82430049BADF873
:109CF0002A30019B0B93039BADF83030059B8DF808
:109D00002700ADF81CB0ADF820B08DF822A08DF87A
:109D100023E08DF826C08DF828108DF832208DF8BC
:109D2000333094F8E9318DF8343007A811F02AF96E
:109D30006AE7002384F8A03166E7084659E700BFC8
:109D4000B00B0120201F0120C0160120A38B2EBACA
:109D50000000110338310120800B0120FFFE0F00AD
:109D60002DE9F047046AD0F828806378012B074674
:109D70000E4605D1B4F80A1204F5187020F066FA00
:109D800094F8205006BB012D1CD16378012B19D10A
:109D900010223146A0183D6A34F068FC364BED1AAB
:109DA000364BAD115D4347F67F73E38240F2FF23EC
:109DB0002383022384F82030314BA582187B402175
:109DC00024F07EF9002553E0022DFBD02D4E0DBB73
:109DD0001022A0182946D7F8289096F80AA03F6AC2
:109DE00034F044FC244B254AFB1A9B1153431AF0D0
:109DF000400FA3821CBF97F8A332A37599F86D306A
:109E0000E375FF2323767B6AE3616378012B1BD123
:109E100084F820301C4B608B1B68377A1D8B636A7B
:109E2000716898F96D802D1AADB2BD4228BF3D46CC
:109E300018442A4634F0F2FB638BAF422B44638311
:109E40000FD902236376002594F82030012B0FD11F
:109E5000022384F820300A4B4021187B24F030F98B
:109E600006E0B37A84F81780DB064FF00105EBD5E6
:109E70002846BDE8F08700BFC0160120A38B2EBA8C
:109E800038310120800B0120C0300120014B00221D
:109E90005A707047B00B0120836A986E18B1A1F117
:109EA0000C035842584170470C4B5B6870B515461F
:109EB0007BB122290DD10A4C012684F8286012F0CA
:109EC000A9FA23789A0605D52B789B0602D584F843
:109ED0002A6070BD002384F82A30FAE7140C0120B0
:109EE000801F012010B5846A94F89030032B0A4635
:109EF00094F8911003D0052B09D0002010BD94F8E0
:109F00009430002BF9D0BDE81040FFF7C5BFFFF734
:109F1000CBFFE36F024A03F5B073C2F81831ECE7E8
:109F2000801F012010B5846A94F8903094F8911045
:109F3000032B28D194F894302BB3FFF7ADFF10B367
:109F4000114B93F87830F3B1202020F065F80246E9
:109F5000C8B1D4E92201C2E9060194F89330137420
:109F6000D4E92001C2E9020194F892300748137045
:109F7000002120F060F8064BBDE81040187B4FF43C
:109F8000807124F09DB810BDD0310120C420012083
:109F90003831012008B510F0ADFFC0F3001300F018
:109FA0000F00184408BD00002DE9F04FDFF8C8B1DC
:109FB000D0F828A0BBF8282085B0054682B104203F
:109FC00020F02AF80146002800F08A8040F204437D
:109FD0004B80614B187B05B0BDE8F04F20F031B8E5
:109FE0005E4F5F4CF97B94F86A3000297BD0012BDF
:109FF00079D1D7E90689FA735A4E4B464246304624
:10A0000020F0A2F93368C6F81C31B388A6F82031D5
:10A01000CAE91489237C042B01D0012B12D1DAF870
:10A020004C3003F04403442B0CD102AB0093A07CD2
:10A03000D4E90623FBF7A6F820B1DDE902234A485C
:10A0400020F082F9237C042B14D0012B12D094F839
:10A0500048307BB194F8472044494348002384F8B2
:10A06000483002F108038AF87830931D8BF80130EC
:10A0700034F0D4FA94F869307BB194F868203C4904
:10A080003C48002384F8693002F108038AF87930EB
:10A09000931D8BF81D3134F0C1FA0021284611F0D0
:10A0A000EDF9237C012B36D002D9023B022B17D8C5
:10A0B00040F271267B69DB0305D5FFF76BFFAB68C8
:10A0C00006FB0030A860D4E90212914219D1AB68B6
:10A0D0000B44AB600021284612F0F6FB0028E9D0C3
:10A0E00005B0BDE8F08F9A0794D502AB0093A07C31
:10A0F000D4E90623FBF755F800288BD0DDE9028967
:10A100007AE7284612F08CFC0028E9D1AB68E268B7
:10A110001344AB60CEE7D5F8088027682368002B8E
:10A120003FF44DAFD4E90212284612F0F9FC06467E
:10A1300018B9AB68E2681344AB60A868414612F0F6
:10A14000BBF9E2680244BA42034634BF3B1A00231B
:10A150002360002EE2D0C3E738310120F83001201F
:10A16000D0310120821F0120881F0120F8310120F9
:10A1700019320120A4200120801F012070B5046A3B
:10A18000D4F88432D3B194F8DD38BBB1D4F8F007F9
:10A1900012F092F9D4F8243794F8361793F878200F
:10A1A0000546187B11F0E3F8D4F8843294F8DC28E3
:10A1B00029462046BDE8704008F01EBD70BD000075
:10A1C00073B5046A0129D4F8D8680D4600D11EB3CE
:10A1D000224B1B689B8A1E4494F8DC3884F819389B
:10A1E00004F2F92104F57072CDB92046A4F8CA53DF
:10A1F000CDE9001204F0AEFA2B46DDE9001220464C
:10A2000008F0F6FFD4F8C433C4F88438B4F8CA337D
:10A21000A4F87808A4F88038304602B070BDB4F8CD
:10A22000CA53B4F8C033AB4206D92046CDE9001278
:10A2300004F090FADDE900120023204609F078F8D6
:10A24000D4F8C433A4F89C082B44C4F8A838B4F854
:10A25000CA335B1BA4F8A438DEE700BFC03001207E
:10A26000F7B5046A94F81D3284F859310B46D4F8D6
:10A270001852064604F5BC6204F27D31002B4BD126
:10A28000A4F8EA352046CDE9002104F08FFA94F8CD
:10A29000B830012BDDE9002122D1D4F8BC30B06800
:10A2A0001B1AB3F5167F0ED2B4F8C40094F8C77029
:10A2B00040F2E24606FB0033D4E93E06C01946F1FF
:10A2C0000006C4E93E06234883421AD8002084F8D9
:10A2D000C200A0F1EE30A3FB00035B08A4F8C0307D
:10A2E0000123204609F011F9D4F8E435C4F8C4314B
:10A2F000B4F8EA35A4F8B801A4F8C031284603B090
:10A30000F0BD012084F8C2001348A3FB00600326BF
:10A3100006FB03039B0AE1E7B4F8EA65B4F8E0350D
:10A32000B34206D92046CDE9002104F03FFADDE929
:10A3300000210123204608F0FBFFD4F8E435A4F8FF
:10A34000DC013344C4F8E831B4F8EA359B1BA4F8C7
:10A35000E431D3E7C37F07009E36D06973B5046A42
:10A360000129D4F8D8680D4600D1FEB1204B1B68F6
:10A370009B8A1E4494F8DC3884F8193804F23B3187
:10A38000BDB92046A4F8DA54019104F0E3F901992B
:10A390002A46204608F096FFD4F8D434C4F89838FA
:10A3A000B4F8DA34A4F88C08A4F89438304602B033
:10A3B00070BDB4F8DA54B4F8D034AB4204D92046B6
:10A3C000019104F0C7F90199002304F59A6220462F
:10A3D00008F0AEFFD4F8D434A4F89C082B44C4F899
:10A3E000A838B4F8DA345B1BA4F8A438DEE700BF61
:10A3F000C03001202DE9F0431C4CD0F8289087B0E4
:10A40000054620460F4608F045FA94F80080B8F15A
:10A41000030F29D123790C2B26D1154EB91C3046B8
:10A4200008F052FAD6E90001CDE90001D6E90201AF
:10A4300023788DF81030CDE90201A378A96A8DF850
:10A440001230E3788DF81330002209F1A803483167
:10A45000684605928DF81180FAF7FCFB003818BFAA
:10A46000012007B0BDE8F0830020FAE7B80B012017
:10A47000C00B012030B4046A94F84330A3B1806A61
:10A4800090F8BB1090F8BA508D42D0E92C2305D13A
:10A49000D0E92A50984208BF954201D041F002010C
:10A4A000607830BC10F0CABE30BC704730B4046A6B
:10A4B00094F84330A3B1806A90F8931090F89250CA
:10A4C0008D42D0E9222305D1D0E92050984208BF1F
:10A4D000954201D041F00201607830BC10F0AEBE70
:10A4E00030BC7047F0B5464D046A97B00746284621
:10A4F0000E4608F0CFF931180AA808F0F4F92B78C5
:10A50000052B02D0002017B0F0BD3E4B5B68002B3E
:10A51000F8D02B79222BF5D10AA808F03CFA0028B4
:10A52000F0D0DDE90A01CDE90401DDE90C012B7869
:10A530008DF820300323CDE906018DF82130B96A6A
:10A54000AB788DF82230EB788DF82330002204F5BB
:10A550000C63483104A80992FAF77CFB0028D2D09A
:10A5600004F50867D7E9102304F245301FF0ECFE2C
:10A5700094F8D23884F8E33806F10800ED781FF03B
:10A58000DDFE94F839309B07CDE9020132D50B0A84
:10A5900003F0C003402B0AD11B4BC3E91C0102ABE3
:10A5A00094F8D3080093D7E91223FAF709FEDDE9FE
:10A5B000022304F23F301FF0C7FE84F8E25804F58E
:10A5C0000E6104F23B3008F0D9F8012540F2011386
:10A5D00094F8B91894F8250884F8F056A4F8F836D9
:10A5E0002422D4F8BC6810F0C2FE3044C4F8F4064B
:10A5F000284688E7044B00200021C3E91C01D6E768
:10A60000B80B0120140C0120D031012038B5836A29
:10A61000056A93F89020032A03D0052A0BD0002066
:10A6200038BD93F89420002AF9D093F89110BDE832
:10A630003840FFF731BC0B4C204608F02BF923784B
:10A64000052BECD1084B5B68002BE8D02379222B3B
:10A65000E5D1012385F8F836002385F8F03611F0AE
:10A66000D9FEDCE7B80B0120140C012010B4846A79
:10A67000026A94F89030032B04D0052B0AD05DF8C1
:10A68000044B704794F89430002BF8D05DF8044BDD
:10A69000FFF70CBF92F8903213F0200304D0064B62
:10A6A0005B78003B18BF012382F8F936E36F03F5AE
:10A6B000B073C2F8F436E2E7B80B01202DE9F84395
:10A6C0000446002500F15006682700F50C7807FBCA
:10A6D00005F316F80390B9F1010F21D115BBB4F8B9
:10A6E0006020B4F828319A4218D1D4E916234046A4
:10A6F000C4E98C2310F0FEFC4946204609F07AFBA1
:10A70000D4E98C03D4E99A12934208BF8842C4E981
:10A71000200303D02946204609F06CFB0125D6E72B
:10A72000002DFBD0BDE8F8832DE9F043046A866A6A
:10A73000D4F8F83694F8DD2813F0FF1F85B00546ED
:10A740000ED102BB94F88012E9B194F88132013342
:10A75000DBB2994284F8813215D8432384F88232DF
:10A76000012384F8FA36002A7BD094F8FB365A1C71
:10A7700084F8FB26002B74D104F5FD6005B0BDE81C
:10A78000F04312F049BAF37B13B9A24B93F8793036
:10A79000B373228C12F010026AD104F524712046A2
:10A7A00008F08AFC86F8780094F8CE330BB394F85E
:10A7B000DD38F3B984F8CE3394F8CF23D4F8C4034A
:10A7C00004F2D23133F02AFF94F8CF33A4F8C03327
:10A7D000B4F8D033A4F8403094F8CD3484F8CC33B6
:10A7E000D4F884322BB1204604F0C0F8012384F859
:10A7F000DD3894F82A61012E0FD194F8213163B12C
:10A80000D4F884324BB194F8DD3833B984F82A3166
:10A81000204604F0ABF884F8DD68D4F8DC3823F087
:10A820007F4323F0FF03B3F5803F06D1B4F8D03364
:10A83000A4F84030002384F8DE380021284610F0C8
:10A840001DFE238C03F01D031D2B40F0B480D5F8B2
:10A850000880E76AE36A002B40F090803C2384F88C
:10A8600082320421204605B0BDE8F04304F094BDD7
:10A87000684FE27897F86A30002A6CD0012B6AD1D1
:10A88000D4E90289C4E904890023E37004F2922721
:10A890004B46424638461FF057FDD4F89232C4F872
:10A8A000D432B4F89632A4F8D832C6E91489238C8D
:10A8B000590717D5F36C03F04403442B12D102ABB4
:10A8C00094F83A000093D4E90C23FAF75BFC48B102
:10A8D000DDE9022304F526701FF036FDDDE90223D1
:10A8E000C4E9062394F8CE33DBB10023316E84F83B
:10A8F000CE330A78452302F00F02D340DA0710D591
:10A9000094F8CF33083386F8783094F8CF33063391
:10A910004B70306E94F8CF2304F57471083033F027
:10A920007DFE94F8DE34002B87D0002384F8DE34DB
:10A9300094F8DF34B26E083386F8793094F8DF3457
:10A9400006335370B06E94F8DF2404F59C61083030
:10A9500033F064FE71E79807A9D502AB94F83A008A
:10A960000093D4E90C23FAF71CFC00289FD0DDE902
:10A970000289C4E90489C7E91C8987E7D4E9091277
:10A98000284612F0CDF8064618B9AB68A26A1344FF
:10A99000AB60A868414611F08FFDA26A0244BA423A
:10A9A000034634BF3B1A0023E362002E3FF452AF4C
:10A9B00005B0BDE8F083184BEE685B69DB0307D593
:10A9C000FFF7E8FAAB6840F2712202FB0030A860A2
:10A9D00094F8DD3813B1D4F8F4371E4494F8DF3816
:10A9E000676A6BB1002684F8DF6811F03FFD40080C
:10A9F000421C3146284605B0BDE8F04312F010B8BD
:10AA000011F034FD71004008B94200F1010238BF75
:10AA10003946EFE7D0310120F8300120036A0122E6
:10AA200083F8DF28FFF780BEF8B5046A866AD4F899
:10AA3000F83613F0FF1F05460DD194F8802212B3AB
:10AA400094F881320133DBB29A4284F881321AD809
:10AA5000432384F88232012384F8FA36002384F8F1
:10AA6000DD3894F8FB365A1C84F8FB262BB904F227
:10AA7000FC60BDE8F84012F0CFB820460421BDE8E4
:10AA8000F84004F089BCF37B13B9384B93F8793064
:10AA9000B37394F8CE3323B3002794F8CF23D4F8BC
:10AAA000C40384F8CE7304F2D23133F0B7FD94F8C6
:10AAB000CF33A4F8C033B4F8D033A4F8403094F8BE
:10AAC000CD3484F8CC333A4604F52471204608F09E
:10AAD000F3FAD4F8843284F8A00713B984F8DD3887
:10AAE000F8BD94F8DE34B3B1002384F8DE3494F872
:10AAF000DF24D4F8D40404F2E24133F08FFD94F85B
:10AB0000DF34A4F8D034B4F8E034A4F8403094F83A
:10AB1000DD3584F8DC3494F8DE3894F83A00012B03
:10AB200001BFB4F8D033A4F84030002384F8DE38F5
:10AB3000D4E90C23FAF7C8FC90B10023A4F8CA3377
:10AB400004F5707204F2F921204608F051FBD4F8A4
:10AB5000C433F366B4F8C033A6F86000A6F86830D2
:10AB600029462046BDE8F84003F086BED0310120DA
:10AB700070B5046A826A94F81E3205462BB12046ED
:10AB80000321BDE8704004F05FBED37B13B9194BBD
:10AB900093F87930937394F8EE3573B1002384F809
:10ABA000EE3594F8EF25D4F8E40504F2F25133F0D1
:10ABB00035FD94F8EF35A4F8E03504F50C76AB6874
:10ABC000D4F820221344AB60B4F828310133A4F840
:10ABD00028312046FFF772FDB4F82811304603F003
:10ABE00011FE002184F81D02284611F06DFE002898
:10ABF000E5D070BDD0310120FFF7BABF70B590F835
:10AC000061110446B9B92A4B1B680BB9002070BD0D
:10AC10001B69002BFAD0274A1068274A201A001116
:10AC2000504380B298470028F0D1B4F82802BDE81C
:10AC3000704005F021BF90F85D2190F863315340DA
:10AC400013F00103E2D190F86551B0F82802061D17
:10AC5000B54203DD013284F85D21D7E735B3013910
:10AC60000229F7D8154D6B78002BCFD005F004FFE3
:10AC70000028CBD06B78013B6B7094F85D310133C9
:10AC800084F85D310E4B1B68002BC0D094F8643003
:10AC9000002BBCD094F86730002BB8D1D4E97632C1
:10ACA000013342F10002C4E97632B0E72846E4E716
:10ACB000A4210120A0210120CF467D677831012009
:10ACC00094210120002310B580F86031044605F07E
:10ACD00055FE78B1084B1B6863B194F864304BB1F2
:10ACE00094F8673033B9D4E97432013342F1000289
:10ACF000C4E9743210BD00BF9421012010B590F852
:10AD00005E1190F862214A4012F0010407D090F8D9
:10AD10006021013180F85E111AB1FFF7D3FF2046A0
:10AD200010BD80F88221FAE705F050BE70B50446E8
:10AD30008AB00E4639B990F8643123B990F85F3182
:10AD400052EA03004BD0FF2384F85C310DF1070277
:10AD500004A9204605F0BEFD94F882310546002B7B
:10AD600063D1002861D09DF80730002B39D163688A
:10AD700013F0020303D0A3785A1E53425341DBB2AF
:10AD8000059984F85F318DF807304B7884F860318D
:10AD90000B7803F0030384F85C3123BB424B1B6840
:10ADA0000BB39B68FBB1414A1068414A201A00115D
:10ADB000504380B298473F4B196849B194F86430CA
:10ADC00033B194F8673004F14C0033B3012B28D031
:10ADD00004A82946F9F790F9059B587802300AB083
:10ADE00070BD0123CBE70B7803F0E3030B7094F8FD
:10ADF0005D21920002F0040213430B7094F85E216F
:10AE0000D20002F0080213430B7094F85F21120184
:10AE100002F0100213430B70CDE7D4E97423884786
:10AE2000D6E7B4F816210023F9E72EB3003D18BF8A
:10AE30000125002384F85F51012584F8603104F571
:10AE4000AE711D4884F85C5108F089FB1B4A92E8FA
:10AE5000030002AB83E8030018462946F9F74CF9D2
:10AE600094F88231BDF8080084F88251B3FA83F374
:10AE70005B0984F88331B2E794F86131002BD5D1B6
:10AE8000094B1B68002BD1D0DB68002BCED0074AC2
:10AE90001068074A201A0011504380B298470028D2
:10AEA000C4D130469BE700BFA4210120A02101208E
:10AEB000CF467D6794210120D00B0120D41D0700CF
:10AEC000F8B504460D461F46164692B11A4B19684E
:10AED0001A4B411A091159438AB2B0F81611284683
:10AEE00005F0D6FD35462FB92846BDE8F84005F0F7
:10AEF000CBBDEBB1124B196849B194F8653033B151
:10AF000094F8673004F14C0053B1012B0CD0B4F825
:10AF100028120631284689B2BDE8F840F9F722B96F
:10AF2000D4E976238847F2E7B4F816210023F9E73D
:10AF30000029D9D1F8BD00BFA0210120CF467D67EF
:10AF4000902101202DE9F341436801915B070646FA
:10AF5000144626D426F048FA804611F08DFAB6F849
:10AF60001851019940F2E2435D43336907465BB1F2
:10AF7000986811F0A1FAA842019905D83369986838
:10AF800011F09AFA01990546404611F095FA963467
:10AF90003C440444AC4294BF0020012002B0BDE810
:10AFA000F0810020FAE74378032B11D190F8583252
:10AFB0002BB190F85902003818BF0120704790F863
:10AFC00050323BB1D0F87001B0FA80F040097047C0
:10AFD000002070470120704770B5046A2046FFF7D3
:10AFE000E2FF18B1BDE8704011F014BA214B1B68A4
:10AFF0004BB19B693BB1204A1068204A201A0011CE
:10B00000504380B2984700211D4BA4F864110122DF
:10B0100084F86121204619705970FFF787FE11F0FE
:10B0200003FA064620BBB4F8280205F025FD0546C4
:10B030000028D7D0134B196849B194F8653033B163
:10B0400094F8673004F14C0053B1012B0CD0B4F8E4
:10B0500028120631284689B2BDE87040F9F782B857
:10B06000D4E976238847F2E7B4F816213346F9E7A6
:10B0700070BD00BFA4210120A0210120CF467D6723
:10B08000D40B012090210120036A93F882212AB178
:10B0900093F8832112B1002283F8822170470000C7
:10B0A0002DE9F04F046AA14A94F89811866A537802
:10B0B00085B0054600293ED1127813430DD0237A7E
:10B0C000B4F886113E2B04BF0823237204F5C47024
:10B0D0001FF0BCF8012384F8983196F8703084F89A
:10B0E0001A3194F8D232012B0AD194F81B313BB9B2
:10B0F00094F8D1228E4B53F822300BB1204698475A
:10B10000D4F8E0323BB18B4A10688B4A201A001108
:10B11000504380B298472046FFF745FF804698B1DC
:10B1200020464B2104F0A2FF04F5C47005B0BDE831
:10B13000F04F1FF08EB8002BCFD0B4F8861104F575
:10B14000C4701FF083F8C8E794F8F83053B30C20AC
:10B1500005F0AEFB074628B3B4F81621B4F8143155
:10B1600084F8F88013440733A4F88232714B724A92
:10B170001B68E31A1B115343D9B2AA68404610F06A
:10B1800065FE6E4BA0FB0332DB0F43EA420304F57E
:10B190001E71A4F87A32384608F0FBF93946204689
:10B1A00005F064FB94F8433263B1002384F8433222
:10B1B00094F84432002B40F09980614B1B680BB12E
:10B1C00020469847AB680293F37B0BB996F8713031
:10B1D000B373337B032B0AD1F3685A4903F0FF138F
:10B1E0008B420CBF2246621E92F85B31B370DFF8CF
:10B1F00068B1DFF844910027B4F81631B4F818812B
:10B2000002980137BFB2013308FB07F140F2E24276
:10B210009BB202FB0101A4F81631A96094F85EA26A
:10B22000BAF1090F64D1B4F8821299424CD1B4F842
:10B230007C12A4F81811B4F87E12B4F81431A4F8F2
:10B240001411B4F88012B4F886A1039301EB8101C4
:10B250004900A4F8861137490868201A001109FB33
:10B2600000F0C0B210F0E2FDB4F87A02616940F279
:10B27000E24202FB00116161B4F818114A4318F070
:10B28000030118BF0121E26108EB98020A44B4F8F7
:10B29000861104F5C47011441EF0D8FFB4F81821CB
:10B2A000039B424507D1B4F814219A4203D1B4F864
:10B2B0008631534505D0D4F8603243F40073C4F8A6
:10B2C0006032012384F8573294F84D211E4B00213F
:10B2D00053F82230204698471C497070284611F0D8
:10B2E000F3FA002888D005B0BDE8F08F184B65E769
:10B2F000BAF1010F32D1B4F8A8229A42E4D1D4E9CC
:10B30000A8232046C4E9482304F090FD114B84F89B
:10B3100057A21B68002BD7D0064A1068201A0011CC
:10B3200009FB00F080B29847CEE700BFD40B0120A4
:10B330006C210120A0210120CF467D67E3361A0051
:10B34000842101200300010018210120AB02040028
:10B3500080210120D0300120C0300120BAF10D0F32
:10B36000B2D1B4F8B4229A42AED194F84430022B50
:10B3700003D0032B14BF0123042394F84580B8F1B4
:10B38000020F06D0B8F1030F14BF4FF001084FF0C1
:10B39000040894F8B212A9B3994233D002294FF0AD
:10B3A00001035DD0042952D084F844301946CB1AE9
:10B3B00023440A4693F95801D4F8603284F83A00DD
:10B3C00043F400537E28C4F860321BD1DBF8003010
:10B3D000224493F9203084F83A3082F85731D4F877
:10B3E0001C22032908BF84F85B3152070AD51E4A84
:10B3F000D2F800A0BAF1000F04D00122009220463A
:10B400000022D04794F8B3327BB143450DD0022BD4
:10B4100003D0042B14BF0123032384F84530D4F850
:10B42000603243F40053C4F86032012384F8573289
:10B4300004F50C71204605F036F904F50A71A4F8FC
:10B440003A02204605F02FF9A4F838023CE794F8B8
:10B4500046300321013B84F8441018BF0123A6E7BE
:10B4600084F84410A3E700BF8C210120036A93F8FD
:10B4700082212AB193F8832112B1002283F882211C
:10B480005B780BB1FFF70CBE704719B9036A012254
:10B4900083F85922704700002DE9F047046A94F8B8
:10B4A000573284F81B2181460E46174633B10023DC
:10B4B00084F857323921204604F0D8FD022F04D1F8
:10B4C0003046BDE8F04705F0DFBA2046FFF76BFDD8
:10B4D000054600283BD1042F09D8DFE807F00338E0
:10B4E00008383100294B01225A7000221A70314667
:10B4F00004F2611008F07DF82046FFF77FFB8046DC
:10B500002046FFF7FBFBB4F83A22D9F80810824630
:10B510002046FFF717FDE8B110F07CFF2046FFF74B
:10B5200003FC94F86131032B04BF002384F85932E3
:10B5300042462B4631462046BDE8F047FFF7C0BCE7
:10B54000124A13780133DBB2012B137018D910F0B3
:10B5500061FFB5E7BAF1000F15D1636883F0080207
:10B56000C2F3C00282F0010239462046FFF7DEFB3B
:10B570000028D1D010F058FFB0FA80F56D09CDE762
:10B580004FF00008E9E70122ECE700BFD40B0120EF
:10B59000B0F816212DE9F8430132B0F8FA50B0F8AE
:10B5A0001891B0F81481B0F8867192B2531B04461A
:10B5B0009BB240F2E24009FB03F34343D4F800019D
:10B5C000A4F8FA201844C4F80001B4F88202A84292
:10B5D00018BFC4F80431B4F87C32A4F81831B4F8B8
:10B5E0007E32A4F81431B4F8803203EB83035B009D
:10B5F000A4F8863111BBB4F87A6294F87852B4F8A2
:10B60000F81040F2E2435D435E43701901F0EAF83E
:10B61000D4F80031C4F8FC503344C4F800316369F5
:10B620001E44A3692B440344A361D4F898301D44FD
:10B63000361A05EB40006661C4F8980019F0030261
:10B6400018BF0122B4F8861109EB99031344194479
:10B6500004F5C4701EF0FAFDB4F818314B4507D15B
:10B66000B4F81431434503D1B4F88631BB4205D058
:10B67000D4F8603243F40073C4F86032012384F8D4
:10B680005732002384F80831BDE8F8834378032B50
:10B6900011D190F858322BB190F85902003818BFE8
:10B6A0000120704790F850323BB1D0F87001B0FAE9
:10B6B00080F040097047002070470120704700006B
:10B6C00070B5046A2046FFF7E1FF18B1BDE870408D
:10B6D00010F0A0BE1C4B1B684BB19B693BB11B4AD1
:10B6E00010681B4A201A0011504380B29847002668
:10B6F000B4F82802A4F80A6184F80C61C4F8106157
:10B7000005F0BAF905460028E0D0124B196849B196
:10B7100094F8653033B194F8673004F14C0053B1BC
:10B72000012B0CD0B4F828120631284689B2BDE8A6
:10B730007040F8F717BDD4E976238847F2E7B4F8EC
:10B7400016213346F9E700BFA4210120A0210120E2
:10B75000CF467D6790210120704700002DE9F04F12
:10B76000046AD0F8288094F8093185B0064693B36E
:10B7700025F03AFE01460390B068B4F8185110F075
:10B780009BFE039920B340F2E243B0685D4310F0A2
:10B7900093FE854203991BD2B06810F08DFE2946B6
:10B7A0000FF0EDFBB4F816311B1AA4F8163194F81B
:10B7B0004D316BB994F81D1194F81C3100FB01F266
:10B7C000934210FB01F0C0B25DD31B1A84F81C3108
:10B7D000002384F8093198F8783084F81A3194F805
:10B7E000D232012B0AD194F81B313BB994F8D12203
:10B7F000AE4B53F822300BB12046984794F80B31EA
:10B800007BB1D4F81031C4F80031B4F816310133EB
:10B81000A4F8FA30002384F89931C4F8FC30C4F855
:10B82000043194F8982194F80C31002A3FD113B9CF
:10B8300094F80A316BB1237AB4F886113E2B04BF19
:10B840000823237204F5C4701EF000FD012384F860
:10B850009831D4F8E0323BB1954A1068954A201AE5
:10B860000011504380B298472046FFF70FFF38B3CE
:10B8700020464B2104F0FAFB04F5C47005B0BDE886
:10B88000F04F1EF0E6BCD21A252A82BF4DF6685151
:10B890004A43520D03F12503A3EB000388BF02EBDB
:10B8A000C201DBB284BF02EB81029B188EE7002B42
:10B8B000CFD0B4F8861104F5C4701EF0C7FCC8E7F9
:10B8C0007D4B1B684BB1DB693BB1794A1068794A03
:10B8D000201A0011504380B2984794F85C32012B33
:10B8E00008D194F85B222AB984F85B322C212046D7
:10B8F00004F0BCFB94F8433263B1002384F8433274
:10B9000094F84432002B40F0CF806C4B1B680BB195
:10B910002046984794F85E32092B0DD1204609F055
:10B920003FFC48B1B4F81621B4F882329A4203D1F0
:10B9300001212046FFF72CFEB4F81651B4F8FA3076
:10B940000135ED1A94F80931ADB25BBB6368190398
:10B9500028D5B4F814312BB394F8083113B394F804
:10B960000C31FBB104F5B8701EF0FEFBD0B163786A
:10B97000032B17D094F85E32FF2B40F0A980B4F867
:10B98000141179B1B4F8163194F84D210B44A4F890
:10B9900016314B4B0D44013953F8223089B2204601
:10B9A000ADB29847DFF82491B4F81631D4F8040109
:10B9B000B4F8F8100133A4F816310135B4F8183191
:10B9C000ADB26B4340F2E24B0BFB030000F00AFF09
:10B9D000B4F81871824610F04FFD6F430BFB07F768
:10B9E00095284FEA570B40F2A68010F045FDABEBCF
:10B9F000000BD3457FF63CAFD4F80021D4F8FC10FF
:10BA00001744B4F83A220A44A7EB0A07524401EB60
:10BA10004A01B760F260C8F8601094F85E72092FAE
:10BA200040F01381B4F81621B4F88232511C9942C7
:10BA300002D1022184F899119A4203D100212046B3
:10BA4000FFF7A6FD94F84D211D4B002153F822303D
:10BA50002046984788F8010094F89931022B1AD0B3
:10BA6000B4F81621B4F8FA300132D21AB4F886319B
:10BA70004FF47A714B43B4F81811D2B240F2E2405D
:10BA80004143B3FBF1F3511CDBB2994240F0D88043
:10BA9000012384F899310B49304610F015FF002836
:10BAA00082D005B0BDE8F08F074B2FE76C21012055
:10BAB000A0210120CF467D67A421012084210120FF
:10BAC00018210120AB02040080210120C030012098
:10BAD000092B15D1204609F063FB88B1B4F8822206
:10BAE000B4F81631D21AB4F8141193B2481C834238
:10BAF0003FF747AF012A7FF755AF023B99B240E7C6
:10BB000094F85E32B4F81611012B07D194F855322F
:10BB1000012B03D1B4F8A822521AE4E7D4F85C321E
:10BB20005A4A23F07F4323F0FF0393427FF43AAF56
:10BB3000B4F8B422F0E7962059E70D2F82D1B4F87B
:10BB40001621B4F8B4329A427FF47CAF94F84430B2
:10BB5000022B03D0032B14BF0123042394F8457058
:10BB6000022F03D0032F14BF0127042794F8B31228
:10BB7000A9B3994233D002294FF001035DD00429C3
:10BB800052D084F844301946CB1A23440A4693F91C
:10BB90005801D4F8603284F83A0043F400537E2808
:10BBA000C4F860321BD1D9F80030224493F9203018
:10BBB00084F83A3082F85731D4F81C22032908BFA0
:10BBC00084F85B3152070AD5314AD2F800B0BBF194
:10BBD000000F04D00122009220460022D84794F89A
:10BBE000B2327BB1BB420DD0022B03D0042B14BF69
:10BBF0000123032384F84530D4F8603243F4005322
:10BC0000C4F86032012384F8573204F50C712046E1
:10BC100004F049FD04F50A71A4F83A02204604F044
:10BC200042FDA4F838020DE794F846300321013BA9
:10BC300084F8441018BF0123A6E784F84410A3E752
:10BC40009A42FFF428AF022323E7012F7FF475AF58
:10BC5000B4F81621B4F8A8329A427FF4F3AED4E9CE
:10BC6000A8232046C4E9482304F0E0F8094B84F8EF
:10BC700057721B68002B3FF4E5AE074A1068074A6D
:10BC8000201A0011504380B29847DBE600010D00F6
:10BC90008C210120D0300120A0210120CF467D67DA
:10BCA000036A0022A3F80A2183F80C21C3F81021AB
:10BCB000FFF754BD19B9036A012283F8592270476E
:10BCC0002DE9F047046A94F8573284F81B210F4697
:10BCD000164633B1002384F857323921204604F048
:10BCE000C5F9022E04D13846BDE8F04704F0CCBEB9
:10BCF0002046FFF7CBFC054618B906F0FD03012BE3
:10BD000002D110F087FBEEE794F80B3163B926B14E
:10BD1000636898022FD4042E0CD1D4F8AC30C4F848
:10BD20001031012384F80B312EBB012384F80C3130
:10BD300084F80A61394604F2611007F05AFC94F85D
:10BD40005B324BB994F86131032B05D063689905D8
:10BD500044BF012384F85C322046FEF74FFF804643
:10BD60002046FEF7CBFF94F8083183B978B1012360
:10BD700084F808310BE0042EDCD194F80A31013349
:10BD8000DBB2012B84F80A31BBD84FF00008012246
:10BD900031462046FEF7CAFF814698B910F03AFBBB
:10BDA0002046FEF7C1FF94F86131032B04BF002346
:10BDB00084F8593242462B4639462046BDE8F047C2
:10BDC000FFF77EB894F85B3263B994F85C22012ADD
:10BDD00008D16268920505D594F85C21032A08BF52
:10BDE00084F85C3210F020FB0028D9D1042E05D055
:10BDF00094F8643113B994F85F3183B1494694F8EB
:10BE00004400D4F8AC500FF09FFAB4F83A22294617
:10BE100002442046FFF796F8B0FA80F35B09DDB2E2
:10BE2000BEE700002DE9F84F174E96F8983005460A
:10BE30001BB3164AB6F880301468DFF854B04FF4DC
:10BE40003C7202FB034404F10C0AD4F8148000276E
:10BE500040F2E2495946504610F036FD013760B9CC
:10BE6000B4F81631B4F818210133A4F81631BBB276
:10BE7000534309FB03836361ECE72E622846BDE868
:10BE8000F84FFCF75DBB00BFB8210120A0210120C5
:10BE9000AB0204002DE9F04F846A94F8A40087B047
:10BEA0000F46002874D0606E002871D04C4DD4F835
:10BEB0008830DFF83C8103930830D4E92423D8F894
:10BEC00000A0B5F880B094F8A1901EF03DFA94F867
:10BED000A23085F88B3195F841309A0776D594F8E1
:10BEE000A030012B57D1384610F8086B1EF026FA07
:10BEF0000B0A03F0C003402BCDE904014FEAD6162C
:10BF00005FD104ABC5E91E0194F8A3000093D4E906
:10BF10002623F9F755F9606EDDE9042302301EF09F
:10BF200013FA85F88A612F49606E06F027FC4FF4FA
:10BF30003C76039BD8F8001006FB0BA603EBC9095F
:10BF4000711A294B09115943B6F8183109F5E569F9
:10BF500040F2E2404A46C9B258430FF077FF234B04
:10BF6000A0FB0332DB0F43EA4203626E9375626EFD
:10BF70004844C3F30721D175A5F87030706195F876
:10BF80008901012827D13B789B0624D585F88500B7
:10BF900007B0BDE8F08FD4E91423CDE9042304AB46
:10BFA000E66C94F8A3000093D4E92623F9F7F9F896
:10BFB00028B1DDE904230126C5E91E23ABE7C6F35A
:10BFC000400600220023C5E91E23A4E70022002327
:10BFD000C5E91E23A7E7002385F885300120D7E7B0
:10BFE000B821012040230120CF467D67E3361A00A7
:10BFF000A021012008B5044B012283F8982010F0FD
:10C0000009FA002008BD00BFB82101202DE9F04148
:10C010000446D0F8345200F5037710F02DFA636E21
:10C02000628BC4F81432238B00F2CC409342C4F8E4
:10C03000180213D0D5F88C1040F271235A430844EB
:10C0400090420BD2384610F0EBFC38B1616ED4F858
:10C05000140210F031FAC5F88C0012E0002395F8B4
:10C0600081106878C5F88C3000F07AFD6870268BF6
:10C07000628B964207D1384610F0D8FBD4F81432C0
:10C080006366BDE8F08140F271235E4303FB026802
:10C09000D4F814323344636642463146384610F0D1
:10C0A000BFFC0028D2D1636EC4F81432F0E7006AF6
:10C0B000036890F8082223F07F4323F0FF036BB15D
:10C0C00090F809320133DBB280F8093212B1012B4A
:10C0D00001D870472BB1032105F060BE0AB9FFF704
:10C0E00095BF7047006A036823F07F4323F0FF0386
:10C0F00013B1032105F052BE80F80832FFF786BF66
:10C100002DE9F047036A5A78064622B393F808529D
:10C110000DBB134AB3F860301468DFF848A04FF441
:10C120003C7202FB034404F10C09676940F2E248E7
:10C130005146484610F0C8FB013560B9B4F81631D5
:10C14000B4F818210133A4F81631ABB2534308FBFD
:10C1500003736361ECE73046BDE8F047FFF7A7BF24
:10C16000A0210120AB0204002DE9F047036A5A78B0
:10C17000054612B3134AB3F860301468DFF848A0DC
:10C180004FF43C7202FB034404F10C09676900267A
:10C1900040F2E2485146484610F096FB013660B93D
:10C1A000B4F81631B4F818210133A4F81631B3B23B
:10C1B000534308FB03736361ECE72846BDE8F0478F
:10C1C000FFF790BFA0210120AB02040008B5036A6D
:10C1D00001225A7010F01EF9002008BD2DE9F04F21
:10C1E000846ADFF8749194F8A120056AD9F80030C8
:10C1F000607BB5F860B0D4F8886087B088460232BA
:10C2000094F8831003930FF0B2F8824694F8A400D8
:10C21000002877D0606E002874D0D4E92423083039
:10C220001EF092F894F8A23085F8DB3195F86B3067
:10C230009B0740F1858094F8A030012B65D14046E2
:10C2400010F8087B1EF07AF8CDE90401C5E9160163
:10C25000090A01F0C00140294FEAD71707D104AB02
:10C2600094F8A3000093D4E92623F8F7A9FF606EA1
:10C27000DDE9042302301EF067F885F8DA71039BCC
:10C280004FF43C7707FB0B37304B1B6AC3F380330B
:10C2900085F8D93105F5EC71606E06F06FFAD9F8C2
:10C2A00000102B4B791A0911594306F5DB66B5F8D6
:10C2B0006230564440F2E2403246C9B258430FF071
:10C2C000C5FD244BA0FB0332DB0F43EA4203626E41
:10C2D0009375626EC3F307210644D175A5F85030FB
:10C2E0007E6195F8D931012B0ABF98F80030002300
:10C2F000C3F3401385F86930237B85F86C30012047
:10C3000085F8680007B0BDE8F08FD4E91423CDE9C3
:10C31000042304ABE76C94F8A3000093D4E926232C
:10C32000F8F73FFF28B1DDE904230127C5E916230B
:10C330009DE700220023C5E91623C7F3400796E7CF
:10C3400000220023C5E9162399E700BFF830012039
:10C35000CF467D67E3361A00A021012037B5044699
:10C3600068460D4606F096FA9DF80030072B05D07A
:10C3700029462046FFF732FF03B030BD0020FBE71F
:10C38000F0B587B0846A056A064602A80F4606F033
:10C3900081FA9DF80830072B36D1002385F8AA31A1
:10C3A000BA1C0DF1070105F5D47006F065F89DF88B
:10C3B0000730DB0628D5D5F8CC1104A806F0B2F872
:10C3C0009DF81630012B1AD0022B1FD00023F360EA
:10C3D00094F8A12094F88310607BD4F8886002322E
:10C3E0000EF0C5FFD4F88820331804A9284601F0C0
:10C3F0006BF895F808323BB110F00CF804E0064BEE
:10C400001B6A13F4807FE1D107B0F0BD024B1B6AB9
:10C4100013F4006FF7E700BFF83001202DE9F04773
:10C420008EB0046A856A064604A80F4606F032FA02
:10C430000DF10F013A1804F5D47006F01DF894F8C8
:10C44000A931D90704D4002738460EB0BDE8F087DB
:10C450009DF80F7017F00107F5D09DF810308DF89A
:10C46000303094F8AA318DF83130D4E96C23CDE91D
:10C470000823D4E96E23B16ACDE90A23BDF812304E
:10C48000ADF83230002205F18803483108A8F8F7EA
:10C49000E1FB0028D7D095F89C30002BD3D02B6E31
:10C4A000002BD0D0DFF848A1B4F86020DAF80030D3
:10C4B000687BD5F884904FF43C7101FB02389DF8FD
:10C4C000142095F87E1002320EF051FFE97B0646EB
:10C4D00009F19609287B09B995F87E1024220EF0FF
:10C4E00046FF4E440644286ED5E9222308301DF04D
:10C4F0002BFF95F89A3084F8DB3194F86B309A076B
:10C500006DD59DF80F309B074DD5D4E96E131A0AEF
:10C5100002F0C002402ACDE906139DF8139009D11C
:10C52000C4E9161306AB95F89B000093D5E92423C4
:10C53000F8F746FE286EDDE9062302301DF004FF01
:10C5400084F8DA9104F5EC7104F1780006F016F93C
:10C550006B7BDAF80010B8F81801032B08BF032230
:10C5600040F2E24318BF022203FB0266A8EB01017E
:10C570001D4A0911514358433246C9B20FF066FCB7
:10C580001A4BA0FB0332DB0F43EA42030644A4F834
:10C590008E30C8F814602B7B84F86C304FF48073B5
:10C5A000A4F8683050E7D5E91423CDE9062306AB9B
:10C5B000D5F84C9095F89B000093D5E92423F8F723
:10C5C000F0FD28B1DDE90623B946C4E91623B1E739
:10C5D00000220023C4E91623C9F34009AAE7002278
:10C5E0000023C4E91623ADE7CF467D67E3361A0082
:10C5F000A0210120F0B505468BB00E4659B3046A60
:10C60000876A02A806F046F90DF10701321804F511
:10C61000D47005F031FF9DF808308DF8203094F883
:10C62000AA318DF82130D4E96C23CDE90423D4E973
:10C630006E23A96ACDE90623BDF80A30ADF8223091
:10C64000012207F18803483104A8F8F703FB01230E
:10C6500063700FF0DFFE00200BB0F0BD00000000A3
:10C660002F4B18692DE97043D3E902465D682D4BC5
:10C6700068B94FF000084FF00009C3E90E8924B1F2
:10C680009A6BF5B942F030029A63BDE87083002CD2
:10C690003CD00FF28409D9E90089C3E90E89002D45
:10C6A000EDD0D3E90E2142F0005242F08C029A63A1
:10C6B0001D4A1268927E012A84BF41F4E071D96359
:10C6C000DDE742F0706141F0700199631649096835
:10C6D0008C7E012C82BF42F0F85242F070029A63C5
:10C6E0001EB19A6B42F440029A630028CDD0D3E980
:10C6F0000E21012C42F47F1242F44062C4D941F46D
:10C700000F7141F00301C3E90E21BEE74FF00308AA
:10C710004FF00009C1E700BF033300C00000000074
:10C72000140C012038310120C030012073B583780A
:10C730001B4A1C4E1060FF2B044622D056F82330B3
:10C7400003B19847184D2B78CBB1184B5B7AB3B92E
:10C75000F8F712FFF8F776FC0EF050FC144E0124A7
:10C7600056F8243003B198470134122CF8D1002335
:10C770002B7001A84FF4803301930EF003FC02B03C
:10C7800070BDC37813B9084B01221A70012556F801
:10C7900025300BB1204698470135122DF7D1D1E74E
:10C7A000A80C0120140C01205C0C0120F8300120A1
:10C7B000600C0120024B53F8203003B1184770473A
:10C7C000E80B012007B500238DF803008DF8040065
:10C7D0006846ADF800308DF802300EF0D3FB03B0A0
:10C7E0005DF804FB0C4A0346506910F4802012D017
:10C7F000A3FB013141F2C700A3FB003200FB012281
:10C8000046F6F9615B1842F10103044A126892F896
:10C810002100103018447047F8300120C03001204A
:10C8200008B50EF067FB074A20F07C43C00E125C8F
:10C83000054843EA026323F4010323F40173184318
:10C8400008BD00BFDC1D070031080402034A13784D
:10C85000591C1170024A42F823007047D60B012080
:10C86000D80B01202DE9F8430F4BDFF84080DFF8AB
:10C870004090C3E90C01002705460E463C4699F856
:10C880000030BB4202D82046BDE8F883D8F800301B
:10C89000284631462CB998470446013708F1040868
:10C8A000EDE79847F9E700BFF8300120D80B0120E9
:10C8B000D60B0120C07807F0CDB9000070B588B064
:10C8C00005460C4601466846164605F0E3FF9DF80E
:10C8D0000430063BDBB21F2B01D900203EE09DF85F
:10C8E000001005F108020629F7D801A050F821F040
:10C8F0000FC9030065C903000DC90300DBC80300AD
:10C900000FC90300DBC8030061C903000321A17242
:10C910006260237295F827306372134902AB0122DB
:10C920002846F8F7AFF80028D7D09DF81B109DF8DF
:10C930001A008842DDE9042305D1DDE9025098425E
:10C9400008BF954201D041F0020104F10C00E172F0
:10C950001DF0FAFC9DF81D303370012008B070BD49
:10C960000221D4E70023D2E7C00D012038B50446E8
:10C97000D0F828010025C4F8285108B11DF058FB53
:10C98000D4F83001C4F8305118B1BDE838401DF07A
:10C990004FBB38BDC20707D4830707D410F0040F7C
:10C9A0000CBF252027207047252070472620704780
:10C9B00030B55E4C5E4D85B02822002104F19C000C
:10C9C00031F054FE04F1C803C0220021184631F0B2
:10C9D0004DFE584BC4F8C400C4E92D33022384F83B
:10C9E000C830554BC4F8BC40197A40F203120846CF
:10C9F000A4F8B020FFF7CEFF95F82830DFF85CC12F
:10CA000084F8CA304D4B84F8C900C4E933C340F2FE
:10CA10000113A4F8D43094F8423084F84911D807AF
:10CA20004FF0570248BFA4F81221980744BF2023B3
:10CA3000C4F81431424BC4F83831424BC4F83C318D
:10CA4000414BC4F840312D20404BC4F84431A4F888
:10CA500010211DF0E1FA94F84030C4F82801012BB0
:10CA600004D12D201DF0D8FAC4F8300194F84120EB
:10CA7000D4F81431D20759BF354BD3E90C2343F016
:10CA80000203C4F8143158BFC4E94623D4F8143162
:10CA900048BFD5E9060143F00102C4F8142195F816
:10CAA000292048BFC4E946011AB143F05103C4F834
:10CAB000143194F84030012B4FF0000333D1CDE90D
:10CAC0000233032384F888310C2384F88C31D4F8A2
:10CAD00014312048C3F3400384F88A31D4E9462353
:10CAE0006946CDE9002305F077FE0E23C4F82C41FA
:10CAF00084F84831002584F889510FF0BDFCE38F9C
:10CB0000A4F8985040F2712200F2CC405343C4F88C
:10CB1000A8001148C4F8AC300FF088FED4F8A43057
:10CB2000A36305B030BDC4F82C31E3E7B00C01209D
:10CB3000F8300120418503009431012055555500FE
:10CB400029860300E5860300AD870300B98703004B
:10CB500038310120B20C01204C0D0120D6BE898E47
:10CB600059B10130C0B2282828BF2520A0F12503E3
:10CB700041FA03F3DB07F4D570472520704770B501
:10CB80008CB004460E4615460021242203A80193CA
:10CB900031F06CFD0522019B8DF80E200DF1160081
:10CBA0002A468DF80F408DF810408DF815601DF065
:10CBB000CBFB03A80EF0E6F90CB070BD38B5044607
:10CBC0000D464822002131F051FD84F8405038BD17
:10CBD00010B59DF8084004F0070443EA844301F0CF
:10CBE000030143EA0143C0E9002310BD10B5BDF8BD
:10CBF0001040C3F3080343EA04539DF80C4004F0CB
:10CC00000F0443EA04439DF8084004F01F0443EA7C
:10CC1000C42301F0030143EA4123C0E9002310BD0E
:10CC20002DE9F047014690F84000A8B391F842A0E2
:10CC30004E6C0C4600204FF0010C0CFA00F7374206
:10CC40005FFA80FE3DD0D4E90057BB4208BFAA423C
:10CC500037D1F2453FD0072814BF441C00240127D8
:10CC6000544507D007FA04FC1CEA060F16D187408A
:10CC700026EA0706BAF1000F21D00AF1FF34E4B228
:10CC8000012000FA04F535434D6401EBC40581F839
:10CC9000424041F834206B60BDE8F08701EBC40CE2
:10CCA000DCE90089072C01EBC00014BF04F1010C82
:10CCB0004FF0000CC0E9008920466446D0E7072405
:10CCC000DEE70130082804F10804B6D1012381F819
:10CCD00041300020E0E70120DEE790F8401030B559
:10CCE00091B190F84210456C79B10139C9B2012473
:10CCF0008C4080F842102C4300EBC1014464C1E930
:10CD00000023002380F8413030BD0721EFE7000009
:10CD1000F0B5044685B0C57A0C301DF00FFB0B460C
:10CD2000A17A00910246294602A8FFF751FFDDE9EA
:10CD300002670E4D32463B4605F14800FFF770FF93
:10CD400088B93B4605F14800FFF7C7FF95F8243046
:10CD5000012B08D14FF400332046236005B0BDE815
:10CD6000F0400EF00FB905B0F0BD00BFB00C0120CF
:10CD700002484FF4CC72002131F078BCB00C012095
:10CD800008B50C4B0C4A9A600C4B0D4A9A600D4B3F
:10CD90000D4A9A610D4ADA61FFF7EAFF0C4B1B68F6
:10CDA0001B79072B81BF0B4A136A43F08003136280
:10CDB00008BD00BF600C0120D9CD0300140C012078
:10CDC000B5C80300E80B012025CE030065CE0300A3
:10CDD000C03001203831012008B5F6F7FDF9FFF722
:10CDE000C7FFBDE808400EF06FBA000008B521F09B
:10CDF0005BF9044A537A01335372BDE8084021F0CD
:10CE000055B900BF9431012008B521F04DF9044A0D
:10CE1000537A013B5372BDE8084021F047B900BF87
:10CE20009431012030B50E4D89B00DF10201284634
:10CE30001DF017F9044608B909B030BD0DF1030221
:10CE400001A9FFF73BFD28B1FF2301A88DF816309B
:10CE5000FFF75EFF20461DF0EBF8FFF7D5FFE4E794
:10CE6000D80C012030B5154D89B00DF102012846CE
:10CE70001DF0F7F8044608B909B030BD0DF1030202
:10CE800001A9FFF71BFD98B101238DF81630A368A7
:10CE9000CDF81730A389ADF81B309DF80330002B77
:10CEA00014BFFF23012301A88DF81630FFF730FFD0
:10CEB00020461DF0BDF8FFF7A7FFD6E7E00C0120E4
:10CEC000034B93F82400003818BF0120704700BFBF
:10CED000B00C01204FF430730438064A584313183D
:10CEE000105C30B193F85820092A01D1186B7047B3
:10CEF00000207047C0160120034B53F820301878EB
:10CF0000003818BF01207047CC620020024B18780F
:10CF1000431E584258417047001F012030B58B6AAC
:10CF20001B78092B25D10A6AD2F81C31D2F8682265
:10CF30004FF47A756A43B2EB430F1AD3046AD4F8FC
:10CF40001C21D4F868426C43B4EB420F13D30B4C52
:10CF5000A3FB0435A2FB0424DB0FD20F43EA4503F5
:10CF600042EA4402B2EB930F03D3B3EB920F38BF04
:10CF70000146084630BD0146FBE700BFE3361A0014
:10CF80002DE9F041C67883783E4C022E054621D12A
:10CF9000627801326270721E012A23D9A3F1FF0068
:10CFA000434243412A882178FF2A1DD0E3B941FA40
:10CFB00002F3D90705D5344B314653F8220006F069
:10CFC00067FEEB78013B052B5AD8DFE803F01D3CE8
:10CFD0004459594C052E03D0062E08BF0126DAE726
:10CFE0000226D8E70123DDE7DFF89C8000272378BD
:10CFF0003B41DB0704D558F82700314606F048FED0
:10D000000137032FF3D1DCE7297961720023C91AB4
:10D0100018BF01211D486370FFF7D0FD1C481DF0AB
:10D0200018F91C481DF015F9A968EB68A165E365BE
:10D0300031B317481DF00AF9E16D09B3BDE8F041BD
:10D0400014481DF003B912481DF003F9BDE8F04182
:10D0500010481DF0FEB8637893B9E36D83B9BDE85D
:10D06000F0410EF083B8637A022B03D10748012107
:10D07000FFF7A4FDA16D06481DF0E8F8E16DDDE7BE
:10D08000BDE8F081500E0120CC620020600E01202E
:10D09000B00E0120C00E0120024B1860C07806F0CF
:10D0A0000DBE00BF341F0120024B1860C07806F08F
:10D0B0001FBE00BF341F0120F6F772BC2DE9F041FE
:10D0C0000EF00CF800283FD00024214FDFF88880B4
:10D0D00026463B782341DB0715D558F8245095F8B0
:10D0E0006430022B05D105F140000EF049F885F8B7
:10D0F000646095F83C30022B05D105F118000EF064
:10D100003FF885F83C600134032CE2D1114D002436
:10D11000A5F110064FF4307707FB046393F8203035
:10D12000022B0AD115F80A3C13B928460EF02DF847
:10D1300007FB0463002283F820200134032C05F54B
:10D140003075E9D1BDE8F081BDE8F041FFF76ABE76
:10D15000480E0120D0160120CC6200200D4BC17872
:10D1600010B518608378FF2B044609D002880A4B5B
:10D170004FF4307000FB0230BDE8104006F0D2BD25
:10D18000054806F0CFFDE178044806F0CBFDE178D4
:10D190000348F1E7341F0120C01601208019012047
:10D1A000401C0120F0B500F50377044685B000F57A
:10D1B0000E752C220021384631F058FA0021C02289
:10D1C000284631F053FA40F20313A4F820326B4B97
:10D1D000C4F824326A4B6B4EC4F83452C4E98A3422
:10D1E000022384F83832307A674DFFF7D3FB95F885
:10D1F000283084F8390284F83A326448644BC4E930
:10D200008F03237C022B0CBF0323012384F84532B8
:10D2100084F84432A37BD722D90748BFA4F88222DE
:10D22000990748BFD4F88432A4F8802244BF43F061
:10D230002003C4F88432337A84F8B932554BC4F8E9
:10D24000A832554BC4F8AC3242201CF0E5FEC4F8BD
:10D25000980200285AD0627B504BC4F8B032D207F3
:10D26000D4F8843259BF4E4BD3E90C2343F0020368
:10D27000C4F8843258BFC4E9A223D4F8843248BF2A
:10D28000D5E9060143F00102C4F8842295F829206B
:10D2900048BFC4E9A2011AB143F05103C4F8843273
:10D2A000237B012B4FF0000332D1CDE9023303235E
:10D2B00084F8D8310C2384F8DC31D4F88432C3F3F9
:10D2C000400384F8DA31D4E9A223694604F17A00F4
:10D2D000CDE9002305F080FA04F17803C4F89C320C
:10D2E0000E2384F8B8322F4BC4F8B432237B012BC1
:10D2F00011D127201CF090FE0546C4F8A00250B9B9
:10D30000D4F898021CF094FEC4F898521F202CE028
:10D31000C4F89C32E7E70FF0AFF86389257C224E12
:10D3200040F271225343C4F81C3200236370A3708F
:10D33000AB1E5D425D41337800F2CC40C4F8180268
:10D340006D00A3B938460FF071FAD4F81432636057
:10D350000122B3787570AA401343DBB2B370012287
:10D360003378AA4013433370002005B0F0BDB37882
:10D370000122AA4023EA0203F0E700BFBD980300A0
:10D380001199030094310120F8300120D6BE898E16
:10D3900055555500E5970300518E03001198030081
:10D3A0003831012015980300480E012038B52C2291
:10D3B000044600F54A75002100F53E7031F056F93B
:10D3C000C0220021284631F051F94FF48173A4F8AE
:10D3D0000C33344B344AC4F82053C4E9C433062315
:10D3E00084F8283392F82830304D84F82A33304BB3
:10D3F000C4F81843C4E9CB53A37B8021D80748BFA6
:10D40000A4F87213980748BFD4F87433A4F87013C3
:10D4100048BF43F02003617B48BFC4F87433002346
:10D4200084F8A433234BC4F88C33C907D4F874337D
:10D4300053BF214B43F00203D2E90601D3E90C01AB
:10D4400048BFC4F87433D4F8743392F829204CBF21
:10D45000C4E9DE01C4E9DE0143F00101C4F874133C
:10D460001AB143F05103C4F87433237B012B05BF79
:10D4700004F17803C4F88833002324230CBF84F814
:10D480009C33C4F888330D4BC4F890330C4BC4F86C
:10D49000943300200B4BC4F898336070A07084F86C
:10D4A000080238BD1D990300F8300120D6BE898ED0
:10D4B000555555000D91030038310120C1940300EA
:10D4C00065950300F99503002DE9F0410B7880F88C
:10D4D000293390F8AA315B0644BF90F8C33180F835
:10D4E0002A338B79012B04460D46164600F53E780B
:10D4F0003DD0022B14BF0123032384F8353384F875
:10D500003433AB78AF88002B0CBF1E234FF49673D7
:10D510005F430EF0A5FF6B78012BAB780CBF322177
:10D520004FF4FA71002B0CBF1E234FF49673014485
:10D53000F818FFF757F9AB78002B0CBF1E234FF4F8
:10D5400096733E4403EB4003301AC4F800030021F5
:10D550004046C4F8A0330DF091FF002140460FF083
:10D56000B3F910B1012384F80832BDE8F081022339
:10D57000C3E70000F8B51C481C4D1D4F8022002158
:10D5800031F074F800242E4655F8040B58B14FF4CE
:10D590007A72002131F06AF855F8043C57F82420DB
:10D5A0001C74C3F8A0210134032CEDD1114B124996
:10D5B00001221A73336808684968083303C30A4BA9
:10D5C0001A700E4A127B83F86C2083F87C2040F29C
:10D5D000075140F20762A3F87620A3F86610084BC3
:10D5E00000221A70F8BD00BF500E0120CC6200204E
:10D5F000B8120120F8300120FC1D0700383101204D
:10D60000480E012008B5094B094ADA61094B0A4A5C
:10D61000DA610A4B0A4A9A610A4B0B4A1A60FFF711
:10D62000A9FF0A4B4FF47A725A8208BD600C0120A0
:10D6300051D60300140C012081CF0300E80B012018
:10D64000BDD00300C8300120F9CE030038310120DD
:10D6500008B5F5F7C1FDF6F791F9BDE80840FFF709
:10D6600089BF0000154B1B6830B5154D1C8B00227F
:10D67000034613F0030F18BF23F0030302F1010266
:10D6800018BF0433032A45F8043B2344F1D10D4D60
:10D69000002213F0030F18BF23F0030302F101026D
:10D6A00018BF0433032A45F8043B2344F1D1181A68
:10D6B000884288BF002080B230BD00BFC03001204A
:10D6C000B8120120B016012070B50B4B5C7C44B938
:10D6D0000A4E0B4D33782341DB0704D40134032C6D
:10D6E000F8D1012006E055F82430587B0DF0D2FC2B
:10D6F0000028F3D170BD00BFF8300120500E01208A
:10D70000CC620020034A012303FA00F01378184387
:10D7100010707047500E0120044A012303FA00F0F4
:10D72000137823EA00001070704700BF500E0120EC
:10D7300010B5064C54F820001C8804815C88448194
:10D740001B7903734173827310BD00BFCC6200204C
:10D7500038B5044604200D461CF05EFC014668B155
:10D7600054B1237C0B8007238B70054BCD70187B45
:10D77000BDE838401CF065BCFF23F3E738BD00BFAF
:10D780003831012038B5054604200C461CF044FC15
:10D79000014640B12B7A8370034BC470187BBDE8FF
:10D7A00038401CF04EBC38BD3831012038B5044635
:10D7B00004200D461CF030FC014670B1074BC570CB
:10D7C000E41A074BA4115C430D238370054B0480BE
:10D7D000187BBDE838401CF034BC38BDC0160120B1
:10D7E000A38B2EBA38310120024B1878B0FA80F0A2
:10D7F00040097047001F0120F0B50D4C0025267828
:10D800006EB194F87062864209D194F871628E42CA
:10D8100005D1D4E99E769E4208BF974206D00135D5
:10D82000032D04F53074EAD10020F0BD0120FCE79F
:10D83000C0160120094B0022DA62094B094ADA625C
:10D84000094B0A4A1A600A4B1B681B79082B81BFD7
:10D85000084A136A43F4005313627047600C0120B6
:10D86000140C012099D00300F43001200DCF0300E7
:10D87000C030012038310120084B00221A63084BC8
:10D88000084A1A63084B1B681B79092B81BF074A9A
:10D89000136A43F000731362704700BF600C0120ED
:10D8A000140C0120A9D00300C03001203831012020
:10D8B000094B0A4A5A630A4B0A4A5A630A4B1B68C5
:10D8C0001B79082B094B82BF1A6A42F400521A6274
:10D8D0004FF43072DA827047600C0120B9D0030037
:10D8E000140C01205DD10300C0300120383101202B
:10D8F00038B52C22044600F158050021283030F0BC
:10D90000B5FEC0220021284630F0B0FE40F20113DF
:10D91000A387094B2364094B2565C4E91134092306
:10D9200084F85830064BC4F8B8300020054BC4F8D2
:10D93000BC30A07038BD00BF55990300D19A0300D8
:10D94000DD9A0300619D03002DE9F74F5C4F1546FA
:10D950009B46D2E90223BC69C4E98A2304F50A790B
:10D960000123064684F85632484688460DF0C2FB2D
:10D970006B69B4F8181183EA1343A4F85832484687
:10D9800000F040FF84F8590096F8AA315B0644BFC6
:10D9900096F8C33184F85A306B69E365AB69236646
:10D9A00098F80630012B74D0022B14BF01230323F7
:10D9B00084F8653084F86430AA78EE782B88002AE1
:10D9C0004FF416110CBF1E224FF496724E4302FB09
:10D9D000036606EB0B03C4F83031B4F81831A4F831
:10D9E0003431287C03F07AFBAB78002B80460CBFE7
:10D9F0001E204FF4967030444146FEF7F3FEAB789C
:10DA0000002BA6EB00060CBF1E234FF4967303EB0E
:10DA10004000B6F5967FC4F8C000C4F82C014CD382
:10DA20005E44266394F86500DFF8A4B00822002164
:10DA30000DF09DFC04F1280A6063C4F8280100265B
:10DA4000594650460EF040FF013620BBB4F818117D
:10DA5000013189B2A4F81811484600F0D3FED4F879
:10DA60001C3184F85900B5B25D4328464146FEF7A3
:10DA7000B9FED4F830311D44D4F82831034463632F
:10DA8000D4F82C312D1A03EB40002563C4F8C000F4
:10DA9000D6E702238CE70B480B4B201A8011584322
:10DAA0000A4B009304300023D4F82821D4F81C1129
:10DAB000C0B20EF05DFA01237B7003B0BDE8F08FB9
:10DAC000001F0120C0160120A38B2EBAD5CE030063
:10DAD0001DCF03002DE9F04FA64BDFF8A0B21E6862
:10DAE000DBF81040DFF898A22DED028B4FF43C7369
:10DAF00003FB006604F1280308EE103A96F84A3258
:10DB0000012B08BFA371B6F84E329AF81020DAE95B
:10DB1000020103EB83035B00A4F80A3204F50A79DF
:10DB2000B6F84C3284F82021012287B0A4F80832DC
:10DB3000C4E98A0184F856224846F8F75BFDDAF812
:10DB40001420E26582EA1241DAF81820226694F87D
:10DB5000B82284F8652084F864209AF802209AF8A4
:10DB60000370A4F85812002ABBF80610BAF8005047
:10DB70004FF4161230460CBF4FF01E084FF4967843
:10DB8000574302F033FCB6F816110744304602F052
:10DB90002DFCB16908FB0577014480463846BAF888
:10DBA0001C500EF089FCB269002800F0BB8008EB25
:10DBB000020138460EF080FCD4F81C21B0FBF2F0D4
:10DBC0002D1A80B2ADB2414602FB10700EF074FC0B
:10DBD00029460290A4F81851484600F013FE9AF81E
:10DBE0001020654B84F85900062A98BF33F812704C
:10DBF0009BF80C2088BFDF89062A94BF33F81230C7
:10DC0000DB8905930EF02CFCBBF80E106D1A024652
:10DC1000A9B2D4F81C01049247F6FE75A94288BF48
:10DC2000002100FB01F307EB020B594618469A4608
:10DC3000FEF7D8FD0390514801894089091ADDE9B2
:10DC40000423B6F8180189B2A94288BF00214843CD
:10DC500040F2E245D1186843FEF7C4FD059B049AE3
:10DC600001371F4405460398174439462844FEF7F8
:10DC7000B9FD434BB4F818219B78A4F83421002B4C
:10DC800000F110000CBF1E234FF4967303EB40030A
:10DC9000C4F8C030C4F82C31029BA4F836214344A8
:10DCA000C4F830311B1A236318EE100A00210DF05E
:10DCB000E5FBDFF8DC80636BC4F82831002618EE42
:10DCC000100A41460EF000FE013600283CD1B4F89F
:10DCD0001811013189B2A4F81811484600F092FDDC
:10DCE000D4F81C2184F85900B3B253435246D018DB
:10DCF00059460293FEF776FD39462844FEF772FD39
:10DD0000D4F83021029B103013441B1A2363D4F83B
:10DD1000283103446363D4F82C3103EB4003C4F887
:10DD2000C030CCE7394608EB02000EF0C5FBD4F852
:10DD30001C31B0FBF3F0421C90B215FA82F5ADB283
:10DD4000414603FB007041E70E480F4B201A80113B
:10DD500058430E4B00930430D4F82821D4F81C11FA
:10DD60000023C0B20EF004F907B0BDEC028BBDE891
:10DD7000F08F00BFA0210120141E0700201F0120EA
:10DD8000381F0120C0160120A38B2EBAD5CE030068
:10DD90001DCF0300074B187893F8C022003818BF36
:10DDA000012002B1013093F880350BB10130C0B2CF
:10DDB000704700BFC016012002289FBF4FF4307388
:10DDC0005843024B185C88BF00207047C0160120E2
:10DDD00070B5194E347834B196F8C03243B396F822
:10DDE00080353BBB02244FF4307202FB04F57319FB
:10DDF0000021184630F03AFC012272550F4A52F8C1
:10DE0000242042620E4A05F51975127B80F86C22B7
:10DE1000721940F20D417453518040F20112A0F882
:10DE20006420084A927D80F8B8220346184670BDE7
:10DE30000124D8E70023F9E7C0160120B01601201D
:10DE4000383101207831012030B589B00C460546C3
:10DE500000211A2201A830F009FC25238DF8063094
:10DE6000184B8DF808505A889B88ADF80C30164B2B
:10DE7000ADF80A20E31A154A9B115343ADF80E3052
:10DE8000B4F87032ADF8103094F8B8328DF818301C
:10DE90000F4AD4F81C31A3FB0232DB0F43EA4203E2
:10DEA000ADF81A3094F820318DF81C300DF11200C5
:10DEB000D4E99E231CF048FA01A80DF063F809B0DC
:10DEC00030BD00BF201F0120C0160120A38B2EBA39
:10DED000E3361A00044B4FF4307202FB0030B1FA03
:10DEE00081F1490981717047C01601202DE9704305
:10DEF000184E88B04FF000084FF000090DF10701EF
:10DF000030461CF0AEF8044610B908B0BDE8708386
:10DF1000D4E90650D4E902124FF4A81302939042B8
:10DF200008BF8D42237C8DF80C30CDE90450CDE93B
:10DF3000068902D12078984205D0CDE9061243F037
:10DF400002038DF80C3002A80DF01CF820461CF0DE
:10DF50006FF8D3E7C4200120C07805F0FBBE0000B5
:10DF60002DE9F04FDFF8A8B085B0164602F0FD02AB
:10DF700004460D4600200021012ADDE90E89CBE987
:10DF80001C01DDF840A08BF86A201F4634D11E4BDF
:10DF9000597C89B3AA70D3E906010022CAE90001BD
:10DFA000DA73B30711D502AB009342464B463846AD
:10DFB000F7F7F7F848B10123AB70DDE90223CAE9AE
:10DFC0000023CBE91C238BF86A60DAE90023C4E95B
:10DFD0001423AB781BB1E36C43F00203E364E26CFF
:10DFE00042F00103C4E91689E36417B142F0090263
:10DFF000E26405B0BDE8F08F0023AB70034BD3E9BA
:10E000000C23CAE90023CCE7F83001203831012085
:10E01000D031012013B50A4B93F82930044610463D
:10E020005BB18B0705D5069B0093DDE90423F7F769
:10E03000D2F8E36C43F04003E36402B010BD00BFCC
:10E04000F83001202DE9F0418A4F8B4D8AB0002332
:10E0500004938DF814303B6A2E7C5C0406D5042EA4
:10E0600001D0012E02D801238DF81130834C2822D3
:10E07000002104F12C0030F0F9FA04F15803C02219
:10E080001846002130F0F2FA7D4B6065C4E9113387
:10E09000032384F8583097F828307A4884F85A30A7
:10E0A000794B4FF48172C4E91703012E40F201133A
:10E0B000A4F84020A4F8643010D0042E0ED095F8B7
:10E0C0002130D90744BF0822A4F8A2209A0742BFF2
:10E0D000B4F8A23043F02003A4F8A23095F8203021
:10E0E00084F8D3307B695B0409D50CF003FF03236C
:10E0F000B0FBF3F303EB4303C01A84F8D2002B7C8C
:10E10000042B77D8DFE803F00379878C82000023A3
:10E110008DF810302823A4F8A03006AB0293D5E97F
:10E1200006235A485A4ECDE9002304A9AB7C6A7CE9
:10E13000FFF716FF00220023CDE9082308AB029366
:10E14000D5E90623697C5148CDE90023AA7CFFF775
:10E1500061FF2B7C012B67D0042B65D04D4B0093C6
:10E160003046DDE9062304F01DFB00238DF8140082
:10E17000064485F84830414804A904F0FFFA2B7C96
:10E18000C4F8B840361B022B84F8D06001D9042BA8
:10E1900069D1414AC4F8BC20404AC4F8C82013F0F1
:10E1A000FD083F4AC4F8CC2060D104233D4F8DF8D0
:10E1B000103095F8683004A9063338468DF81430CD
:10E1C00004F0DCFA384B00933E18DDE906233046B4
:10E1D00004F010FB3044C01B85F86980C4F8C0709F
:10E1E00084F8D1003148002121850DF047F92F48EE
:10E1F0000EF01CFB0AB0BDE8F081002340F6A662D9
:10E20000C5E902322A4A2A6084F8D23001238DF807
:10E21000103020237FE706238DF8103008237AE79B
:10E2200002238DF8103078E7DDE90870D5E9062380
:10E2300057EA000C1CBF03463A46A97C1448CDE9B6
:10E24000002318BF0121DDE906238DF8131004F027
:10E25000B8FAD4F8A4308DF8140043F0040306444F
:10E26000C4F8A43087E70023C4F8BC300023C4F806
:10E27000C030B7E7F8300120D0310120801F0120E5
:10E28000A99F0300D6BE898E55555500D81F012081
:10E29000821F0120F83101205C1F0120E59E030050
:10E2A000259F03009C20012019320120AC1F012072
:10E2B00000881300024B0022C3F8BC20704700BF47
:10E2C000801F012002484FF4A872002130F0CEB91F
:10E2D000801F0120054B064A1A61064B064A1A6147
:10E2E000064B074A1A62FFF7EDBF00BF600C012022
:10E2F00005E30300140C012059DF0300E80B0120A3
:10E30000EDDE030008B5F5F727FDFFF7DBFFBDE8FD
:10E3100008400CF0FDBF020202F00F3200F0F030B6
:10E320000243130103F0333302F0CC32134398005D
:10E3300000F0553003F0AA331843C00970470000BD
:10E3400040F6F8035843094BA0F50F501B682038DE
:10E35000034493F82021012A06D1D3F8340121B1D6
:10E36000D3F838310B607047002070470C21012032
:10E370002DE9F047144FDFF85480DFF8549005463C
:10E380000E4600243B681B7B5FFA84FA534502D893
:10E390000020BDE8F087D8F80030504698470128A3
:10E3A0000ED110201BF038FE014658B1C0E90256CC
:10E3B0000E23A0F800A0438099F80C001BF041FE4A
:10E3C0000134DFE70C20E4E7C0300120CC3001202D
:10E3D0003831012013B5094C0DF1030120461BF023
:10E3E00040FE019018B9FFF781FD02B010BD01A8F1
:10E3F0000CF0C8FD01981BF01BFEEDE70021012089
:10E4000007B5CDE900100CF075FDDDE900121BF039
:10E41000C3FF80B203B05DF804FB00002DE9F047B4
:10E42000DDF824809DF8206005460C469946042AB4
:10E4300019D8DFE802F00312031A84000B7A93B9AB
:10E440006A4809880068C0893144814205DD23801B
:10E45000237207273846BDE8F087AF78002F40F0D9
:10E46000C380002E75D11227F4E78378012B40F08A
:10E47000AA8005F2FC671FF017FE38460EF02AFC52
:10E480001FFA86FA98B91FF011FE32464146E6732C
:10E4900004F1120030F0C2F851464046FFF7B0FFD9
:10E4A0000123208284F80D91A3730027D2E795F809
:10E4B000DD38002B3CD10023C5F81837C5F80438E7
:10E4C00038460EF0A9FB95F8DD381BB105F5FD6067
:10E4D0000EF0A2FB1FF0EAFD32464146D5F8C40318
:10E4E000A5F8C0A330F09AF851464046FFF788FFE0
:10E4F0000022A5F8400005F5247185F8CC93284644
:10E5000004F0DAFD3A4B85F8A007C5F8183738460D
:10E5100000210EF0D9F995F8DD78002F9AD0354B0F
:10E52000C5F80438002105F5FD600EF0CDF9BCE713
:10E5300005F5FD600EF0CEFB0028BCD1A3E7837883
:10E54000002B90D0002E8ED10B88002B8BD0314623
:10E5500040E0013A1FFA86FA032A0BD801A353F8C8
:10E5600022F000BF8FE503009FE50300C7E503002D
:10E570004FE503006368208832461844414630F076
:10E580004DF82388534423800023237262E7606898
:10E590003246414630F042F8A4F800A0F4E7636840
:10E5A000208832464146184430F038F823885344D6
:10E5B000238051464046FFF723FF0123A5F8400082
:10E5C00084F80C90E1E741466068324630F026F866
:10E5D000B1B221804046FFF713FF0123A5F84000A8
:10E5E00084F80C90237260E70C2733E7C0300120D9
:10E5F0001DAA030029AA0300002303700CF022BD0A
:10E6000030B50B4B1B681C7B0A4B1B6800229442E5
:10E6100002D80021084630BD5D788542194602D1F6
:10E620001D78002DF6D1013203F6F803EFE700BFA5
:10E63000C03001200C21012038B58378FF2B04461F
:10E6400019D00078FFF7DCFFA0B10C4BE1781C601B
:10E65000BDE8384005F0CEBBE0B2FFF7D1FF20B1F6
:10E66000D0220021503030F001F801342B681B7BA0
:10E670009C42F1D338BD024D0024F7E70821012068
:10E68000C0300120134B2DE9F04118608378FF2B37
:10E69000044618D00078FFF7B3FF90B1E178BDE8E9
:10E6A000F04105F075BB3A6808FB05F3D018D35C60
:10E6B00013B1E17805F06CFB013533681B7BAB428D
:10E6C000F1D8BDE8F081044E044F002540F6F8086B
:10E6D000F3E700BF10210120C03001200C210120F0
:10E6E00008B5FFF78DFF30B1B0F8200140F20113FB
:10E6F000C31A5842584108BD134B2DE9F041186028
:10E700008378FF2B044618D00078FFF779FF90B18B
:10E71000E178BDE8F04105F053BB3A6808FB05F32A
:10E72000D018D35C13B1E17805F04AFB01353368AA
:10E730001B7BAB42F1D8BDE8F081044E044F0025AD
:10E7400040F6F808F3E700BF14210120C030012093
:10E750000C210120F8B5144D04464DF6685602F020
:10E760000DFC94F8DC2884F888020346134406FB69
:10E7700003F2520D02EBC20102EB81029B1AD5E9B2
:10E780000C27DBB2C3F12000A3F1200184F8DC38B0
:10E7900007FA00F022FA03F3034327FA01F10B43CF
:10E7A000DB07DCD5F8BD00BFF8300120F8B5144D0B
:10E7B00004464DF6685602F0E1FB94F81D2284F8F9
:10E7C0001C020346134406FB03F2520D02EBC20186
:10E7D00002EB81029B1AD5E90C27DBB2C3F12000C2
:10E7E000A3F1200184F81D3207FA00F022FA03F3A6
:10E7F000034327FA01F10B43DB07DCD5F8BD00BF6B
:10E80000F830012070B5048E054684EA0100FFF758
:10E8100082FD00EB0010204480B2FFF77CFD00EB8E
:10E820000010204480B2FFF776FD00EB001020447A
:10E830004440A4B24DF6685363435B0D03EBC3023F
:10E8400003EB8203E31AD5E900269BB2C3F1200053
:10E8500006FA00F0A3F12001DA40024326FA01F1A2
:10E860000A43D2075DBF95F82D30634305EB134093
:10E87000D8B258BF007A70BDF8B5D0F80867044622
:10E880000D460DF0F9FDB0F5967F2ED90DF0F4FD93
:10E890001F4F3B685A8AA36C9A422CBFB618F618D1
:10E8A0003044B0F5161F28BF4FF416100CF0C6FD0B
:10E8B00094F8CC330646DBB994F84C1028460CF09B
:10E8C000DDFD3B68D4F804279B8A13443344AB60D6
:10E8D000D4F88C3273B9002128460DF0F5FFB0B999
:10E8E000AB68A26A1344AB60F5E74FF49670CFE7CC
:10E8F0000021E3E7D4F88C22002128460EF010F91D
:10E9000028B9AB68D4F88C221344AB60F2E7F8BDA9
:10E91000C030012038B590F8CC3304460D460BBB0F
:10E9200090F84C1028460CF0A9FD94F83E1099B1CF
:10E93000626A02F59C52083242F2107301FB023304
:10E94000094A934228BF1346D4F808279A422CBF9D
:10E95000C4F88C22C4F88C3229462046BDE83840E1
:10E96000FFF78ABF0021DDE7D4FE4A0070B500F54D
:10E97000FD65044600F618062C22002128462FF0DB
:10E9800075FEC022002130462FF070FE40F20113C8
:10E99000A4F8FC37224BC4F80038C4F8043804F556
:10E9A0007073C4F80C38072384F8183894F8DC38EE
:10E9B00084F8193894F93C30C4F810687F2B08BFEC
:10E9C000184BC4F8084808BF93F9283084F81A385F
:10E9D000154BC4F81C38154BC4F8203894F83F3058
:10E9E00084F8243884F82538114B93F8793084F86A
:10E9F0002638104BC4F8B43804F2F9220023A4F8E6
:10EA0000CA33C4F87C28C4F88838C4F8AC38C4F8D1
:10EA1000A02829462046BDE87040FFF77BBF00BF15
:10EA200029AA0300F8300120D6BE898E555555001D
:10EA3000D0310120C1A10300054B1B681B7B40F6B0
:10EA4000F8025A43034B002118682FF00FBE00BF95
:10EA5000C03001200C21012008B50E4B0E4A1A626D
:10EA60000E4B0F4A1A620F4A0F4911620F4A9A63FE
:10EA70000F48FDF7EBFE0F4B1B681B79082B81BF7E
:10EA80000D4A136A43F480531362BDE80840FFF750
:10EA9000D3BF00BF600C0120BDEA0300140C0120AD
:10EAA00085E60300E80B0120D5E3030039E6030007
:10EAB00071E30300C03001203831012008B5F5F7BB
:10EAC0004BF9F5F7F3FABDE80840FFF7B5BF0000D2
:10EAD000830718BF20F003031B4AF0B514BF0433AB
:10EAE00003461360194A1A4E15682C7B40F6F8024B
:10EAF00002FB0433002294420ED8164E00229442A8
:10EB000016D8181A88429FBF134B40F6F8021A8293
:10EB100080B288BF0020F0BD9F0718BF23F0030319
:10EB2000EF8918BF043346F8043B01323B44E2E767
:10EB30009F0718BF23F00303EF8918BF043346F87B
:10EB4000043B01323B44DAE70C210120C0300120B4
:10EB5000D0200120E82001203831012010B50C46DA
:10EB600078B10878FFF74CFD60B1038C03F01D030A
:10EB70001D2B09D16388013B9BB2802B34BF002041
:10EB8000122010BD4220FCE70020FAE708B5FFF78D
:10EB900037FD38B390F8C83333B390F8D8341BB38B
:10EBA000038C03F01202022A02D1B0F8D024DAB1A9
:10EBB00090F8392002F0FD02012A01D10279AAB1B0
:10EBC00003F01102112A03D1B0F8C0231F2A0DD877
:10EBD00013F001030CD0B0F8C033C02B34BF0020B9
:10EBE000122008BD4220FCE70C20FAE71220F8E7CB
:10EBF0001846F6E710B5C0B20C46FFF701FD38B174
:10EC000090F93C00002123F08FFB2070002010BD04
:10EC10004220FCE7F0B500230B4D0C4E1A4640F69F
:10EC2000F8072968097B994201D8D0B2F0BD346851
:10EC300007FB03F104EB010C615C19B19CF80110B6
:10EC4000815401320133ECE7C03001200C21012056
:10EC500070B50D46FFF7D4FC0446D8B1038CDA0733
:10EC600001D58378C3B928461BF068FB01F4404303
:10EC7000B3F5404F06460D4601D00B040ED41FF0ED
:10EC800013FA0123C4E902652371E3701FF00EFA41
:10EC9000002070BD4220FCE70C20FAE71220F8E7C4
:10ECA000F0B5144692F83920284F02F0FD030646CD
:10ECB0000D4600200021012BC7E91C0185B087F813
:10ECC0006A303AD12179002937D0B370D4E90201F2
:10ECD000C4E904010023E370930714D502AB009349
:10ECE00094F83A00D4E90C23F6F75BFA58B1012303
:10ECF000B370DDE9022394F83910C4E90423C7E9AD
:10ED00001C2387F86A10D4E90423C5E91423B378D7
:10ED10001BB1EB6C43F00203EB64D4E90C01EB6C28
:10ED2000C5E9160143F00102EA6494F83A2012B1F1
:10ED300043F00903EB6405B0F0BD0023B370044B4E
:10ED4000D3E90C01C4E90401C6E700BFD0310120BA
:10ED5000383101202DE9F043064692F83A00F07070
:10ED60001446D2E90C23C4E906230D46154991F84F
:10ED7000291085B011B394F8391089071AD502AF5C
:10ED80004FF000084FF000090097CDE90289F6F72F
:10ED9000F9F930B9D4E90C2394F83A000097F6F762
:10EDA0001AFADDE9022352EA03011EBF0121F170C4
:10EDB000C4E90623EB6C43F04003EB6405B0BDE807
:10EDC000F08300BFF83001202DE9F84380460D465E
:10EDD000FFF716FC0446002868D1DFF8A091D9F8A7
:10EDE00000301A7B614B1B680646964203D3072608
:10EDF0003046BDE8F8831C4603F6F8032778002F59
:10EE000052D140F6F802394620462FF02FFC01235C
:10EE1000237084F80180D9F80020127C84F8C8336C
:10EE20009A4238BF1A4684F84C20514A84F8D834A4
:10EE300052F8262084F8E8354E4BC4F8C423C4F8B1
:10EE4000D4244D4A1B7B52F8262084F87C324FF4A0
:10EE5000A163C4F8E425A4F87482A4F876320CF017
:10EE6000E9F8A678002E7ED1B7B1238CDB0613D546
:10EE700094F8CF23A4F8C02304F57471D4F8C40324
:10EE80002FF0CCFB94F8DF24D4F8D404A4F8D024D9
:10EE900004F59C612FF0C2FB2B88D8060FD4D9074C
:10EEA00006D5B4F8D03407E001369EE70127D8E74D
:10EEB0009A07F6D5B4F8C03303B3122698E7B4F82E
:10EEC000C023002F48D0238CDB0645D41F2AF4D85A
:10EED000B4F8D0341F2BF0D8D4F8C41384F8CF235F
:10EEE00004F574702FF09AFBB4F8D024D4F8D4143D
:10EEF00084F8DF2404F59C602FF090FB2B8823849A
:10EF00006B6840F2712253436362AB685343A36260
:10EF10002B7B84F838306B7B84F83930AB7B84F8FA
:10EF20003A3028691BF00AFAC4E90C012B7D84F8F9
:10EF30003B306B7D84F83C30AB7D84F83D30EB7D1D
:10EF400084F83E302B7E84F83F306B7E84F842306C
:10EF5000AB7E84F843304BE71F2AAED8B4F8D034E8
:10EF60001F2BCBD9A9E70C2642E700BF0C210120BB
:10EF7000D020012038310120E8200120C0300120BC
:10EF80002DE9F3410E4617461D46FFF739FBDDF824
:10EF90002080044660B3038CDA0611D49B072BD47F
:10EFA00015B1B0F8D0342BBBCDE900583B46324602
:10EFB00004F570712046FFF731FA02B0BDE8F08128
:10EFC000032E19D11F2D17D880F8CF532A4641465A
:10EFD00000F574702FF022FBA378012B08BF84F892
:10EFE000C833012384F8CE3384F8CC330020E4E71F
:10EFF0004220E2E70C20E0E71220DEE773B50D4681
:10F00000FFF7FEFA044658B390F82131012B29D0BE
:10F01000174A816C1268B0F8E035528A90F83F00C8
:10F020008A4238BF0A4601260221CDE9006192B228
:10F0300000210CF0B3F96B8840F2E2414B4383426C
:10F0400012D3208C10F0200010D12A884A43C4E942
:10F050008923AB88A4F82C3284F82E6202B070BDEC
:10F060004220FBE70C20F9E74520F7E71220F5E7FF
:10F07000C03001202DE9F3470E4615461F46FFF725
:10F08000BFFA0446002800F0BE8090F82E321BB96B
:10F090000C2002B0BDE8F08790F82131012B2DD172
:10F0A000032EF5D1DFF86891A16CD9F80020528ABF
:10F0B0008A4238BF0A4692B21BB3D4F820A294F811
:10F0C0003F0016F0FD011FFA85F84FF0020C1BD12E
:10F0D000B4F8E035CDF804C043444FF0010CCDF84E
:10F0E00000C09BB20CF05AF9504500F28E80042EFD
:10F0F00027D8DFE806F0102110283B00002DCFD0E4
:10F10000D0E7D4F828A2DAE701230093CDF804C0B1
:10F1100043460021E6E794F8E83593B9D9F80010A2
:10F12000B4F8E025C9892A448A4205DDA4F8E0350F
:10F1300084F8E8350720ACE794F82031002BA7D1FC
:10F1400005BB1220A5E794F82061012E52D184F866
:10F15000EF552A46394604F2F2502FF05FFA84F850
:10F16000EE65012384F8EC35002092E794F8203115
:10F17000002BE6D0002DE4D1B4F8E035002BE0D030
:10F1800001231CE0013E032E0AD801A353F826F008
:10F19000C5F10300D7F10300F5F1030081F103008D
:10F1A000B4F8E035D4F8E4052A46184439462FF07F
:10F1B00035FAB4F8E0354344A4F8E035002384F888
:10F1C000E835CEE7D4F8E4052A4639462FF026FA8A
:10F1D000A4F8E085F2E7B4F8E035D4F8E4052A466F
:10F1E000184439462FF01AFAB4F8E0354344A4F82D
:10F1F000E035C5E7D4F8E4052A4639462FF00EFA83
:10F20000A4F8E085BCE7422043E7452041E700BF82
:10F21000C030012038B504460D46FFF7F1F928B992
:10F2200042212046BDE838400CF01FB890F82E323D
:10F2300043B1012D02D190F8E8351BB1038C03F0E6
:10F240002B030BB10C21ECE704201AF0E5FE01467C
:10F2500068B10A23002D837014BF01230223C370F9
:10F26000034B0480187BBDE838401AF0EABE38BD75
:10F27000383101202DE9F3410E4617461D46FFF7B0
:10F28000BFF9DDF820800446B0B3042E05D0038C0E
:10F29000DA0619D49B0702D415B1122011E01DB96A
:10F2A000032E05D00C200CE0B0F8C033002BF9D1B0
:10F2B000CDE900583B46324604F59A612046FFF7F7
:10F2C000ADF802B0BDE8F081032EE6D11F2DE4D8E1
:10F2D00080F8DF542A46414600F59C602FF09EF9E5
:10F2E000A378012B08BF84F8D834012384F8DE34D6
:10F2F00084F8DC340020E4E74220E2E770B50646FB
:10F30000FFF77EF9044680B1857885B990F8213100
:10F31000012B0CD0D0F8F0380BB1304698470023C1
:10F3200023700BF08FFE284670BD4225FBE70C25AD
:10F33000F9E700002DE9F041154D164E2B68197BB9
:10F340003368002291420AD8002440F6F807A0460C
:10F350002B681B7BA3420DD80020BDE8F081987874
:10F3600098B903F6F803A3F2D770007801280CD0FF
:10F370000132E7E7326807FB04F3D15C19B102F808
:10F3800003800BF05FFE0134E2E70C20E5E700BFED
:10F39000C03001200C21012038B5054604200C4660
:10F3A0001AF03AFE014650B16B780380082383704F
:10F3B000034BC470187BBDE838401AF042BE38BD1C
:10F3C0003831012070B500F5FD65044600F61806D9
:10F3D0002C22002128462FF049F9C0220021304676
:10F3E0002FF044F94FF48173A4F8FC373A4BC4F87A
:10F3F0000038C4F8043804F59A63C4F80C380723BD
:10F4000084F8183894F8DC3884F8193894F93C30CA
:10F41000228CC4F810687F2B08BF304BC4F8084812
:10F4200008BF93F9283084F81A382D4BC4F81C38DB
:10F430002C4BC4F8203894F83F3084F8243884F8F2
:10F440002538294B93F8793084F8263850074FF047
:10F450000803C4F8603807D4910705D594F83B2019
:10F46000D20748BFA4F86238002304F2F921A4F8B7
:10F47000CA33C4F87C181A46204603F0B9FEA4F833
:10F48000780812201AF0C8FDF0B1184BC4F8AC3857
:10F490000430174BC4F88808C4F8B0380023A4F827
:10F4A000DA3404F23B33C4F89038C4F8A038114A77
:10F4B00094F8DC38C4F8B42884F819382946204672
:10F4C000BDE87040FFF726BA1F2384F8823204217A
:10F4D0002046FFF761FFE1E729AA0300F830012089
:10F4E000D6BE898E55555500D0310120F5A30300B5
:10F4F00075A403005DA3030070B500F5FD65044627
:10F5000000F618062C22002128462FF0AFF8C02262
:10F51000002130462FF0AAF84FF48173A4F8FC378D
:10F52000394BC4F80038C4F80438072384F8183875
:10F5300094F8DC3884F8193894F93C30218CC4F8FC
:10F5400010687F2B08BF314BC4F8084808BF93F9F7
:10F55000283084F81A382E4BC4F81C382D4BC4F8C8
:10F56000203894F83F3084F8243884F825382A4B22
:10F5700093F8793084F8263804F5707220234E070A
:10F58000C4F80C28C4F8603807D4C80705D594F827
:10F590003B10890748BFA4F86238002304F2F92120
:10F5A000A4F8CA33C4F87C18204603F021FED4F82E
:10F5B000C433C4F88438B4F8C033A4F87808A4F885
:10F5C000803828201AF028FDA8B1144BC4F8AC38B4
:10F5D0000430C4F8880804F23B31C4F8901820467F
:10F5E000002203F0C4FE2946A4F88C082046BDE89A
:10F5F0007040FFF78FB91F2384F882320421204620
:10F60000FFF7CAFEE7E700BF29AA0300F830012090
:10F61000D6BE898E55555500D0310120E5A4030092
:10F62000F8B500F2FC65044600F5E5672C220E46AD
:10F63000284600212FF01AF8C022384600212FF06A
:10F6400015F840F20313A4F81037744BC4F81437BC
:10F65000734BC4F81837032384F8283794F93C30E7
:10F66000704AC4F824777F2B08BF92F9283084F8B9
:10F670002A376D4BC4F82C376C4BC4F8303794F8EC
:10F680003D3084F8343784F83537694BC4F81C476B
:10F6900093F8793084F836372823C4F87037238CF0
:10F6A0005F0700F18380980706D594F83B10C907DF
:10F6B00044BF0821A4F87217DF0709D594F83B303E
:10F6C000980705D5B4F8723743F02003A4F87237D1
:10F6D000506994F8383084F8A33710F48040554BC3
:10F6E000C4F8943703D00BF005FC00F00300238C22
:10F6F00084F8A20713F0100204F524775DD003F01C
:10F700001D031D2B0DD1002384F8A237636240F640
:10F71000A663A362484B1B685B684FF47A7253433D
:10F72000E3623946204603F047FE238C84F8A007A5
:10F73000D906C4F888771CD59A071AD028201AF061
:10F740006BFC002867D03D4BC4F898373C4BC4F89D
:10F750009C37238C04309B07C4F88C0709D504F22E
:10F76000D2273946204603F099FEC4F8907784F8F2
:10F77000A1072046FEF7EEFF002128460BF07EFE93
:10F780002D4B1B685B68EBB121F02EFE07460CF099
:10F7900073FE4FF47A723844C4F8040772430021B0
:10F7A00028460DF03DF980B9122026E0D4F87437D0
:10F7B00043F00403C4F874378AE73946204603F05F
:10F7C0007BFCB2E728460DF031F8D4F88402A0B1F2
:10F7D000238C03F00303012B14D0022B0ED0002B3B
:10F7E000E2D12046FFF7C2F801232846D4F80417D7
:10F7F00084F8DD38FAF7C2FC0020F8BD2046FFF798
:10F80000E1FDF1E70F4B1B689B7E002BCCD020461F
:10F81000FFF772FEE8E71F20EFE700BF29A703000C
:10F820001DAA0300F8300120D6BE898E555555001B
:10F83000D03101207DA10300102101200DA603007D
:10F840006DA60300C030012038B5054604200C46E3
:10F850001AF0E2FB014650B16B7803800A238370F3
:10F86000034BC470187BBDE838401AF0EABB38BDC2
:10F8700038310120094B00229A62094B094A9A62E9
:10F88000094B0A4A1A600A4B1B681B79082B81BF77
:10F89000084A136A43F4005313627047600C012056
:10F8A000140C0120F9E60300CC300120E1E603004E
:10F8B000C0300120383101202DE9F04F00F5967657
:10F8C000044689B000F5AC752C22002130462EF09C
:10F8D000CDFEC022002128462EF0C8FE40F20113C2
:10F8E000A4F84031554BC4F84431554BC4F8545139
:10F8F000C4E9523404F5BC63C4F8503101F03EFB56
:10F90000082384F8583194F81D3284F8593194F959
:10F910003C3084F81C027F2B04BF4A4B93F92830FB
:10F9200084F85A31D4F82431C4F85C3101F020FB5A
:10F9300094F83F3084F8643184F86531424BC4F860
:10F94000600193F8793084F86631404BC4F8F431A3
:10F95000002504F27D33C4F8BC31C4F8E0312946F7
:10F960003046A4F8EA550BF089FDD4F838310593F8
:10F97000374B94F83F001B685A8AA36C9A4238BFF1
:10F980001A464FF001090223CDE9009392B2B4F870
:10F99000E0352946D4E989BA0BF000FD824544D30D
:10F9A000DFF8B8802B4FD8F80030A4EB030C4FEAF7
:10F9B000EC0C294B029307FB0CFC07AB83450CF1C5
:10F9C000040C0193059B00935A46534638BF0246E8
:10F9D00049465FFA8CF00CF0D7F950B3079BC4F896
:10F9E000203221F001FDD8F80010611AC9107943C6
:10F9F000043181460246C9B2D4F820020CF026FA3E
:10FA000081444B46C4F83431002130460CF05CFF91
:10FA1000013580B9B4F82831D4F820220133A4F894
:10FA20002831ABB202FB0393ECE7452009B0BDE8F7
:10FA3000F08F4320FAE70020F8E700BF71AB030026
:10FA4000F9AB0300F8300120D031012061A203009E
:10FA5000C0300120DF3A82D241E303000C210120B3
:10FA600010B504461EF020FB034B5A7814445C701A
:10FA7000BDE810401EF01ABB78310120830770B535
:10FA80000F4B1ABF20F00304043404461C600D4BD6
:10FA90001B689B7E4FF43C7606FB0344231A8B4283
:10FAA000054601D9002070BDC91A204600F0BAFDF4
:10FAB0000028F7D0044B0444601BDE8180B2F2E7DB
:10FAC000A0210120C0300120383101200388428864
:10FAD000934210B522D8911F89B240F67A44A142D0
:10FAE0001CD8063B9BB2A34218D88388B3F5FA7F93
:10FAF00014D201339BB25343C08840F6C41253431F
:10FB000042F210724243934208D20A3880B240F661
:10FB1000764398428CBF1220002010BD1220FCE7D3
:10FB20000E4B15391B68C9B24FF43C720E2902FB0B
:10FB3000003311D80A4A525CFF2A0DD093F85E12A6
:10FB400091424FF0010008D0D3F86432904018423F
:10FB500014BF01200020704700207047A021012021
:10FB6000041E07002DE9F047DFF87CA1584FDAF8B2
:10FB70000030987E3B684FF000084546A3F53C7680
:10FB8000A84201D800209DE008F53C7203EB080470
:10FB9000B15C002940F098804FF43C7220462EF072
:10FBA00065FDDFF848914B4E01232370D9F81430DE
:10FBB0006360D9E90823C4E98623474B1B7B84F89B
:10FBC000943184F8C43284F8F03184F8043244F279
:10FBD000017245F20143A4F88E21A4F8FE3145F2EA
:10FBE00001127388A4F8BE22A4F82C3245F2013227
:10FBF000DAF80030A4F8EA21DB8BB288A4F82E22D0
:10FC0000FB2B28BFFB23A4F828329B0103F5747358
:10FC1000A4F82A32314BADB2C4E98C3340F201135F
:10FC2000A4F8443004F50C71A4F88C51A4F8BC522B
:10FC3000A4F8E851A4F8FC51204600F034FD04F586
:10FC40000A71A4F83A02204600F02DFDB37D84F835
:10FC50003E3299F8383084F8CA32F37D84F84A325B
:10FC6000B369C4F84C3240F20223A4F840320223B4
:10FC700084F842321A4BB28A1B68A4F83802A4F8FE
:10FC80003C221BB11B680BB128469847D4F81C32A4
:10FC90009B070BD5002384F8D132012384F8D2329C
:10FCA000104BC4F8D432052384F8D8320BF0C2F9D3
:10FCB00099F800300120013389F800300CF02CFB5A
:10FCC00038684044BDE8F0870135904658E700BFEA
:10FCD000A021012078310120383101201B0048018A
:10FCE000A4210120E2BF0F00C0300120F830012024
:10FCF0002DE9F341044600F02CFFFFF7B1FE20464A
:10FD000000F094FE264F064604F5B4780DF1070185
:10FD100040461AF0A6F9054680BB224B1D68224BCF
:10FD2000651B2D115D43214BADB25B683146284602
:10FD3000984704F5C4701AF08CFA04F52E701AF086
:10FD400088FA04F5F2701AF084FA04F5FC701AF0DF
:10FD500080FA174B1B681BB15B680BB128469847AC
:10FD6000002323700BF06EF9124A13780120013B37
:10FD700013700CF0E7FA02B0BDE8F0819DF807308F
:10FD8000FF2B08D01EF090F93B7801333B701EF03A
:10FD90008DF90136F6B228461AF04AF9B6E700BFE7
:10FDA00078310120A0210120CF467D673831012024
:10FDB000A4210120F830012070B590F81D3190F891
:10FDC0001C21013113FB01F313449BB2242B044685
:10FDD00009D94DF668525A43520D02EBC20102EBAB
:10FDE00081029A1A93B2D4E94826C3F12005A3F1FF
:10FDF0002001DA4006FA05F52A4326FA01F10A4302
:10FE0000D8B2D20784F81C010AD494F81E219A4271
:10FE100003D8122A07D9831AD8B2204490F82801AF
:10FE200070BD831AD8B28242FBD9F6E7F0B5D0E9AB
:10FE3000487600221346C3F12005A3F1200427FAD7
:10FE400003F106FA05F5294326FA04F42143C9070C
:10FE500042BF8118013281F828310133252BEAD1C4
:10FE600080F81E21F0BD000037B501460446684603
:10FE700003F0AEFB2F4ABDF8003011688A7E9A422B
:10FE800009D820461AF0D4F82B4BBDF800005B6867
:10FE9000012198470AE04FF43C725343274A126805
:10FEA000D518D35C23B920461AF0C2F803B030BD90
:10FEB0006B78032BE5D0224A9DF8023012680AB90C
:10FEC000032BDED0032BBDF8042000D072B3C98B06
:10FED000914207D2002BD4D1002AD2D1012385F838
:10FEE0008431CEE71EF0E0F8164A1378013B137018
:10FEF0001EF0DCF895F89B3105F5B47083B91AF063
:10FF000033F9284600F0E3FB234601466A462846BB
:10FF100000F010FC084B0221187B1EF0D1F8C5E759
:10FF20009DF8001022461AF086F8BFE7002BD5D0C6
:10FF3000A7E700BFC030012038310120A0210120F7
:10FF4000A42101207831012070B50C4B0C4D1B68A9
:10FF50009C7E4FF43C76013C2A6806FB04F3D018E3
:10FF6000D35C2BB9631E0CB9204670BD1C46F3E769
:10FF700000F0CEFD0028F5D0F7E700BFC03001202B
:10FF8000A0210120FFF76CBD034B4FF43C721B68AE
:10FF90005043185C704700BFA0210120024B1B6832
:10FFA00003B118471846704720210120034B1B68F6
:10FFB0004FF43C7202FB003080787047A021012092
:10FFC000044B1B684FF43C7202FB003090F91A019D
:10FFD000704700BFA0210120044B1B684FF43C7206
:10FFE00002FB003090F93A00704700BFA0210120C9
:10FFF000044B1B684FF43C7202FB0030D0E948010F
:020000024000BC
:10000000704700BFA0210120044B1B684FF43C72D5
:1000100002FB0030D0E98601704700BFA02101201B
:10002000044B1B684FF43C7202FB003090F8440014
:10003000704700BFA0210120044B1B684FF43C72A5
:1000400002FB003090F84500704700BFA02101205E
:10005000054B1B684FF43C7202FB0030437A194297
:1000600014BF012000207047A021012038B50446AC
:1000700004200D4619F0D0FF014678B1084B1B68EB
:10008000C570E41A074B24115C4301238370064BAF
:100090000480187BBDE8384019F0D3BF38BD00BFDD
:1000A000A0210120CF467D67383101202DE9F7439B
:1000B000224F234E3B684FF000089C7ECDF8048011
:1000C0001DF0F2FF4FF43C73651E5C433368A4F5EA
:1000D0003C74234401AA197821B193F88011A954E2
:1000E00083F88081013D691CA3F53C73F3D11DF0B9
:1000F000DDFF3B68DFF84C909C7E01AF013C4FF484
:100100003C78E15D21B1D9F804300BB1A0B2984739
:10011000356808FB045595F89B3143B105F5B87077
:100120001AF022F818B12A212846FFF79FFF631E14
:1001300014B903B0BDE8F0831C46E2E7C0300120EB
:10014000A0210120383101202DE9FF410023454E37
:10015000454FDFF82481ADF806300DF1060000F0C0
:10016000AFFC044620BB414F3B689D7E1DF09CFFC9
:100170003368013D4FF43C7003F2811302AE00FB83
:1001800005F2995CA955013D9C54F8D21DF08EFFF3
:100190003B68374D9C7E013C315D19B1AB680BB1BA
:1001A000A0B29847631E002C59D104B0BDE8F0817D
:1001B000BDF806304FF43C7253433268D518D35C17
:1001C0002BB900F061FC0120FFF74AFCC5E721468E
:1001D00002A803F00EFA3B689BB1214605F14C00E2
:1001E0009847B0B195F865305BB1D5F8F41105F5D5
:1001F000FC701AF02BF8D5F8E01105F5F2701AF042
:1002000025F89DF80830022B0ED8E3B195F89A3105
:10021000A3B1204600F038FC0120FFF721FC482163
:100220002846FFF723FF98E7032B0CD1114B1B68DF
:1002300013B12146284698472046C2E72146284662
:1002400000F04EFC89E7D8F80030002BF4D05B6951
:10025000002BF1D0BDF80600214698477DE71C46EB
:100260009AE700BFA021012074210120C0300120A5
:100270003831012024210120A4210120B0F81431BB
:10028000B0F818210433534303EBA30213F0030324
:1002900018BF012313448B4205D2012903D0C91A88
:1002A000012938BF012108467047F8B54B7D046A23
:1002B0000E6A012B07460D4607D18B6A1B78043B5B
:1002C000012B02D8637813B92F463846F8BD94F84D
:1002D00099C196F899316345F6D8D6F89031B6F8B9
:1002E00018214FF47A7040F2E24143434A43B3EBA2
:1002F000420FE9D3BCF1000FE7D1D4F89031B4F844
:10030000182143434A43B3EB420FDED396F85E32E3
:10031000FF2BD9D194F85E32FF2BD6D106F5B870F9
:1003200019F022FF0028CFD004F5B87019F01CFF97
:100330000028CAD0B6F81831B4F81821B2EB930FE0
:10034000C2D3B3EB920FBFD2BFE7000008B50CF0E9
:1003500087F8142813D91E2813D9322813D94B280B
:1003600013D9642813D9962813D9FA288CBF0020F2
:100370000120094B93F838301844C0B208BD07205B
:10038000F7E70620F5E70520F3E70420F1E703206F
:10039000EFE70220EDE700BFF830012010B504467A
:1003A000FFF7D4FF40B220B9012C14BF0020432036
:1003B00010BD072801D1002CF7E70020F8E7000066
:1003C0004FF43C735843084B1A681318105C48B13B
:1003D00093F83820042A04D1586919B19B690B603D
:1003E00070470020704700BFA021012030B58378FE
:1003F000B0F81841A3B9B0F816314069CA1A92B2E0
:1004000047F6FE75AA4284BF591A8BB240F2E24504
:1004100095BF6243634305FB020005FB130030BD3B
:10042000B0F8FA30D0F800014A1CD21A92B247F65E
:10043000FE75AA4205D8624340F2E24303FB020084
:10044000EDE75B1A013B9BB2634340F2E24202FBE1
:100450001300E4E7054B1B684FF43C7202FB0033CA
:10046000D3F8E43203B1184718467047A0210120A1
:10047000104B1A6AD1054CBF03230123120548BF54
:1004800043F004035A0002F0080230B5134300F5AC
:10049000AC7100F5AE740122134214BF7E257F2596
:1004A00001F8015B52008C42D2B2F5D17F2380F873
:1004B000213230BDF8300120020202F00F3200F08C
:1004C000F0300243130103F0333302F0CC32134314
:1004D000980000F0553003F0AA331843C009704764
:1004E000F8B50146B0F84E41B0F816016040FFF78C
:1004F000E3FF00EB0010204480B2FFF7DDFF00EBCC
:100500000010204480B2FFF7D7FF00EB001020441A
:100510004440A4B24DF6685363435B0D03EBC30242
:1005200003EB8203E31A9EB2D8B2D1E94837C6F191
:100530002005A6F12002F34007FA05F52B4327FA20
:1005400002F21343DB0758BF91F81E3181F81C01FA
:100550005EBF634301EB134191F82801F8BD000031
:10056000064B074A5A60074B1B681B79082B81BF53
:10057000054A136A43F4804313627047182101202F
:10058000E1040400C03001203831012008B51DF01D
:100590008BFD044A137801331370BDE808401DF049
:1005A00085BD00BF78310120022809D003280AD078
:1005B00001F10E00C0008242A8BF024690B270470F
:1005C0000F318800F7E7B2F5296F4FEA811000F587
:1005D000747038BF4FF429629042A8BF104680B2B1
:1005E000704738B583780446DBB143685B0518D59E
:1005F000B0F81431ABB120F0F7FEB4F81851014651
:1006000040F2E24360695D430BF056FF854208D239
:10061000012384F8093104F10C00BDE838400CF0E6
:10062000FBBA38BD2DE9F047174A184FDFF8649040
:10063000002313603A68D48B154A1A345443640D6E
:10064000C9E90033E4000E460546103401469846D9
:100650003B68DB7E434503D8481B80B2BDE8F0878A
:100660008B071CBF21F00303191D01EB040AAAEB41
:100670000503B34206D8484619F002FD08F1010807
:100680005146E5E70020E9E7B4210120C030012010
:10069000692F0100A821012080F83F127047002334
:1006A00080F83F32704738B5CA880C4605468988BD
:1006B00090F84400FFF778FF62882188034695F898
:1006C0004500FFF771FF1844963080B238BD90F8AE
:1006D0003F1290F84420B0F8363251B1012A06D0CA
:1006E000022A08D101F00102C2F10202D2B2490786
:1006F00017D4022A10D0032A13D06F2B18D9503BDD
:10070000DB10043B9BB2B0F834021B2B38BF1B2319
:10071000984228BF184670473B2B09D92C3B9B10A9
:10072000EFE7B3F5747F03D3A3F534739B11E8E7C8
:100730000023E8E72DE9F04F89B007461C464848FA
:10074000938802938846154619F0ACFC064600B320
:1007500000F108030193AB8883819845424628BF86
:100760001A464FF0000803928273221D80F80F8012
:100770008260C346029B9B451BD307F5B870019A64
:10078000297819F058FC384609B0BDE8F04FFFF75A
:1007900028BF204619F04CFC324B28885B680121A9
:1007A0009847FFF7F3FE072009B0BDE8F04FFCF7CC
:1007B00009B8029B0399A3EB0B039BB28B4228BFA2
:1007C0000B465FFA88F90093AB8009F101030199A8
:1007D000DB0003F1020A8A44A9780020069069B37D
:1007E000012931D0CDE9042306A9009B8DF81C30E6
:1007F000504602F0B4FE1C4B049A1C6806EBC90973
:10080000022189F8101064B1059B019904330B444F
:1008100007F14C005146A047041E18BF0124049A5A
:10082000A400012389F81140AB70009B5B441FFAC0
:1008300083FB009B08F101081A449BE702208DF816
:10084000180087F88411CDE78DF8181097F88411F7
:100850000129C7D102218DF818104FF00001F0E7EF
:10086000A821012038310120782101200E4B70B5DC
:100870001E6804460A468D1E2EB111F8013C4C300C
:100880000B442946B0472A4604F5B870FF2119F0F9
:10089000D2FB064B0221187B1DF012FC2046BDE85E
:1008A0007040FFF79EBE00BF782101203831012043
:1008B00037B50546063019F0AFFB044638B10323BF
:1008C000694600938DF8045002F049FE0444204626
:1008D00003B030BDF7B500F5B8770E4638460DF1D8
:1008E0000701154619F0C6FB0446002843D03846D8
:1008F00019F046FC9DF80720FF2A034632D0E07924
:10090000A779A18800FB07FC04EBC00E3A46013032
:1009100067448F424FEAC0009EF80870378000F1AC
:1009200002072744776027686744C8BFA1EB0C0221
:10093000F7609EF80970C8BF92B2328177B1043077
:10094000204470613782032053B162449142D4BF86
:1009500000230123DBB22B7003B0F0BD0220F3E7CC
:100960000123F7E762787460B0FA80F302325B0922
:1009700032800120EFE70346EDE7000037B500F5D0
:10098000B8740DF10701204619F074FBB8B19DF859
:100990000720FF2A07D0C17983794D1C01FB03335F
:1009A00081888B4209DB074B1860074B0DF107016B
:1009B00020461A7019F055FB00E0C571012003B004
:1009C00030BD00BFB4210120B021012070B5134E0D
:1009D0000546306800B3124B1B78FF2B19D0044634
:1009E00054F80809043819F023FB0E48214619F081
:1009F00047FBFFF7CBFD95F88031013385F8803157
:100A000000233360084BBDE87040187B04211DF0C3
:100A100057BB19F00DFBF3E770BD00BFB4210120F7
:100A2000B0210120A821012038310120F7B5114F54
:100A3000002500F5B8760DF10701304619F011FBDD
:100A4000044610B9284603B0F0BD9DF80730FF2BCF
:100A50000DD054F80809043819F0EAFA0135214696
:100A6000384619F00DFBEDB2FFF790FDE3E719F002
:100A7000DFFAE0E7A82101200C3008B580B219F0B8
:100A8000CBFA00B1023008BD023819F0D1BA00002B
:100A900008B5134600F8021C090A00F8011C821E62
:100AA000D9B2054819F0C7FA044B0121187BBDE8FB
:100AB00008401DF005BB00BF803101203831012006
:100AC00013B504460DF10701044819F0CAFA18B12C
:100AD0009DF807302380023002B010BD8031012024
:100AE000094B0A4A1B68C31A1B11534310B504462D
:100AF0008A1E00F5BC70D9B219F09DFA94F88131C4
:100B0000013384F8813110BDA0210120CF467D67DB
:100B10001FB500F5BC700DF1070119F0A2FA0446EB
:100B2000A0B183789DF80720ADF8082003F00303F7
:100B3000012BC27802D0022B18BF032302A9204642
:100B4000ADF80C208DF80A3002F0FAFC204604B013
:100B500010BD73B5002400F5BC750DF107012846E2
:100B600019F07FFAE6B2013410B9304602B070BD18
:100B700019F05EFAF1E700002DE9F84F0025DFF8E3
:100B80007880DFF87890DFF878A006460F462C468C
:100B9000D8F800309B7E1FFA85FB5B4502D82046C3
:100BA000BDE8F88F5846FFF7EFF900B35846FFF756
:100BB000FDF9E0B9D9F800300BB158469847162135
:100BC0005846FEF7ADFF01284FF0100008BF0C2477
:100BD00019F022FA014660B1C0E9026741F20163EF
:100BE000A0F800B043809AF80C0019F02AFA0135F9
:100BF000CEE70C24D3E700BFC0300120D030012065
:100C00003831012002884FF43C714A430749096892
:100C1000034688188A5C42B1054AD9781360837804
:100C20000BB903F013B903F0E1B97047A02101201B
:100C30009C2101202DE9F0410E4E0F4F00244FF46E
:100C40003C7833689B7EA34201D8BDE8F0813A68C6
:100C500008FB04F3D518D35C53B105F5B87019F04F
:100C600083FA28B9AB781BB92921284603F0EEF89E
:100C70000134E6E7C0300120A021012008B5F3F7D8
:100C80009FFCF3F787FB0BF065F80BF069F900F0B8
:100C90005FFBBDE808400AF0FBBA000010B503781E
:100CA0000446B3B182780B4802F04AFEA37818B12B
:100CB0001E2808D00D2100E00C2120462BB9BDE8EC
:100CC000104003F0C3B80E21F7E7BDE8104003F071
:100CD0008DB910BD282101208378FF2B70B5044603
:100CE00012D00B4BBDE870401860FFF78BBF204659
:100CF0003460FFF787FF238801339BB22A68238083
:100D0000927E9A42F3D870BD024D014E0023F5E762
:100D10009C210120C0300120F8B52C2204460D464C
:100D200000F1380600210C302DF0A0FCC02200217B
:100D300030462DF09BFC002384F81C31A4F81631BA
:100D4000D5E90623C4E9482395F82A3084F81D31F3
:100D50002B8CA4F818316B8CA4F81431AB8C03EBFA
:100D6000830347F230515B00C4F8F411A4F88631D4
:100D7000FF272046FFF782FA84F85E726B69C4F899
:100D800050312B69C4F8E001C4F854312046FFF714
:100D90004DF82B6983EA1342A4F84E21042284F80B
:100DA0003820214A126892F8202084F83A20E36320
:100DB0006B69236440F20115022384F84630204613
:100DC000A4F84450FFF754FB012384F8663004F57F
:100DD0000C7184F85C712046FFF765FC04F50A711C
:100DE000A4F83A022046FFF75EFCB4F83A32A36159
:100DF000B4F81831A4F8380240F2E2425343E361F8
:100E00000A4B63620A4B2584C4E90A34094BC4F8CF
:100E10009830094BC4F89C30084BC4F8A030084BFC
:100E20006663C4F8A430F8BDC0300120A1B003004F
:100E30006DB40300D9AF030089B003008BB4030085
:100E400099B4030038B5184D2A68138E92F82E1005
:100E5000128D013311FA83F3062101FB023303EBF8
:100E6000930113F0030318BF01230446194400F54E
:100E7000C47019F0EBF92A6892F83D3084F84D31CE
:100E800092F83E2084F8452084F84420074A204602
:100E900052F823300021984784F8390004F10C00FF
:100EA000BDE838400BF004BF9C210120182101202F
:100EB00008B51C4B1C4A5A601C4B1D4A5A601D4BFE
:100EC0001D4A1A601D4A5A601D4A9A601D4B1E4AEF
:100ED0009A601E4ADA611E4B1E4A1A601E4B1F4A58
:100EE0001A601F48FBF7B2FC00F032FA1D4B1B687A
:100EF0001979062906D91C4A0729136A03D143F038
:100F00000E03136208BD082902D143F02E03F8E74F
:100F1000092902D143F48033F7E7144919431162D8
:100F2000F0E700BF600C01207D0C0400140C0120D0
:100F3000D90C0400E80B012049010400350C040021
:100F4000AD000400282F0120D94A040051440400B8
:100F5000242101209D0C040018210120B9FD03006B
:100F6000790B0400C0300120383101202E0001052A
:100F700008B509F0BFFF20F07F4008BD08B509F0B3
:100F8000B9FF00F00702C0F3012305321344C0F398
:100F90000040184408BD00004FF43C735843064B12
:100FA0001A681318105C30B193F83820052A01D163
:100FB0005869704700207047A021012002884FF433
:100FC0003C714A4305490968034688188A5C22B186
:100FD000034AD978136003F009B87047A0210120B3
:100FE0009C21012030B589B00546FEF7BBFD0446C3
:100FF000E0B11B4B1D60012383700B2102F0F6FF53
:1010000001200BF09FF995F83F3033B3154B28784A
:101010001A68154BA21A12115A4395F8403092B231
:10102000002109B0BDE8304009F0D3BF0923069381
:10103000D5E91623CDE90423D5E91423CDE902230C
:10104000D5E912230790CDE90023012195F83C3022
:1010500005F10802F5F78AFCD2E709B030BD00BF00
:101060009C210120A0210120CF467D6710B5037887
:10107000044683B18278084802F062FC18B11E2849
:1010800007D00D2100E00C212046BDE8104002F001
:10109000ADBF0E21F8E710BD282101208378FF2B7A
:1010A00070B5044612D00B4BBDE870401860FFF7D6
:1010B00085BF20463460FFF781FF238801339BB250
:1010C0002A682380927E9A42F3D870BD024D014E69
:1010D0000023F5E79C210120C030012010B5044613
:1010E0000BF0BEF9072C28BF0724034B33F814304C
:1010F000184480B210BD00BF141E07002DE9F74F41
:10110000864F00F10C083D6800F138092C220021BF
:10111000044640462DF0AAFAC022002148462DF090
:10112000A5FA95F84130002B00F0E18095F83E30AB
:10113000032B14BF022603262B8E1E4495F83D3048
:1011400084F84D31D5E90823C4E948234FF0010B59
:10115000A4F8FAB095F8323084F81D312B8DA4F83C
:10116000183195F83300FFF7B9FF6B8DA4F81431EF
:10117000AB8DA4F8F80003EB830303FA0BF347F2FB
:101180003051A4F88631C4F8F4112046FFF776F800
:101190004FF0FF0A84F85EA2EB69C4F8E001C4F8DE
:1011A000503195F82E302A8DB6B23344062101FB1A
:1011B000023303EB930113F0030318BF5B4619449A
:1011C00004F5C47019F042F82046FEF72FFEAB6913
:1011D00083EA1342A4F84E21052284F83820504AAD
:1011E000126892F8202084F83A20E363EB692364C4
:1011F0003B6893F83E3084F8453084F8443020460C
:10120000FFF736F984F85CA104F50C7184F866B038
:101210002046FFF748FA04F50A71A4F83A0220467E
:10122000FFF741FAA4F8380295F82E50B4F8F810F8
:10123000DFF814A140F2E2435D435E437019FBF70F
:10124000D1FA3B68B4F83A729B6BC4F834901E44F0
:1012500040F201132384334B6362334BDFF8EC908D
:10126000C4E90A34314BC4F89C30C4E93F56304BD2
:10127000C4F8A030361A2F4B66612F4405EB0B06DD
:1012800007EB400706EB4006C4F8A4302A4BA761E1
:10129000C4F89860C4F8A83094F84D31002159F88A
:1012A000233020469847514684F8390040460BF0D9
:1012B0000BFBB4F81811E0B9B4F816510135ADB212
:1012C00040F2E243A4F816514D435D432846B4F87A
:1012D000F810FBF787FAD4F800311D442D1A3B189B
:1012E00006EB40006561A361C4F89800D4E70126CD
:1012F00022E7124B1868124B201A00115843114B69
:101300000093B4F83A2240F2E24401236143C0B2B0
:101310000AF02EFE03B0BDE8F08F00BF9C21012033
:10132000C03001205DB70300A1BC0300C1B60300BB
:1013300059B70300B5BC0300C1BC0300A0210120C4
:10134000CF467D67990F0400AB02040018210120ED
:10135000054B1B689B7E4FF43C725A43034B0021A4
:1013600018682DF083B900BFC0300120A0210120F2
:1013700008B51C4B1C4A5A601C4B1D4A1A605A681F
:101380000AB91C4A5A601C4B1C4A1A601C4A9A60D3
:101390001C4B1D4A9A601D4ADA611D4B1A680AB936
:1013A0001C4A1A601C4B1D4A1A60FFF7D1FF1C4BE8
:1013B0001B681979062906D91A4A0729136A03D125
:1013C00043F00E03136208BD082902D143F02E0337
:1013D000F8E7092902D143F48033F7E712491943AA
:1013E0001162F0E7600C01202D140400140C0120A0
:1013F000E50F04009D100400E80B012049010400E2
:10140000AD000400482F0120894E0400514404001F
:10141000242101206D10040018210120B9FD0300D2
:10142000C0300120383101202E00010508B5F3F746
:10143000C7F80AF08FFC0AF093FDFFF789FFBDE8BB
:10144000084009F025BF000070B5037804460E4639
:1014500033B38278134802F073FA054638B9A3789B
:10146000B3B10C212046BDE8704002F0BFBDA278A8
:101470000C48314602F09CFB0028F0D01E2DA378CA
:1014800001D01E280AD10E212046002BEBD101E00D
:101490000C212046BDE8704002F0D8BC0D21F3E7D6
:1014A00070BD00BF2821012008B5FFF701FD0F4BDB
:1014B0000F4A1A600F4A5A600F4B104A1A60104BBD
:1014C000104A1A60104B114A1A60114B114A1A60E7
:1014D000114A136A43F00101116210490968097940
:1014E000062984BF43F01103136208BD282F012091
:1014F00011530400B95704002421012049140400A9
:1015000068210120F52706007821012069280600BE
:10151000742101200D29060038310120C03001203E
:1015200070B5037804460E46D3B182780D4802F0B8
:1015300007FA054628B90C212046BDE8704002F0A4
:1015400055BDA2780748314602F032FB0028F2D0A0
:101550001E2D01D01E2801D10E21EDE70D21EBE754
:1015600070BD00BF28210120104B114A1A60114A9A
:101570005A60114B1A680AB9104A1A60104B114A86
:101580001A60114B114A1A60114B124A1A60124A22
:10159000136A43F0010111621049096809790629AB
:1015A00084BF43F011031362FFF7E2BE482F01200E
:1015B00061560400B95704002421012021150400BC
:1015C00068210120F52706007821012069280600FE
:1015D000742101200D29060038310120C03001207E
:1015E000044B1B684FF43C7202FB0030D0F8F4014E
:1015F000704700BFA021012038B5114B1C684FF483
:101600003C7303FB004420460D46FEF737FE85423F
:1016100013D094F86530C4F8F451C4F8E00153B124
:10162000294604F5FC7018F011FED4F8E01104F519
:10163000F27018F00BFE012000E0002038BD00BF62
:10164000A0210120C07802F00FBE00002DE9F04774
:10165000634CDFF8B4A1634D81460E4690460021ED
:10166000282204F19C001F462DF000F804F1C80365
:10167000C022002118462CF0F9FF5B4BC4F8C400CF
:101680004FF48172C4E92D339AF80800A4F8B02011
:10169000022384F8C830FBF77DF995F82830534AC7
:1016A00084F8CA30524B84F8C900C4E9332340F2AD
:1016B000011394F84220A4F8D4300323A4F8103185
:1016C0000AB1A4F812319AF8083084F849312D2073
:1016D000484BC4F8383118F09FFC474BC4F84031F0
:1016E000C4F82801FBF79CF8A065FFF741FC012333
:1016F00084F86E30B4F88230A4F86830B9F8043059
:10170000A4F86A30B9F80630A4F86C30D5E90C2397
:10171000E065C4E91823FFF731FC84F87200FEF796
:1017200015FE052384F88831222384F88C312B6A36
:1017300084F87300C3F3803384F8893194F841301E
:10174000DB0749BFD5E906232C4BC4E94623D4F86F
:10175000143153BFD3E90C2343F00203C4F814310E
:10176000C4E94623D4F8143143F00102C4F814212B
:1017700095F829201AB143F05103C4F81431D4F874
:101780001401C0F3400384F88A31D4E94623C4E944
:10179000122394F8423093B906F00106C4E9148785
:1017A000C4E9488784F88B611EB140F00800C4F892
:1017B0001401D4F8143143F00403C4F8143110496F
:1017C000A1F5C47000F0DAFF0E49204401F022F8C0
:1017D0002423C4F82C4184F84831BDE8F08700BFC9
:1017E000B8210120F830012025BE0300D6BE898E25
:1017F0005555550095BE0300F5BF03003831012053
:1018000040230120002201209431012010B50C4C0E
:101810000AF032FEE38F40F27122534300F2CC40D3
:10182000C4F8A800C4F8AC3004F19C000023A4F86C
:1018300098300AF0FBFFD4F8A430A36310BD00BFBA
:10184000B821012002484FF4CC7200212CF00EBFC9
:10185000B8210120034B044ADA60044B044ADA60E1
:10186000FFF7F0BF600C012075180400140C012074
:1018700045160400FFF7E6BF034B93F82400003839
:1018800018BF0120704700BFB82101204FF47A73C0
:101890005843034B185C003818BF0120704700BF45
:1018A000602301202DE9F843044600F50E778946B0
:1018B000164600212C2200F503701D462CF0D6FEA2
:1018C000C022002138462CF0D1FE40F20313A4F8C8
:1018D0002032614BC4F83472604FDFF8A081387A4F
:1018E000C4F82C42C4E98933022384F83832FBF768
:1018F00051F898F928205A4984F83A22594A5A4B03
:1019000084F83902C4E98F1294F86A209C420CBF13
:101910000323012384F84532D00784F844324FF082
:101920008303A4F8803248BFA4F882323B7A84F85B
:10193000B9324E4BC4F8A8324D4BC4F8AC324220F9
:1019400018F06AFBC4F89802002800F08280494B26
:10195000C4F8B032FAF764FFA063FFF709FB012374
:1019600084F84E30B4F86230A4F84830B9F8043046
:10197000A4F84A30B9F80630A4F84C30D8E90C2362
:10198000E063C4E91023FFF7F9FA84F85200FEF788
:10199000DDFC052384F8D831222384F8DC3194F867
:1019A0006B3084F85300DB0749BFD8E90623324B7C
:1019B000C4E9A223D4F8843253BFD3E90C2343F003
:1019C0000203C4F88432C4E9A223D4F8843243F079
:1019D0000102C4F8842298F8292004F128071AB1DA
:1019E00043F05103C4F88432D4F88412C1F34003A5
:1019F00084F8DA31D4E9A223C4E90A2394F86A30DE
:101A0000A3B99DF8200000F00100C4E90C65C4E909
:101A1000A46584F8DB0118B141F00801C4F8841210
:101A2000D4F8843243F00403C4F8843204F1780516
:101A300004F5EC71284600F0A1FE3946284400F078
:101A4000E9FE2423C4F89C5284F8B8320020BDE893
:101A5000F8831F20FBE700BF01C103009431012080
:101A6000D6BE898E55555500302B01205DC303002D
:101A700081C30300CDC1030038310120F8300120BB
:101A800010B504460AF0F8FC638B40F27122534310
:101A900000F2CC40C4F81C320023C4F81802637072
:101AA000A37004F503700AF0C1FED4F81432636623
:101AB00010BD00002DE9FF4DC17883784A1E012A30
:101AC00004464CD9A3F1FF077B427B412288344D69
:101AD000FF2AA87A45D0002B43D140FA02F3DE0753
:101AE00006D5304B4FF47A7000FB023002F0D8FB81
:101AF000E378012B51D12C4B2A4F1E68B8460024A5
:101B0000AB7AB1792341DA07D6E902AB3AD4013492
:101B1000032C08F57A78F3D100246C72D6E90223FD
:101B2000C5E90023DFF88480B3792B724FF43C764B
:101B3000AB7A2341DB070CD5B7F86000D8F800304A
:101B400007F1280106FB0030FFF7E6F83846FFF7FB
:101B500097FF0134032C07F57A77E9D11DE00123C3
:101B6000B4E7104F0026AB7A3341D80704D5384686
:101B7000039102F095FB03990136032E07F57A775E
:101B8000F1D1B5E7737901933379009352465B46FF
:101B90004046F5F743FC0028B9D004B0BDE8F08D0D
:101BA0005023012060230120A80C0120A021012046
:101BB0002DE9F8430021044600F54A77164600F562
:101BC0003E702C221D462CF051FDC02200213846CB
:101BD0002CF04CFD4FF48173A4F80C33344B354892
:101BE000C4F82073C4E9C433062384F82833324B85
:101BF00094F86B1093F8282084F82A232F4AC4F80D
:101C00001843C4E9CB0294F86A004FF4C072C707C6
:101C100048BFA4F87223A4F87023012284F8A423F7
:101C2000274AC4F88C23D4F87423C90751BF254A26
:101C300042F00202C4F87423D3E9068958BFD2E9FE
:101C40000C89D4F8741393F8293041F001024CBF89
:101C5000C4E9DE89C4E9DE89C4F874231BB141F00C
:101C60005101C4F8741388B99DF82030DB0742BFD6
:101C7000D4F8743343F00803C4F87433D4F87433DD
:101C8000C4E9E06543F00403C4F8743304F1780355
:101C9000C4F888332423002084F89C330A4BC4F80A
:101CA00090336070A07084F80802BDE8F88300BF2C
:101CB00069C10300D6BE898EF83001205555550004
:101CC0001DC4030038310120F5C5030008B540F6F6
:101CD000B832002106482CF0C9FC064B1022002126
:101CE00018462CF0C3FC044901220A73827208BD15
:101CF0006023012050230120F830012008B5084B53
:101D0000084ADA60084B094A5A62094B094A1A60C4
:101D1000FFF7DCFF084B4FF47A729A8208BD00BFD0
:101D2000600C01203D1D0400140C0120B51A0400B4
:101D3000C43001208D18040038310120FFF7C6BFE0
:101D4000034A012303FA00F0937A18439072704714
:101D500050230120044A012303FA00F0937A23EA76
:101D600000009072704700BF5023012030B50A4B2D
:101D7000044629B14FF47A7505FB00350868A8615F
:101D80004FF47A7101FB043000F11C0351681068B4
:101D900003C39068186030BD6023012038B5044645
:101DA00004200D4618F038F9014690B17CB1094B7A
:101DB000E41A094BE4105C43A4B209238B70074B6F
:101DC0000C80CD70187BBDE8384018F03AB9FF247C
:101DD000F3E738BD60230120D578E92638310120AA
:101DE000014B024ADA607047282F0120095A04008B
:101DF000B2F5706FF8B505460E46144633D2022A86
:101E000033D84FF430731C4A6343D118D35C63B3A7
:101E10004B78012B29D1194B1B689B7E834226D915
:101E2000174A4FF43C7311684343CA18CB5CF3B1B3
:101E3000D2F818329B014FF000071AD592F81432ED
:101E4000BBB10A2018F0E8F860B142F201234380E8
:101E50000C4B05808780C48006810146187B18F0F2
:101E6000F0F83846F8BD1220FCE74220FAE70220DD
:101E7000F8E71A20F6E700BFC0160120C0300120A5
:101E8000A021012038310120F8B51D4B1B689B7E35
:101E9000834204460E46154601D80220F8BD10467E
:101EA000FCF7AEFB30B390F82171012F24D1154A15
:101EB0004FF43C7311686343CA18CB5C002BECD021
:101EC000D2F818329B0119D592F81432B3B10A2016
:101ED00018F0A2F80028E1D042F2012343800A4B17
:101EE00004808780C58006810146187B18F0A9F818
:101EF0000020D3E74220D1E70C20CFE71A20CDE71E
:101F0000C0300120A02101203831012030B50B4C18
:101F10002468A47E84420FD94FF43C746043084C7B
:101F200025682C18285C38B184F84A12A4F84C2291
:101F3000A4F84E32002030BD0220FCE7C030012062
:101F4000A0210120074B084A1A60084B084A1A6072
:101F5000084B094A1A60094B094A1A60094B0A4A98
:101F60001A60704784210120AD7603008021012092
:101F7000C578030098210120ED7A03008821012013
:101F8000097B03007C210120297B0300034B0448CB
:101F90001B7B0373034B196818F052B938310120C9
:101FA000182F0120A03101202DE9F84F164C804652
:101FB0000F4616461D46DDE90AAB1CF075F894F88D
:101FC00004901CF073F8B9F1030F1AD8182018F018
:101FD00023F80146A8B1C0E902AB40F206234380D2
:101FE0000A4B06714571C0E90487187B18F029F87F
:101FF0001CF05AF8237901332371BDE8F84F1CF027
:1020000055B8BDE8F88F00BFA0310120383101205C
:1020100038B5C378012B02D0022B06D038BDF3F7B8
:1020200025FABDE83840FFF7B1BFD0E90445017992
:10203000421D00F10803204661B12946F3F770F90B
:102040001CF032F8054A1379013B1371BDE83840A2
:102050001CF02CB82946F3F7B7F9F1E7A0310120BD
:10206000014B1860FFF792BFA031012008B50D4B5E
:102070000D4A9A61002110220C482CF0F7FA0C4B03
:102080000C481B681B79072B81BF0B4A136A43F06E
:1020900040031362F2F7CAFF044B4FF48372DA80F5
:1020A00008BD00BF140C012011200400182F0120CE
:1020B000C0300120A91F04003831012008B5C9B281
:1020C00020F080FB012008BD10B58AB0044626220E
:1020D000002168462CF0CAFA14238DF802300C4B0C
:1020E00093F82230002B14BF002312238DF8043004
:1020F00020460DF1050304F1200250F8041B43F8BB
:10210000041B9042F9D1684608F03CFF0AB010BDAC
:10211000A8310120024B4FF40071187B1BF0D0BF97
:102120003831012010B500F11F0300F10F029A426F
:1021300000D110BD01781C7800F8014B03F801199B
:10214000F5E701F1200301388B4200D1704713F805
:10215000012D00F8012FF7E700B589B0202168466E
:1021600020F030FB05480CF005F868460CF008F844
:10217000FFF7D0FF09B05DF804FB00BFBD200400ED
:1021800000B589B001466846FFF7DBFF05480BF054
:10219000F1FF68460BF0F4FFFFF7BCFF09B05DF8F4
:1021A00004FB00BFBD20040010B50BF0FBFF04468C
:1021B00018B9FFF7AFFF204610BD0120FCE738B586
:1021C00004460D460CF04AF82046FFF7ABFF04F139
:1021D0002000FFF7A7FF2846BDE83840FFF7A2BF61
:1021E00070B5A2B0FFF7E0FF58B31749684610AECC
:1021F000FFF7E5FF4622002130462CF037FA132383
:102200008DF842306A460DF1450508AB144603CC03
:102210009C4228606960224605F10805F6D10DF15F
:1022200065041A4603CAB24220606160134604F195
:102230000804F6D1304608F0A5FE034B002283F8CF
:10224000202022B070BD00BFA831012030B599B068
:1022500004460D46014608A8FFF773FF04F120016C
:1022600010A8FFF76EFF29466846FFF76AFF074888
:102270000BF080FF694608A80CF050F8044B4FF4AF
:102280008061187B1BF01CFF19B030BDBD2004001D
:102290003831012010B50CF08DF8044638B9054BE3
:1022A0004FF48061187B1BF00BFF204610BD01200E
:1022B000FCE700BF3831012010B504460CF094F85B
:1022C0002046BDE81040FFF72DBF000010B50E4CB2
:1022D00094F8223088B04BB92022FF2168462CF0B8
:1022E000C5F96846FFF7F0FE08B010BDFFF7D2FF52
:1022F0000028F9D06846FFF7DFFF6846FFF7E4FEE5
:10230000002384F82030EFE7A831012030B591B0E8
:1023100004460D4601466846FFF713FF04F120010D
:1023200008A8FFF70EFF68460BF0AEFF10F0FF04A1
:1023300006D12DB1044B4FF48061187B1BF0C0FE19
:10234000204611B030BD00BF3831012038B50A48F1
:1023500090F820506DB990F82140012380F820308A
:1023600024B1FFF70DFF2C46204638BDFFF7F4FEE1
:10237000FAE70C24F8E700BFA83101202DE9F0416D
:10238000114D95F8208006460F46B8F1000F18D180
:1023900095F82340B4FA84F14909FFF7B7FF85F8AF
:1023A000220028B9002C18BF12242046BDE8F08175
:1023B00001233946304685F820304446FFF746FF72
:1023C000F3E70C24F1E700BFA8310120F0B5164B6C
:1023D00099B06A4603F120051646186859681446F4
:1023E00003C40833AB422246F7D1104B08AA03F1CD
:1023F0004007154618685968144603C40833BB42A1
:102400002246F7D10A4B93F820405CB901223146AD
:10241000284683F8222083F82020FFF717FF204664
:1024200019B0F0BD0C24FAE7241E0700451E070072
:10243000A8310120074B084A5A62084A9A62084AA2
:10244000136A43F000631362064B002283F82320D3
:10245000704700BFE80B0120E1210400CD220400F9
:1024600038310120A8310120014B024ADA6070475F
:10247000482F0120515F0400F8B500230B7013783A
:10248000164603F03F029B0905460270437092B95D
:10249000741C2B78A21B9342A5BF01339B1A002208
:1024A0002246A6BF54FA83F4D9B21146A01B2A6271
:1024B0002977C0B2F8BD77780F708378F90743EABF
:1024C000070306F10204837006D5204617F036FF95
:1024D000C5E9020106F10804BA0705D5204617F040
:1024E0002DFFC5E9040106347B0748BF01343807D6
:1024F0000AD5627814F8023B03EB0223C3F30B0204
:10250000C3F303332A83AB76F90644BF6C6203340A
:10251000BA0644BFAC6212347B0644BF14F8013BD8
:10252000EB76B6E70B7803F03F0303700B78C3F349
:10253000801343700B78DB0983708A784B7803EB48
:102540000223C3F30C02C3F34233828083717047CA
:102550004A780B7803EB0223C3F30C020280C3F327
:102560004032C3F380338270C370CA788B7803EB38
:10257000022383804B798A791B0212049B180A7903
:1025800010B52CBF012400249B18CA794FEA0262BF
:1025900044F100049B180A7A42EB040202F01F0483
:1025A000C0E9023452090274CB7A8A7A1B0403EB25
:1025B00002234A7A13440A7B03EB026343618A7B5A
:1025C0004B7B03EB0223CA7B03EB024383614A7C10
:1025D0000B7C03EB0223838310BD4B788A781B02AC
:1025E00012049B180A7810B52CBF012400249B18F4
:1025F000CA784FEA026244F100049B180A7942EB60
:102600000402C0E902328A794B7903EB0223038288
:1026100010BDF0B58B784C781B0403EB04230C78C9
:102620002344CC78C3F30D0503EB0464C3F3803378
:102630008372C4F3CB33E40E0581838184738B7979
:102640004C791B0403EB04230C792344CC7903F06D
:102650001F0503EB0464C3F342130374C4F3132391
:10266000240FC573436104768B7A4C7A1B0403EB09
:1026700004230C7A2344CC7AC3F3130503EB0464DC
:10268000C3F3035380F82030230EC5614384CB7B12
:102690008C7B1B0403EB04234C7B23440C7C03EB5B
:1026A00004634362CB7C8C7C1B0403EB04234C7CD3
:1026B00023440C7D03EB0464C3F313038362230DF3
:1026C00083858C7D4B7D03EB0423C3850B7E4D7E80
:1026D000CE7D2D041B0200245B192CBF012525464D
:1026E0009B198E7E4FEA066645F100059B19CE7E4A
:1026F00045F1000535441B1905F01F06C0E90C36ED
:102700006D0980F838504B7F8E7F0F7F36041B0297
:102710009B192CBF01262646DB19CF7F4FEA07679E
:1027200046F10006DB1991F8207046F100063E44A0
:102730001B1906F07F070135F609222AC0E9103778
:1027400080F8486080F8385015D9012380F8493066
:10275000D1F82130C0F84A30D1F82530C0F84E30D9
:1027600001F129035230393153F8042B40F8042B7E
:102770008B42F9D1F0BD80F84940FBE78A784B786D
:10278000920142EA43120B781343CA7843EAC21318
:102790000A7943EA02231BB20370C3F30723437091
:1027A0000220704770B5049EF47F0546063417F08A
:1027B000CBFDE4B2F27F3146A81D2BF02FFF20465F
:1027C00070BD10B5044617F0BFFDA01DDDE9022362
:1027D00017F0BAFD0C2010BD38B5D1E900230C4626
:1027E000054617F0B1FDA81DD4E9022317F0ACFD92
:1027F0000C2038BDFFF7D6BF38B5D1E900230C4611
:10280000054617F0A1FDA81DD4E9022317F09CFD91
:102810000C2038BD38B50C460546FFF7EDFF2169A1
:10282000228C295421692B18090A5970618A9970E0
:10283000E17CD970616919716169090A5971E18A8C
:10284000997194F82610D971218D1972218D9A727F
:10285000090A120A5972DA72628C1A73628C120AAD
:102860005A73A28C9A73A28C120ADA73A2691A7430
:10287000A269120A5A74628B9A74E27EDA74E2696F
:102880001A7594F82B1094F82A2042EA41125A75CE
:10289000222038BD0B784A7803F00F010170C3F392
:1028A00040114170C3F38011DB09C3701346054A20
:1028B000817012681279082A98BF03F03F030371F0
:1028C00002207047C030012038B5044608460D4646
:1028D00017F034FDC4E90001A81D17F02FFDC4E96D
:1028E00002010C2038BD38B5054608460C4617F0E5
:1028F00025FDC5E90001A01D17F020FDC5E9020175
:10290000A37B627B1B0403EB0223227B1344E27B49
:1029100003EB02632B61627C237C03EB0223A27C2A
:1029200003EB02436B61E37C85F82630627D237DF7
:1029300003EB02232B85E27DA37D03EB02232B8493
:10294000627E237E03EB02236B84E27EA37E03EB95
:102950000223AB84637FA27F1B0212049B18227F99
:102960002CBF012100219B18E27F4FEA026241F156
:1029700000019B1894F8202042EB0102C5E90632C1
:1029800094F8213003F01F025B0985F82A202220E9
:1029900085F82B3038BD10B590F82630028C082B06
:1029A00022D8931F9BB240F67A418B428CBF002302
:1029B0000123018D914288BF0023828C0A3A92B292
:1029C00040F676418A4288BF0023D0E9061212F011
:1029D000E0040BD111430BD090F82A20053A0B2AC2
:1029E00094BF1846002010BD0023E2E70023F3E760
:1029F0002346F1E708230B7028234B70836D8B70FF
:102A0000836D1B0ACB70B0F85A300B7190F85B30B5
:102A10004B71C36D8B71B0F86030CB71B0F8603022
:102A20001B0A0B720920704770B590F8BA20034654
:102A3000901C013293F8F0400A702C224A70B3F8CF
:102A4000C0208A70B3F8C020B3F8C450C2F30D029E
:102A500042EAC53293F8C65042EAC56293F8C250C2
:102A6000AD0305F480452A431212CA70B3F8C4209E
:102A7000C2F347020A71B3F8C020B3F8C450C2F3DE
:102A80000D0242EAC53293F8C65042EAC562C2F36B
:102A900007624A7193F8C85093F8C72042EA45127A
:102AA0008A7193F8D020D3F8CC5093F8C8601207FD
:102AB00042EA052293F8C75045EA46152A43120A0E
:102AC000CA7193F8CD200A7293F8D020D3F8CC5075
:102AD000120742EA0522120E4A72D3F8D4208A72F3
:102AE00093F8D520CA72B3F8DA2093F8D8501206BA
:102AF00042EA0552D3F8D4502A43120C0A73B3F8B1
:102B0000DA2093F8D850120642EA0552D3F8D4508E
:102B10002A43120E4A7300228A73D3F8DC20CA7348
:102B2000D3F8DC20120A0A74B3F8DE204A7493F852
:102B3000DF208A74D3F8E020CA7493F8E1200A7584
:102B4000B3F8E450D3F8E02042EA0552120C4A757B
:102B5000B3F8E450D3F8E02042EA0552120E8A7529
:102B6000B3F8E620CA75B3F8E62012120A76D3F855
:102B7000E8204A76D3F8E820120A8A76B3F8EA20E9
:102B8000CA7693F8EB200A77D3F8EC20013CE4B244
:102B900042EA44124A77D3F8F8208A77D3F8F8202B
:102BA000120ACA77B3F8FA2081F8202093F8FB20A4
:102BB00081F82120D3F8FC2093F8004102F07F0235
:102BC00042EAC41281F8222093F80121C0B292B1E6
:102BD000D3F80221C1F82320D3F80621C1F8272019
:102BE00003F585722B3103F58D7352F8044B41F8D0
:102BF000044B9A42F9D170BD2DE9F0410D461E46B5
:102C00008046174609F02CFC164B32288CBF00205A
:102C100001209D4219D8144BA5FB0331C1F34F018C
:102C2000002347EA801747EAC317377098F83F2018
:102C3000022A14D0D31E5A425A415200717041EAFE
:102C400042310912B170BDE8F081084BA5FB033495
:102C5000032303FB0541C1F38F210123E1E7012297
:102C6000ECE700BFE1BF0300121111119E36D069DD
:102C70002DE9F04F87B09146DDF848A09DF84CB0A3
:102C8000109A049300231371BBF1040F0AF103039C
:102C900004460F4602930AF1040507D19DF850300F
:102CA000002B14BF4FF0030B4FF0010B238C990640
:102CB00000F1B28017F0010307D119F001060CD022
:102CC00094F88322D20700F1A9802846D4E904238E
:102CD00017F03AFB0AF10A050126BB0706D419F0E2
:102CE000020F0CD094F88332980708D42846D4E910
:102CF000062317F029FB46F00206F6B2063539071F
:102D000006D419F0080F16D094F883321A0712D49B
:102D10002A46B4F8403002F8023BB4F8403094F848
:102D20004210C3F30B0343EA013346F008061B12BB
:102D30006B70F6B21546A5EB0A02C2F5807819F061
:102D4000200308F1010807D094F883329B065ABF8C
:102D5000C2F1EF080123002319F0400203920CD0C6
:102D6000BBF1030F0CBFB4F82C22228C12F04002EE
:102D70001CBF012208F1FF380392119A002A4FD09C
:102D8000119912884989521A92B219F0100F0192C2
:102D900007D0119A127B22B994F84C20904528BF95
:102DA000904617F0100705D119F010093BD0019A91
:102DB000424504D946F010062F46F6B20335002BE3
:102DC00000F08B8046F02006D4F83491F6B2D4F8A7
:102DD000F0170593484609F06FFBB0F5967F059B09
:102DE00023D9D4F8F017484609F066FBAD4A904263
:102DF0001FD9B0F5161FAC49059B28BFA0F51610CA
:102E0000A0FB01C14FF0030C0CFB00112CBF1A46B4
:102E10000022C1F38F2113E000265EE71E465CE727
:102E2000119A0192BDE74F46C9E7D4F82022914498
:102E3000CDE79E4BA0FB03310023C1F34F011A469F
:102E4000920342EA43320A43121229706A70D4F89C
:102E50002022974BA2FB0321D20F42EA4102AA7023
:102E6000D4F82022A2FB0323C3F3D713EB70D4E9D9
:102E70008C9000F01F030593FDF768FA059B85F819
:102E8000049043EA40104FEA19236B714FEA19434B
:102E90004FEA1969AB7185F807902872D4F85C3154
:102EA0006B72D4F85C311B0AAB72B4F85E31EB7212
:102EB00094F85F312B73D4F860316B73D4F86031C0
:102EC0001B0AAB73B4F86231EB73B4F828312B747E
:102ED000B4F828311B0A6B741235039B002B3DD0CC
:102EE00094F92A0701211FF01FFA46F04006BBF1B2
:102EF000030F05F8010BF6B234D0019BA5EB0A09CC
:102F0000002B62D0434528BF43469846119AC9F525
:102F1000807301335289984528BF98465FFA88F339
:102F200052FA88F8119AA2F80A80029AAD1A6A1C1D
:102F30001344109A504613711146FFF71FFC049B6F
:102F40008AF8036045EA83158AF80250BBF1050F41
:102F500044D8DFE80BF03C4871814371BBF1030FAB
:102F600040F09B8094F85020012A24D1029B94F8D1
:102F70005210EB1A0231C3F14003C9B2DBB29942DD
:102F800019D829462046FFF735FD054494F8B83096
:102F9000012B12D1029B94F8BA10EB1A0231C3F143
:102FA0004003C9B2DBB2994207D829462046FFF751
:102FB0003BFD0544A1E70022E8E73243029BD2B281
:102FC000002A04BF00261D4697E7019BADE70023BA
:102FD000C4F8D83884F88362C4F884725FFA89F040
:102FE00007B0BDE8F08F0023C4F8D838002FF5D023
:102FF000109B94F826181A7994F82408023208F0E5
:1030000017FA2C4B1B685A8AA36C9A422CBF801863
:10301000C018B0F5161F28BF4FF41610C4F8D80812
:1030200008F00CFA94F8DC28C4F8D80801463B46AE
:103030002046FFF7E1FDD1E70023C4F8D838002F80
:10304000CCD094F8271894F8240809B994F8B91842
:10305000109B1A790232D2E70023C4F81832002FED
:10306000BCD0109B94F826181A7994F824080232E0
:1030700008F0DEF90F4B1B685A8AA36C9A422CBFEA
:103080008118C118B1F5161F28BF4FF4161194F816
:103090001D22C4F818123B46CAE7029B002E08BF47
:1030A0001D462AE7E1BF03009E36D06912111111B7
:1030B000E3361A00C03001202DE9F0438BB0002325
:1030C000CDF8213007238DF82030038C03F007035F
:1030D0000F460646904600F5E561062B00F2838018
:1030E000DFE803F0047979814D797900B0F8C033D5
:1030F00090F83D40002B04F1FF3C0BBF1A4608221C
:103100001D461025DCF1000444EB0C041543002B94
:1031100014BF224644F0010290F82131012B44EA09
:10312000821404D190F8DE38002B08BF1825E80679
:103130004AD445F001050DF12009EB063246484618
:1031400048BF04F0BF040791FBF7AAFD0799324678
:103150004846FBF7FFFD338CCDF800900022CDE907
:103160000328CDE9012786F8832203F003032246D2
:1031700029463046FFF77CFD0BB0BDE8F083B0F880
:10318000C03390F83D40002B0BBF1A4608221D4665
:1031900010251543621E54425441A20142EA4402E2
:1031A000B3FA83F35B09144344EA831490F82131A2
:1031B000012B04D190F8DE38002B08BF1825EB0650
:1031C00002D445F00305B6E7084B5B699804B2D515
:1031D00004F0FE04AFE790F83D40621E54425441B3
:1031E000A4011825A7E700242546A4E7F83001200C
:1031F0002DE9F0478AB099460023CDF82130072306
:103200008DF82030038C03F00703884605461746E7
:1032100000F61801062B4FD8DFE803F00751514E96
:1032200019044C0040240B2626E090F8834290F8C5
:10323000213104F00104C4F15104012BE4B204D1A2
:1032400090F8DE380BB944F02004082614E090F81A
:10325000834290F8213114F0020F04F001040CBFF6
:103260000A260826C4F15104012BE4B204D190F8D7
:10327000DE380BB944F020040DF1200A2A465046EE
:103280000791FBF70DFD07992A465046FBF762FDB3
:103290002B8CCDF810900122CDE90282CDE900A758
:1032A00003F00303224631462846FFF7E1FC0AB04B
:1032B000BDE8F0874824B6E700242646DCE7402432
:1032C0000926D9E72DE9F0438BB007238DF820308C
:1032D000164B5B6908AD13F4006F04460E461746A3
:1032E00000F618014FF000080246284614BF4FF0C0
:1032F00009094FF001090791CDF82180FBF7D0FCB7
:10330000079922462846FBF725FD0223CDE90263F3
:1033100004F59A63CDE90053049743465022494689
:103320002046FFF7A5FC0BB0BDE8F083F830012084
:1033300030B589B00D4600240721CDF819408DF82D
:10334000181093B9048C84F00204C4F34004E10023
:1033500004930423CDE9025306AB0192009310229B
:103360000023FFF785FC09B030BD2146F0E7F0B53A
:10337000082389B000F50E65044680F8E0380E4653
:10338000174600F61801024628460791FBF788FC0D
:10339000079922462846FBF7DDFC0523CDE90263A9
:1033A0000023CDE9005304971A4603212046FFF776
:1033B0005FFC09B0F0BD00002DE9F04385B0064682
:1033C000024600240D468F1C00F5E56102A801911C
:1033D00002948DF80C40FBF763FC0199324602A879
:1033E000FBF7B8FC338C03F00703032B05D0052B48
:1033F0004ED0022B14BF02240624D6E904233846FB
:103400008DF8084016F0A0FF9DF80830012B05F15B
:1034100008080CD1D6F8743743F00403C6F87437A3
:103420004046D6E9062316F08FFF05F10E089DF8F9
:103430000890B9F1060F2DD8452424FA09F414F0A8
:1034400001040BD096F8CF4344B11F2C224606F559
:10345000747128BF1F2240462BF0E0F80E4B1B6A08
:103460005B0405D5B9F1010F9CBF01238DF809302C
:10347000A8EB0700044402A928468DF80C40FFF78A
:103480007DF99DF80C000230C0B205B0BDE8F083B4
:103490000124B2E70024E1E7F830012037B5042326
:1034A000009390F83930022B04460D4625D003F0E6
:1034B000FD03012B01D18DF8023094F8DF34694609
:1034C000063328468DF80430FFF758F90544D4E94F
:1034D0000423284616F038FF94F8DF243AB11F2A57
:1034E00028BF1F2204F59C61A81D2BF097F89DF8BA
:1034F00004000230C0B203B030BD43691B0A03F0C0
:10350000C003402BD9D10123D5E730B589B00724BA
:103510008DF81840B0F82C4204930323CDE9021330
:10352000002506AB04F040040192009344F0100221
:103530002B462946CDF81950FFF79AFB09B030BD4C
:103540008A780B8843EA02339BB203701B0A4370EC
:103550008B8883708B881B0AC370042070470A799C
:103560000B7843EA02234A78920002F004021343E4
:103570008A78D20002F008021343CA78120102F0DE
:10358000100213431BB20370C3F3072343700220DE
:103590007047002303700B7843704B8883704B880F
:1035A0001B0AC3708B8803718B881B0A4371CB88FD
:1035B0008371CB881B0AC3710B8903720B891B0AA9
:1035C00043724B8983724B891B0AC3720C2070476C
:1035D0004A780B7803EB0223C3F30B02C3F30133E6
:1035E00002808370CA788B7803EB022383800420E7
:1035F00070470B784A78027103F003010170C3F33E
:1036000080014170C3F3C001C3F300138170C37024
:10361000022070474B780370CA788B7803EB022343
:1036200043804A790B7903EB02238380CA798B7933
:1036300003EB0223C3804A7A0B7A03EB0223038154
:10364000CA7A8B7A03EB022343810C2070478B7874
:10365000CA781B0212049B184A7810B52CBF0124AB
:1036600000249B180A794FEA026244F100049B1877
:103670004A7942EB0402C0E90032CA798B7903EB44
:1036800002230381082010BD10B50446481C16F023
:1036900042FEC4E90001092010BD4B780370CA78CE
:1036A0008B7803EB022343804A790B7903EB0223E7
:1036B0008380062070478A784B7803EB02230380CF
:1036C0000A79CB7803EB022343808A794B7903EBA9
:1036D000022383800A7ACB7903EB0223C38009207B
:1036E000704710B58A784B7803EB022303800A7980
:1036F000CB7803EB022343808A794B7903EB0223D7
:1037000083800A7ACB7903EB0223C3804B7A03725E
:10371000CA7A8B7A03EB0223438101F10E030C304A
:103720001A3113F8014C13F8022C023302EB042275
:103730008B4220F8022BF4D1182010BD4B78037077
:103740008A7803F00703037002F007034370032035
:10375000704710B54A7802708B7843700C79C9783D
:1037600002F0070203F0070301EB0421027043702B
:103770004180052010BD38B58B784A7802EB0322D2
:1037800003460C4623F8022B0546CA1C153112F8D5
:10379000010B03F8010B8A42F9D1A27D637D03EB93
:1037A0000223AB82227EE37D03EB0223EB82637E66
:1037B00003F00F022A76C3F300125B096A76AB7638
:1037C000A37EEB7604F11B0016F0B8FDC5E90801F5
:1037D00094F8222094F8213003EB02232B85232038
:1037E00038BD4B7803708B784370CB7883700B793E
:1037F000C3708A794B7903EB0223C3F30B03D2091D
:103800000271C3800A7ACB7903EB0223C3F30B0363
:1038100003818A7A4B7A03EB0223CA7A03EB0243D1
:10382000C3F31303C3604A7B0B7B03EB02238A7B46
:1038300003EB0243C3F3130303610A7CCB7B03EB6B
:10384000022383828A7C4B7C03EB0223C382CB7CE2
:1038500003764A7D0B7D03EB02238A7D03EB024353
:10386000C361CB7D1A0903F00F0380F8212080F893
:1038700020300B7E80F822304B7E80F82330CA7EC9
:103880008B7E03EB022383844A7F0B7F03EB0223AF
:103890008A7F03EB0243836291F82020CB7F03EB06
:1038A000022391F8212003EB0243C36291F8232005
:1038B00091F8223003EB02230386242070478A7894
:1038C0004B7803EB0223CA7803EB024303604A7987
:1038D0000B7903EB02238A7903EB024343600A7AF4
:1038E000CB7903EB0223038109207047CB788A78D8
:1038F0001B0403EB02234A7813440A7903EB0263A7
:1039000003608A794B7903EB0223CA7903EB024304
:1039100043604A7A0B7A03EB02238A7A03EB024371
:1039200083600A7BCB7A03EB02234A7B03EB0243DF
:10393000C360CA7B8B7B03EB02230382102070479A
:1039400070B50D4604461646FFF753FE29182D5C48
:103950006571252D00F28C80DFE815F026006700E8
:10396000E1008A008A008A008A00E1007E007F0070
:103970008A008A008C00910084005A005800980048
:103980008A008A0079007900A500A300AF00BB007F
:103990008A008A00D400DD00DD00E400ED00F600BE
:1039A000FF001E0123010D01002E61D004F108006B
:1039B000FFF730FE237983425AD1A3899A1F92B22E
:1039C00040F67A418A4201D91E251DE0217A00295C
:1039D000FAD0092B94BF03F1FF3208229142F3DCA5
:1039E00062899A42F0D8218AA1F10A0292B240F685
:1039F00076408242E8D8E28902FB0333B3EB810FC1
:103A0000E2DAB2F5FA7FDFD2284670BD012E2FD060
:103A1000664B1B6A9D072BD504F10800FFF761FE7A
:103A20002379834224D10025EEE70EB304F1080088
:103A3000FFF70DFE237983421AD1D4E9020131F058
:103A40001F03C1D107F072FA0128ECD8BCE704F1DA
:103A50000800FFF730FEE3E756B104F10800FFF776
:103A600013FEDDE7012E03D0504B1B6A1807F4D478
:103A70001925C9E704F10800FFF70FFED0E7FF237F
:103A800023724B7863722379022BCBE7474B1B6A77
:103A90005A07EDD54B7823728B7863722379032B09
:103AA000C0E7012EE4D0414B1B6A13F4106FDFD046
:103AB00004F10800FFF742FEB2E7002ED8D03B4BDE
:103AC0001B6A13F4106FD3D004F10800FFF741FE16
:103AD000A6E7012ECCD0354B1B6ADB03C8D54B784B
:103AE00023728A782179627203F007030329237213
:103AF000BED1002B3FF468AF023A232A8CBF1E25AB
:103B0000002581E7294B1B6A9E01B1D504F108000D
:103B1000FFF731FE84E7254B1B6A5D01A8D54B7882
:103B20002372B0E7214B1B6A9800A1D504F108006D
:103B3000FFF757FE74E71D4B1B6ADA0098D504F1B6
:103B40000800FFF7BCFE6BE7184B1B6A9B008FD584
:103B500004F10800FFF7CAFE62E7144B1B6A13F07A
:103B6000405F85D04B7823728B786372CB78A372D9
:103B70002379042B56E70D4B5B6A13F0040F3FF4D7
:103B800077AF4B7823728B786372CB78A3720B7903
:103B9000E3722379052B45E7044B5B6A13F0020FB0
:103BA000DFE7024B5B6A13F0020FE8E7F830012011
:103BB00070B50E4604461546FFF71BFD325C627178
:103BC000033A3318102A3CD8DFE802F009263436CD
:103BD0003B3B3B39363B3B3B3B3B3B3D3D0085B3B1
:103BE000D3F80120A260D3F80520E260997A5A7ACE
:103BF00002EB01222282D3F80B20C4F81220D3F862
:103C00000F20C4F81620D3F81330C4F81A302379E3
:103C1000172B16D1002070BD012D12D0D3F8012032
:103C2000A260D3F80520E260D3F80920237922614D
:103C30000D2BEEE7012D04D02379012BE9E7002DB0
:103C4000FAD11920E7E7024B1B6ADB06F4D4F8E748
:103C5000F830012038B50B4D0B4A95F8243003EBB2
:103C600083030344044652F8233003B1984795F880
:103C70002430064A03EB830313441B5D85F824308C
:103C800038BD00BFB00C0120881E0700D81E0700F9
:103C900038B50378074A01EB8303044652F8233012
:103CA0000D4603B198472278034B03EB82035B5D1B
:103CB000237038BD641F0700A41F070038B5094DE5
:103CC0002B78062202FB0303074A52F823300446EE
:103CD00003B198472A78054B062101FB02331B5D8F
:103CE0002B7038BD001F0120EC1E07004C1F070081
:103CF00038B5094D2B78062202FB0303074A52F818
:103D00002330044603B198472A78054B062101FB6E
:103D100002331B5D2B7038BD201F012018200700C7
:103D20004C1F070038B54378084A03EB83030B4464
:103D3000044652F823300D4603B198476378044A8D
:103D400003EB830313445B5D637038BDB41F07004E
:103D50000420070038B50B4D95F82730062202FBEA
:103D60000303094A52F82330044603B1984795F8F3
:103D70002720064B062101FB02331B5D85F8273007
:103D800038BD00BF801F012078200700D820070021
:103D90008378094A70B5062606FB0313044652F8D9
:103DA00023300D4603B19847A278044B06FB02333B
:103DB0005B5DA37070BD00BF042107006421070094
:103DC00038B590F82031094A01EB8303044652F8D4
:103DD00023300D4603B1984794F82021044B03EBA0
:103DE00082035B5D84F8203138BD00BF7C21070071
:103DF000BC210700012970B5044609D98B1E012B8F
:103E00001CD80126032919D8DFE801F00419041988
:103E10000026F7E700250B4B05EB460253F822304E
:103E20000BB120469847682303FB0644064B94F8E1
:103E3000502003EB42035B5D84F8503070BD0125D8
:103E4000E9E700BFF020070000210700F0B5437844
:103E5000022B89B004460D464AD0032B72D0002BAA
:103E60004FD12B294DD1FCF7EDFF2046F2F768FF2B
:103E70006368D90703D53421204600F0E9FA636866
:103E8000DA0503D53521204600F0E2FA63685B06C7
:103E90000CD5B4F82C321B2B04D8B4F82E32B3F561
:103EA000A47F03D93621204600F0D2FA2E492F4BA9
:103EB00008682F491A68201A0011484394F84D11D8
:103EC00092F83C30079100210691D2E91667CDE9BE
:103ED0000467D2E91467CDE90267D2E9126780B2BC
:103EE000CDE900670832F2F741FD022363701FE05D
:103EF0002B291DD018D8292921D02946204600F089
:103F0000C1FE4B2D2CD04C2D12D1174B1868184BDD
:103F1000201A00115843C0B207F08AFF204609B0AA
:103F2000BDE8F040FBF7E4BEA1F14703012BE4D864
:103F30002946204609B0BDE8F04000F029B8F3F763
:103F400069FAF5E75129DCD1D0F8603223F001039A
:103F5000C0F86032F2F7F7FE002384F85032E7E74A
:103F60002046F2F7B3FED0E7A02101209C210120DA
:103F7000CF467D67437803224270022B4FF0000248
:103F800080F8502202D10C3008F046BE7047000085
:103F9000482910B504461AD003D8F9B1472919D0D9
:103FA00010BD4B29FCD18378012B08D10D4B18682B
:103FB0000D4B201A00115843C0B207F0E9FF20460C
:103FC000F2F784FE2046BDE81040FBF791BEF2F701
:103FD000C3FE2046BDE81040FFF7CCBFF2F7B6FEA7
:103FE000F7E700BFA0210120CF467D67F0B54378F9
:103FF00089B004460D46032B0FD8DFE813F01500F7
:10400000830004001F01292907D0A5F14703012BD4
:1040100003D92946204601F05FF82946204609B019
:10402000BDE8F040FFF7B4BF0B29F6D1FDF766F805
:104030002046F2F785FE636813F4007F03F0010267
:1040400042D02AB1D4F8642242F00802C4F86422B3
:10405000D80542BFD4F8642242F00402C4F86422B6
:1040600059060ED5B4F82C321B2B04D8B4F82E32D6
:10407000B3F5A47F05D9D4F8643243F01003C4F833
:1040800064320123754963700868754B75491A6875
:10409000201A0011484394F84D1192F83C300791D2
:1040A00000210691D2E91667CDE90467D2E91467C9
:1040B000CDE90267D2E912670121CDE90067083234
:1040C00080B2F2F753FCA8E71AB13421204600F081
:1040D000BFF96368DA0503D53521204600F0B8F949
:1040E00063685B060CD5B4F82C321B2B04D8B4F8EB
:1040F0002E32B3F5A47F03D93621204600F0A8F96B
:104100000223BFE72C2980D8142982D9A1F11503F5
:10411000172B3FF67EAF01A252F823F0894104002D
:104120001340040013400400134004001340040033
:1041300013400400A3410400B941040013400400EB
:1041400013400400CF410400FB410400114204006D
:1041500027420400E541040013400400134004001A
:104160001340040013400400134004001B400400EB
:1041700013400400134004007D41040002234370F7
:104180003A21FBF773FF48E7D0F8643243F4007339
:10419000C0F86432D0F8603243F40073C4F860327F
:1041A0003BE7D0F8643243F00403C0F86432D0F83F
:1041B000603243F00403F1E7D0F8643243F00803BF
:1041C000C0F86432D0F8603243F00803E6E7D0F874
:1041D000643243F01003C0F86432D0F8603243F028
:1041E0001003DBE7D0F8643243F08003C0F8643298
:1041F000D0F8603243F08003D0E7D0F8643243F463
:104200000053C0F86432D0F8603243F40053C5E77D
:10421000D0F8643243F02003C0F86432D0F8603242
:1042200043F02003BAE7D0F8643243F04003C0F80B
:104230006432D0F8603243F04003AFE751297FF495
:10424000ECAED0F8603223F00103C0F86032F2F730
:104250007AFD002384F85032DFE600BFA021012060
:104260009C210120CF467D6738B50A4D0A4A95F852
:10427000243000EB8303044652F8233003B19847FF
:1042800095F82420054B03EB82031B5D85F8243051
:1042900038BD00BFB8210120CC2107000C22070047
:1042A00038B50378074A01EB8303044652F82330FC
:1042B0000D4603B198472278034B03EB82035B5D05
:1042C000237038BD1C2207005C22070001EB81012E
:1042D000034B114453F8213003B11847704700BF16
:1042E0008C2207000139062940D8DFE801F01E0FB3
:1042F000041927323800022A0CBF90F80C3290F8CB
:104300000D32B3FA83F35B09184670478378012BAB
:104310002CD1002AF8D1D0F81832C3F3C003F3E748
:10432000D0F81832C3F34013EEE78378012B03D1A2
:10433000131E18BF0123E7E7131FFAE78378002B4A
:10434000F6D0042A10D08AB9B0F81A3203F001036B
:10435000DAE7002AF0D1064B93F82330F6E7D0F8DD
:104360001832C3F38063CFE70023CDE70123CBE707
:10437000F83001201FB5104B104A1B688DF8031050
:10438000C31A1B1153430022CDE901229BB20392B1
:104390000A22ADF800308DF80220ADF80630D0E9E1
:1043A000862302A88DF8041015F0B9FF684606F0C0
:1043B000E9FD05B05DF804FBA0210120CF467D6733
:1043C000D0F8603201228A401A421CD023EA02034C
:1043D0000D4AC0F8603253790D2B05D0112B03D054
:1043E000072B07D01A2300E0537A02290BD1194674
:1043F000FFF7C0BF0429F5D1D0F8183223F020030D
:10440000C0F81832704770472821012010B4D0F846
:10441000602201248C40144216D022EA04020329AF
:10442000C0F8602208D007290AD002290CD15DF813
:10443000044B0021FFF79EBF5DF8044BF2F70CBC64
:104440005DF8044BF2F798BE5DF8044B704700002E
:104450002329F8B504465DD80B2901D8002051E185
:104460000C39CA48CAB20123934018407CD113F0DA
:104470000103F3D0C64B5B79013BDBB21D2B00F28D
:104480004181C44AD65CFF2E00F03C81C04B5D796F
:104490006A1E1D2AE2D801A151F822F0AF4604009D
:1044A000D74504005D4404005D4404005D440400FD
:1044B0005D440400194604001F4704001F47040020
:1044C0005D4404005D440400094704007D46040087
:1044D0001F4704005D4404005D4404007D46040061
:1044E0005D4404005D440400FF450400FF450400F2
:1044F0005D4404005D4404005D4404001947040069
:104500005D4404005D440400134704002F47040089
:104510002F4704003439CBB2062B9FD806299DD8EB
:1045200001A353F821F000BFDB450400DB45040084
:10453000DB4504005D440400DB450400074604003D
:1045400045450400D4F868326278002B0CBF012680
:104550000226032A82D013F0010500F0928023F096
:104560000103C4F8683236E017293FF677AF01A39C
:1045700053F821F0154604005D4404005D44040036
:104580005D4404005D4404005D4404005D44040097
:104590005D4404005D4404005D44040027470400BA
:1045A000D54504005D4404005D4404005D440400FE
:1045B0001D470400074704005D4404005D440400F7
:1045C000FD4504005D440400174704001147040042
:1045D0002D4704000026002569E004293FF63EAF80
:1045E00001A353F821F000BF0D4704002347040046
:1045F000034604005D4404003347040000260425FC
:1046000055E00126FBE794F85E520626FF2D3FF4A5
:1046100025AF4CE0002639E71D7A6B1E142B3FF6C0
:104620001DAF01A252F823F0AF460400D7450400A5
:104630005D4404005D4404005D4404005D440400E6
:104640005D4404001F4704001F4704005D4404004C
:104650005D440400094704005D4404001F47040052
:104660005D4404005D4404005D4404005D440400B6
:104670005D440400FF450400FF45040094F85E52C9
:10468000C4E7D4F8642212F001000CD14FF0010C01
:104690000CFA00F717EA0301C5B213D023EA0703A7
:1046A000C4F8683203E022F00102C4F8642294F8EE
:1046B0005032002B3FD0012B00F09280002D00F0F3
:1046C000D880C3E001300828E2D1012707FA01F3BE
:1046D00013EA0200CDB212D022EA030294F85A3251
:1046E000C4F86422012BE2D1002284F85A2294F803
:1046F00055220AB184F8503284F85E52D7E701316E
:104700000829E3D1F8BD00260325D0E70126FBE701
:1047100000260625CBE700260525C8E7002602254A
:10472000C5E70126FBE700260125C0E7002607258F
:10473000BDE701264FE7012E0ED02DD8002EBDD1AA
:10474000D4F860320122AA401343C4F860323246E2
:1047500029462046FFF7BAFD324629462046FFF794
:10476000C1FD002800F08C80012229462046FFF779
:10477000ADFD2046F2F78AFD84F85E52012384F8ED
:10478000553284F85032002D77D05FE0008CE9007C
:10479000282101206C220700B31E022B8ED832463E
:1047A00029462046FFF79EFDA0B1022E04D002222A
:1047B00029462046FFF78AFD6F4B142202FB053382
:1047C000DB6813B12046984778E784F85E5284F896
:1047D0005732D3E700221A212046F2F701FD6DE798
:1047E000072E3FF66BAF01A353F826F00D480400E7
:1047F0000D480400BD4604008B48040039490400FC
:10480000BD480400CF480400CF4804003246294682
:104810002046FFF767FD98B336B9D4F8603201221D
:10482000AA401343C4F8603294F85E32AB4206D01B
:10483000D4F864320122AA401343C4F8643226B982
:10484000324629462046FFF741FD0DB1012059E7C8
:10485000D4F8643223F00103C4F86432D4F8683227
:1048600043F00103C4F86832012229462046FFF7CD
:104870002DFD94F85E32002B79D103236370E5E7B8
:1048800029462046FFF79CFD18E794F85E32AB42BC
:1048900014D0032229462046FFF724FD00283FF4C8
:1048A0000DAF022229462046FFF710FDD4F86832EA
:1048B0000122AA401343C4F86832FFE694F85E323E
:1048C000AB4219D1042229462046FFF7FFFC072EF0
:1048D000294620462DD1FFF773FD2046F2F7E8FC6C
:1048E000FF2384F85E32002384F8553284F8503276
:1048F0002046F2F7E5FCE1E6D4F864320122AA4052
:104900001A423FF4DBAE23EA0203C4F8643294F89F
:104910005A32012B08BF00232946204608BF84F8DD
:104920005A320422FFF7D2FC29462046FFF76EFDDB
:10493000C4E6FFF76BFDD0E7022229462046FFF7C9
:10494000C5FC94F85E320B2BB0D00B4B142202FB4B
:104950000533DE68002EA9D0042229462046FFF741
:10496000C1FC00283FF436AF2046B047A6E6D4F895
:104970006832DB0781D469E78C22070090F85E0279
:10498000023802288CBF00200120704790F8533273
:10499000094A70B50B2606FB0313044652F8233070
:1049A0000D4603B1984794F85322044B06FB02339B
:1049B0005B5D84F8533270BD2C230700DC230700B5
:1049C0000C21F2F74DB801222321F2F709BC10B5F2
:1049D0000446F2F76DFC2046BDE81040F2F7D2BC69
:1049E00010B50123044680F85632F2F761FC2046E8
:1049F000F2F7C4F92046BDE81040F2F7C3BC10B589
:104A0000012380F85632437A23F0010304464372AF
:104A1000F2F74EFC2046F2F703FA2046BDE81040BC
:104A2000F2F7B0BC427A42F001024272F2F710BAD9
:104A300010B5437A43F0010304464372F2F790F94C
:104A40002046BDE81040F2F703BAD0F8603213F404
:104A5000007310B504460ED1C0F8603294F8563297
:104A600083B1002384F8563220460122BDE810406D
:104A70003B21F2F7B5BB0023C0F860323B21F1F7D0
:104A8000EFFFEBE710BD10B504461822002100F53A
:104A9000217029F0EBFDD4F818329B0707D520468A
:104AA000F2F7C0F92046BDE81040F2F7EFBB204610
:104AB0003B21BDE81040FBF7D9BA10B5D0F8603201
:104AC00043F400730446C0F86032F1F7A3FF2046B8
:104AD000BDE81040FFF7D7BF3C2970B5044608D8A1
:104AE000382908D81D2963D00CD80C290ED01529D7
:104AF00060D000252FE03A39022941D8DFE801F0E3
:104B000046375C001E29F4D102211EE05C4B597926
:104B1000CA1F0A2AEDD801A050F822F05B4B04000E
:104B2000F34A0400F34A0400F34A0400F34A040081
:104B3000F34A04006F4B0400F34A0400494B04009D
:104B4000BD4B04007B4B0400032194F85052BDB3CD
:104B5000012D45D00125284670BD1B7A0F2BC8D1E9
:104B6000D4F8183223F00203C4F81832EDE794F8B1
:104B70005E32092BBDD10721E7E71B7A0F2BF9E73E
:104B800090F85E32092BB4D10621DEE7D0F864320A
:104B9000B3F5007F4FF0000503D1C0F8645208213F
:104BA000D3E7B3F5806FD6D1C0F864520921CCE7C2
:104BB0000121CAE70021C8E70A21C6E70421C4E7AA
:104BC0002046FFF7E3FE94F85332002BC2D00123B6
:104BD000092284F8503284F85E2284F85752B9E7EB
:104BE000032915D194F85E32042B0FD8012B0FD96D
:104BF000D4F86422012000FA03F31A430923C4F80D
:104C0000642284F85E3284F85A0201E0072BEFD068
:104C100094F85E32092B16D12046FFF7B7FE94F8C0
:104C20005362002E96D12046F2F742FB637A84F855
:104C3000506223F001036372FF2384F85E32204642
:104C4000F2F73EFB87E799B1032983D10B2B09D1FA
:104C50002046F2F785F8D4F8643243F48063C4F850
:104C6000643278E701222A212046F2F7B9FA72E786
:104C70002046F1F7CFFED4F8643243F40073EEE738
:104C8000282101201C2970B504460D4606D190F854
:104C90000D321BB1BDE87040F1F7DEBF244E336822
:104CA000ABB97368CBB9B368EBB9F3680BBB3369C5
:104CB0002BBB73694BBBB369002B2CD1F369002B61
:104CC0002FD129462046BDE8704000F0DBB92946C7
:104CD000204698470028E4D070BD294620469847D2
:104CE0000028E0D0F8E72946204698470028DCD085
:104CF000F2E72946204698470028D8D0ECE7294615
:104D0000204698470028D4D0E6E729462046984711
:104D10000028D0D0E0E72946204698470028CDD08B
:104D2000DAE72946204698470028CAD0D4E700BFD2
:104D3000282F012038B590F85332094A01EBC303FC
:104D4000044652F823300D4603B1984794F8532295
:104D5000044B03EBC2035B5D84F8533238BD00BFE4
:104D6000082407008824070001222321F2F738BA1B
:104D700010B5437A23F001034372064B1B680446C7
:104D800019790122F2F72CFA2046BDE81040F2F71B
:104D90008FBA00BF9C210120D0F86022910506D572
:104DA00022F40072C0F860220021F1F759BE70476A
:104DB000014B597AF1F754BE282101200C21F1F75B
:104DC0004FBE10B5437A23F0010304464372F2F755
:104DD00035F82046BDE81040F2F758BA10B5044641
:104DE000F2F766FA2046BDE81040F1F71FBE10B595
:104DF0000446F1F7B5FF637A43F00103637220467E
:104E0000BDE81040F2F724B8FFF7F1BFD0F86022F8
:104E1000094922F40072C0F860224A790D2A03463B
:104E200005D0112A03D0072A05D11A2101E0497AB9
:104E30001846F1F715BE704728210120D0F8183226
:104E40009B0710B5044606D5F1F7ECFF2046BDE8F8
:104E50001040F2F71BBA1A21F1F702FE2046392161
:104E6000BDE81040FBF702B910B5D0F8603243F44A
:104E700000730446C0F86032F1F7CCFD2046BDE86F
:104E80001040FFF7DBBF00001E2970B504465DD05F
:104E900007D815295CD01D295CD00C2909D0002524
:104EA00005E039293DD03A294FF000053FD028468A
:104EB00070BD734A5379002B4ED0073BD9B20A29F3
:104EC000EDD80A2BEBD801A151F823F0F94E0400DC
:104ED0009F4E04009F4E04009F4E04009F4E04000E
:104EE0009F4E04000F4F04009F4E04005D4F0400CE
:104EF0009F4E0400194F0400137A0F2BCFD1D0F826
:104F0000183223F00203C0F81832052617E090F893
:104F10005E32092BC3D1F8E7137A0F3B012BBED8C1
:104F2000F3E790F85E32092BB9D1062607E0D0F8F6
:104F30006432B3F5007FBAD1C0F86452072694F802
:104F400050526DB1012D1CD00125B0E70326F6E7C4
:104F50000026F4E70226F2E70426F0E70126EEE752
:104F600031462046FFF7E6FE94F85332002BEBD093
:104F70000123092284F8503284F85E2284F85752C3
:104F8000E2E76FF012033341DB0717D494F85E3287
:104F9000072B03D010D89A1E022A0FD8D4F8642207
:104FA000012101FA03F31A430923C4F8642284F8A7
:104FB0005E3284F85A1201E00D2B1BD094F85E3259
:104FC000092B21D131462046FFF7B4FE94F85362F5
:104FD000002EB9D12046F2F76BF9637A84F850625B
:104FE00023F001036372FF2384F85E322046F2F758
:104FF00067F95CE7D4F8643243F40053C4F86432D0
:10500000092384F85E32D9E7052E9DD801A353F811
:1050100026F000BF4750040039500400494F0400F7
:10502000494F04002D5004005B50040000222A2147
:105030002046F2F7D5F83AE701222A212046F2F776
:10504000CFF8354633E72046F1F7E4FCD4F8643274
:1050500043F40073C4F8643229E7D4F8643223F4CB
:105060000073C4F8643294F8533213B1002384F807
:105070005332034B2046597AF1F7F2FC17E700BF91
:1050800028210120492910B5044614D004D80D293F
:1050900007D00E2909D010BD5129FCD1F1F753FEDC
:1050A0000BE0BDE81040F2F787B8BDE810400022E1
:1050B0001E21F2F795B8F1F74CFE63780322627077
:1050C000022B4FF0000284F85022E4D104F10C00CE
:1050D000BDE8104007F0A0BD1C2970B504460D4680
:1050E00006D190F80D321BB1BDE87040F1F7B4BDA8
:1050F000244E3368ABB97368CBB9B368EBB9F368C6
:105100000BBB33692BBB73694BBBB369002B2CD131
:10511000F369002B2FD129462046BDE87040FFF7E8
:10512000B1BF2946204698470028E4D070BD2946E3
:10513000204698470028E0D0F8E7294620469847BF
:105140000028DCD0F2E72946204698470028D8D02E
:10515000ECE72946204698470028D4D0E6E72946C0
:10516000204698470028D0D0E0E7294620469847B7
:105170000028CDD0DAE72946204698470028CAD033
:10518000D4E700BF482F012090F85E32092B05D1EB
:1051900090F85302831E58425841704700207047D0
:1051A00090F85302C31E58425841704710B5044648
:1051B000F2F736FD2046F2F74DFD2046F2F7C2F831
:1051C0002046F2F707FE2046F2F7EEFE2046BDE845
:1051D0001040F2F75BB810B50446F2F721FD204607
:1051E000F2F738FD2046F2F7DFFE2046BDE810401A
:1051F000F2F74CB810B50446F2F7DDFD2046BDE8E5
:105200001040F2F743B810B50446F2F75CF82046B8
:10521000F2F78AF8012384F80B3210BD10B504466A
:10522000F2F751F82046BDE81040F2F77DB810B50E
:105230000446F2F73DF82046F2F74AF82046F2F726
:1052400085F894F80B12204629B1F2F739FE0023B5
:1052500084F80B3210BDF2F711FEF8E710B50446E2
:10526000F2F726F82046F2F733F82046F2F76EF808
:10527000064B5A79072A14BF597A1A212046F2F7A9
:10528000FDFD002384F80B3210BD00BF2821012052
:105290000C21F2F7F3BD10B50446F2F7ABFC204643
:1052A000F2F7C2FC2046F2F777FD2046BDE8104039
:1052B000F1F7ECBF10B50446F1F7FAFF2046F2F71C
:1052C00063FE2046F2F706FD2046F2F73BF8204643
:1052D000BDE81040F1F7DABF38B590F851320A4A0C
:1052E000C3EBC3030B44044652F823300D4603B10D
:1052F000984794F85132054AC3EBC30313445B5DEE
:1053000084F8513238BD00BFA82407008825070063
:1053100070B590F89A41012C05460E4616D10C291D
:1053200007D0A1F10D03012B10D8F2F707FD20469D
:1053300070BD524B5A79112A03D8514BD340DB0729
:1053400004D42846F2F7FAFC0024F0E795F850322E
:105350002BB1012B08D195F85E320B2B04D0182EFF
:1053600002D12846F2F7E8FD464B1C6A14F001040E
:10537000DDD02A2E47D005D80C2E0FD0182EE3D121
:10538000002130E03A2EDFD1D5F8643213F4006406
:10539000CDD023F40063C5F86432F1E7374A53797E
:1053A000043B0D2BD0D801A151F823F01754040071
:1053B00013540400E553040001540400495304004D
:1053C00049530400495304001B540400495304008A
:1053D000F5530400495304004953040049530400A1
:1053E00001540400032195F85042C4B1012C26D089
:1053F00001249CE795F85E320B2BA5D10621F2E73C
:10540000137A032BF9E795F85E320B2B9CD105211B
:10541000E9E70221E7E70121E5E70421E3E7284680
:10542000FFF75AFF95F85132002BE1D0052BDFD062
:105430000B23012485F85E3285F8504277E795F812
:105440005E320B2B06D0D5F8643243F40063C5F806
:1054500064326CE72846FFF73FFF95F85132052B81
:1054600001D0002BC4D1FF2385F85E32002385F8DC
:1054700050322846F1F724FF59E700BF28210120C8
:10548000F4280200F830012038B590F851320A4A69
:10549000C3EBC3030B44044652F823300D4603B15B
:1054A000984794F85132054AC3EBC30313445B5D3C
:1054B00084F8513238BD00BFC0250700842607009C
:1054C00010B50446F2F786FC2046BDE81040F1F71F
:1054D000DDBE10B50446F2F7BDFB2046F1F7F3FE42
:1054E0002046F1F72FFF2046F1F71EFF012384F835
:1054F0000B3210BD10B50446F1F7E5FE2046F1F77A
:1055000021FF2046BDE81040F1F70EBF10B504465C
:10551000F1F7CEFE2046F2F76DFB2046F2F73CFC99
:105520002046F1F7D5FE2046F1F710FF94F80B1254
:10553000204629B1F2F7C4FC002384F80B3210BDD9
:10554000F2F79CFCF8E710B5437A044623F0020317
:105550004372F1F7ADFE94F80B226AB9062120469A
:10556000F1F73EFE2046F1F7B3FE2046F1F7EEFEDE
:10557000002384F80B3210BD2046F2F7A7FB382138
:105580002046FEF765FFEDE710B5437A23F00203EE
:1055900004464372F2F78AFB2046F2F79BFB204653
:1055A000F2F742FB2046F2F7E8FB2046BDE8104048
:1055B000F1F76CBE10B50446F2F732FB2046F2F765
:1055C00049FB2046F2F74AFB2046F2F7BAFB204699
:1055D000F1F75CFE637A43F0020363722046BDE894
:1055E0001040F2F725BC000010B590F85232044686
:1055F00013B1012B20D010BD0429FCD801A353F80E
:1056000021F000BF1956040045560400F755040068
:10561000195604002B560400F2F7EBFB2046F1F775
:1056200035FE012384F85232E5E7F2F765FC2046A7
:10563000BDE81040F2F77ABC022908D004290AD04C
:105640000129D8D12046BDE81040F2F7E1BBF1F7BF
:105650002FFE0023E6E7BDE81040F2F74DBC00BF87
:1056600070B590F89A51012D044616D10C2907D037
:10567000A1F10D03012B10D8F2F760FB284670BD95
:105680004A4B5A79112A03D8494BD340DB0704D43B
:105690002046F2F753FB0025F0E7464B1D6A15F054
:1056A0000105EBD01A2935D005D80C290BD01929C2
:1056B000F1D1042623E02A29EDD194F85E320B2B98
:1056C000E9D106261BE0394B5B79033B082BE2D876
:1056D00001A252F823F000BF1157040097560400AE
:1056E000975604000D57040097560400975604007F
:1056F00097560400FD56040019570400022694F83A
:1057000050525DB1012D19D00125B7E70126F6E70A
:105710000026F4E70526F2E70326F0E731462046A7
:10572000FFF7B2FE94F8513213F0FB0FECD00B23CD
:10573000012584F85E3284F850529FE756BB20461C
:10574000FFF722FD08B394F85E3201229A40D4F8A4
:1057500064321343C4F864320B2384F85E3231465A
:105760002046FFF791FE94F8513213F0FB03CBD1A2
:10577000627A84F8503222F002026272FF2284F8C8
:105780005E222046F1F79CFD78E72046FFF7F6F809
:105790000028D8D194F85E320B2BE0D0D4F86432D4
:1057A00043F40063C4F8643268E700BF2821012095
:1057B0004C2C0200F830012038B5304B1B6A03F046
:1057C0001004DB06054629D5532929D005D80C2914
:1057D00007D03A2912D0002420E05429FBD104211B
:1057E00016E0274A5379122B1CD0132B04D0072B19
:1057F000F1D1137A122BEED1022109E0D0F86432F4
:1058000013F480540AD023F48053C0F8643200218A
:1058100095F8504244B1012C14D00124204638BDE3
:105820000321F5E70121F3E72846FFF7DDFE95F8B0
:105830005232002BF1D00C23012485F85E3285F81A
:105840005042EBE795F85E320C2B06D0D5F8643267
:1058500043F48053C5F86432E0E72846FFF7C4FEFE
:1058600095F85232002BD8D1FF2285F85E2285F8B8
:1058700050322846F1F724FDD0E700BFF830012070
:105880002821012038B590F85432094A01EBC303AE
:10589000044652F823300D4603B1984794F8542239
:1058A000044B03EBC2035B5D84F8543238BD00BF88
:1058B000B82607005827070001222321F1F790BCE2
:1058C0000C21F2F719BE10B50446F2F793FD2046FD
:1058D000BDE8104000F008BA10B5D0F8603243F4CB
:1058E00000530446C0F86032F2F772FD2046BDE86E
:1058F000104000F0F9B92DE9F0419DF818800446F8
:1059000048EA03001E4601EA080502EA030700F020
:105910005CFA864204D1B04502D1B8F1000F02D141
:1059200063681B0601D53D402F46284600F04DFA1E
:105930000546384600F049FA94F84430022B0646F2
:1059400003D0032B14BF012304239D4208BF00256D
:1059500094F84530022B03D0032B14BF01230423FA
:105960009E4208BF0026324629462046F2F792FDA5
:1059700065B91EB939212046FAF778FB2046FAF7B7
:105980008EFE2046BDE8F041F1F7A2BC2946204634
:10599000FAF782FEF5E773B590F83C3290F83D5285
:1059A00090F83E62DA07044602D500F019FA05467F
:1059B00094F83C329B0702D500F012FA064694F8A0
:1059C000B1320093204694F8B03232462946FFF7B0
:1059D00092FF204602B0BDE87040F1F769BC0000BC
:1059E00013B5084B5A7A009290F8B12290F8B01291
:1059F0001B7A0446FFF77FFF204602B0BDE8104047
:105A0000F1F756BC282101202A2970B5044649D057
:105A100005D80C2911D0202959D0002537E0392983
:105A200046D03A29F9D1D0F864329A0446D523F405
:105A30000053C0F86432052123E0594A5379072BFB
:105A40002DD00D3BD9B20A29E7D80A2BE5D801A100
:105A500051F823F0935A04001B5A04001B5A040007
:105A60001B5A04009F5A04001B5A04001B5A0400CE
:105A70001B5A04001B5A0400815A0400D35A040024
:105A8000022194F8505235B3012D34D00125284617
:105A900070BD90F85E320D2BBFD10321F1E7137A70
:105AA000162BF9E790F85E320D2BB6D10721E8E707
:105AB00090F85E320D2BB0D10421E2E713F480455B
:105AC000E5D023F48043C0F864320621D9E70021F1
:105AD000D7E70121D5E72046FFF7D4FE94F85432EA
:105AE000002BD3D001230D2284F8503284F85E229B
:105AF00084F85752CAE7022915D194F85E32042B74
:105B00000FD8012B0FD9D4F86422012000FA03F337
:105B10001A430D23C4F8642284F85E3284F85A02D2
:105B200001E0072BEFD094F85E320D2B12D1204606
:105B3000FFF7A8FE94F85462002EA7D12046F1F793
:105B4000B7FBFF2384F8506284F85E322046F1F7F9
:105B5000B7FB9CE7B1B1022998D1012B02D0093BD8
:105B6000012B05D801222A212046F1F739FB8EE7C7
:105B70002046F2F73FFCD4F8643243F48043C4F883
:105B8000643284E72046F2F723FCD4F8603243F411
:105B90000053C4F86032D4F8643243F40053EEE7A3
:105BA00028210120022803D0032814BF012004204B
:105BB0007047000038B590F854320C4AC3EBC30369
:105BC0000B44044652F823300D4603B1984794F82D
:105BD0005432074AC3EBC30313445B5D84F8543269
:105BE0005A1F5342534184F85D3238BD8027070065
:105BF000282807000C21F2F77FBC000070B504468E
:105C0000FAF74DFDD4F860329E046AD523F40053B0
:105C1000C4F8603200212046F2F76EFC94F844503C
:105C2000B4F83032B4F83212B4F83422B4F8360290
:105C3000022D1DD0032D1ED0012D20D10E32D200F9
:105C40008242A8BF024692B294F84560022E18D054
:105C5000032E19D0012E42D10E33DB008B42A8BF98
:105C60000B469BB2B3F5A47F38BF4FF4A47317E083
:105C70000F329200E4E7920102F57472E0E700222D
:105C8000E2E70F339B00E9E79B0103F574738B4256
:105C9000A8BF0B469BB2B3F5296F38BF4FF42963F9
:105CA000032DA4F8323214D1B2F5296F38BF4FF466
:105CB00029620C4DA4F836222D6AAD0611D590420A
:105CC00001D199420DD020460021BDE87040F1F786
:105CD0003BB9B2F5A47F38BF4FF4A472E9E70023C3
:105CE000C0E770BDF830012010B50446F1F7EBFABB
:105CF0002046BDE81040F1F717BB000010B5044680
:105D0000F1F7D6FA064B1B892BB920463921BDE89D
:105D10001040FAF7ABB92046BDE81040F2F772BB6D
:105D20002821012010B50446F2F764FB2046BDE8A7
:105D30001040FFF7D9BFFFF7F5BF10B5D0F86032BC
:105D400043F400530446C0F86032F2F741FB2046AA
:105D5000BDE81040FFF7C8BF10B50446F1F7A8FA38
:105D6000D4F860329A0413D50A4A23F40053C4F8D5
:105D7000603253790D2B05D0112B03D0072B07D19F
:105D80001A2100E0517A2046BDE81040F2F7B4BB7A
:105D900010BD00BF2821012010B50446FAF77FFC92
:105DA000D4F860329A040FD523F40053C4F860325B
:105DB00094F8983143B16378032B05D02046002135
:105DC000BDE81040F2F798BB10BD830706D410F071
:105DD000010301D100F00403184670470223FBE7DA
:105DE000054B1B6ADA054CBF032001201B0548BF89
:105DF00040F00400704700BFF83001202DE9F8435F
:105E00000546C8079DF82090147893F8008017463F
:105E10001E4602D5FFF7E4FF04468A0702D5FFF7C6
:105E2000DFFF80466B681B060ED504EA080414F0F9
:105E3000FF040ED195F84400FFF7B4FE044695F830
:105E40004500FFF7AFFE80463C7086F80080BDE855
:105E5000F88314EA090008BF2046FFF7B6FF04469E
:105E60008046F1E710B590F83C1201F00303032BD4
:105E700086B0044608D1F1F72BFA3921204606B046
:105E8000BDE81040FAF7F2B890F83D328DF81630C0
:105E900090F83E328DF81730002300930DF1160272
:105EA0000DF11703FFF7AAFF94F84400FFF77AFEFD
:105EB0009DF81610884209D194F84500FFF772FE4C
:105EC0009DF81730834201D12046D4E72046039144
:105ED000FAF7E2FB2046F1F7FBF920469DF8172080
:105EE0000399F2F7ADFA204606B0BDE81040F1F78D
:105EF000CDB910B586B090F83D328DF8163090F8D7
:105F00003E3290F8B1228DF8173090F8B03213403D
:105F1000009304460DF117030DF1160290F83C12A0
:105F2000FFF76CFF9DF8161003912046FAF7B4FBBB
:105F30002046F1F7CDF920469DF817200399F2F796
:105F400096FA204606B0BDE81040F1F79FB9000070
:105F50002A2970B5044644D005D80C290BD0202935
:105F600054D0002505E0392941D03A294FF00005E9
:105F700043D0284670BD644A5379072B2ED00D3B81
:105F8000D9B20B29EDD80B2BEBD801A151F823F096
:105F9000D15F0400635F0400635F0400635F04007B
:105FA000DD5F0400635F0400635F0400635F04005F
:105FB000635F0400C15F0400635F040011600400BC
:105FC000022194F850522DB3012D33D00125D0E792
:105FD00090F85E320D2BC4D10321F2E7137A162B11
:105FE000F9E790F85E320D2BBBD10621E9E790F876
:105FF0005E320D2BB5D10421E3E7D0F86432B3F55E
:10600000005FB6D1C0F864520521DAE70021D8E775
:106010000121D6E72046FFF7CDFD94F85432002B3E
:10602000D4D001230D2284F8503284F85E2284F803
:106030005752CBE7022917D194F85E32072B03D0D1
:1060400010D89A1E022A0FD8D4F86422012000FA30
:1060500003F31A430D23C4F8642284F85E3284F8F3
:106060005A0201E0092B16D094F85E320D2B1CD198
:106070002046FFF79FFD94F85462002EA6D12046DB
:10608000F1F716F9FF2384F8506284F85E32204657
:10609000F1F716F96DE7D4F8643243F40073C4F8ED
:1060A00064320D2384F85E32DEE7022913D003291F
:1060B00017D000298AD12046F2F78AF9D4F8603245
:1060C00043F40053C4F86032D4F8643243F400530C
:1060D000C4F864324DE701222A212046F1F780F806
:1060E00047E7D4F8643223F40053C4F8643294F8D8
:1060F000543213B1002384F85432034B2046597AAA
:10610000F2F7FAF935E700BF2821012038B5054636
:106110000C460F20042101F0D1F958B12B8883706F
:1061200001221B0A04704270C370BDE83840023877
:1061300001F0B0B938BD00007FB5064642F21F033A
:1061400034889C42084600F28580B4F5005F15D87B
:1061500040F663439C4200F0DA805AD840F601438F
:106160009C4200F0CD8040F603439C4200F0E88062
:10617000002C00F09280002004B070BDA4F5005403
:10618000013C1E2CF7D801A353F824F01B63040034
:106190007B6304009162040077610400956204004F
:1061A000776104007761040077610400776104007F
:1061B000776104007761040077610400776104006F
:1061C0007761040009620400E7620400ED620400E4
:1061D000F7620400776104007761040077610400CE
:1061E0007761040077610400916204007761040024
:1061F0007761040077610400916204005B6304002E
:1062000065630400836304000220002446E041200B
:10621000FBE704F56F43FF339BB2082BABD8A4F523
:106220008054013C082CA6D801A353F824F000BFE9
:10623000916204000F62040091620400776104001F
:1062400077610400776104007761040077610400DE
:106250007F63040042F24D039C4264D00AD842F2AC
:106260004B039C4200F08D8042F24C039C4282D151
:106270000520CAE742F25F039C427AD042F27403DF
:106280009C427FF478AF4978007802F065FD03E026
:106290000920BAE702F08EFC04460120318801F0A3
:1062A0004DF90546002856D0338842F21F0293422A
:1062B00000F2BC80B3F5005F65D841F20902934259
:1062C00000F2BD80B3F5805F00F2A48040F6014289
:1062D000934206D040F66342934202D0002B40F036
:1062E000AE802C70ABE002F0D7FCD5E711F8010BC3
:1062F00002F0DEFCD0E711F8010B02F003FDCBE762
:1063000014F009F8974BC3E9000101207DE714F070
:1063100002F8944BC3E90201F7E713F0FCFF914B3D
:10632000C3E90401F1E7CB78897801EB03214378D5
:10633000007800EB032009B200B202F023FDABE7C6
:1063400002F0B6FB874B00200021C3E90001C3E93E
:106350000201C3E9040101200EE70021007804F0E6
:10636000BDF899E78A7800784978002304F012F89C
:1063700092E7087803F09EFC8EE7042045E70720AB
:1063800043E7032041E7A3F50053013B1E2B56D8FA
:1063900001A252F823F000BFE3620400EB640400A2
:1063A000016504003F640400E36204003F640400EC
:1063B0003F6404003F6404003F6404003F64040041
:1063C0003F6404003F6404003F6404003F64040031
:1063D00071640400E3620400E3620400E362040009
:1063E0003F6404003F6404003F6404003F64040011
:1063F0003F640400656404003F6404003F640400DB
:106400003F6404000B650400E3620400E3620400DF
:1064100047650400A3F58053013B082B0FD8DFE844
:1064200003F02C47580E0E0E0E0E5F0042F24C0287
:10643000934276D007D842F24B0293426AD0681F4B
:1064400001F028F887E742F25F0293423FF449AF38
:1064500042F2740293423FF444AF42F24D0293423F
:10646000EDD13EE700F8014B08211CF0ABF9E6E75F
:10647000047002F00FFC6870E1E702AA0DF105015B
:106480000DF1060002F0E8FB2C709DF805206A7003
:10649000BDF808309DF80810A9701B0AEB702A712E
:1064A000BDF806206A71120AAA71E9712B72C6E75B
:1064B0004122002128F0DAF82A462B4B02F8014B42
:1064C00003F1400153F8040B42F8040B8B42F9D15D
:1064D000B5E700F8014B0022602313F020FFAEE780
:1064E00000F8014B02F05EFBA9E703F09FFB0646B4
:1064F00003F0A2FB6E70360A2C70AE70E8709EE757
:1065000000F8014B02F0BEFB99E700F8014B02F0E6
:10651000B1FB94E70146013001F8024B02F02EFC7A
:106520008DE702A90DF1060002F02AFC2C70BDF8DF
:1065300006306B709DF90730AB70BDF90830EB7019
:106540001B122B717BE7002302A8CDE9023303F075
:10655000CBFF2870BDF80A306B70BDF80A301B0AFB
:10656000AB706CE7682F01207130012073B506888D
:1065700042F20B02964204460B4606D042F20C024F
:10658000964229D0002002B070BD0A788DF8042010
:1065900089785A7802EB0122ADF800201979DA786F
:1065A00002EB0122ADF8022068465A799B798DF8FA
:1065B00005208DF8063002F015FC218805460120E3
:1065C00000F0BCFF30B12288B24208BF0570053828
:1065D00000F060FF0120D6E74978187802F054FCFB
:1065E000F8E700002DE9F0410388A3F50153013BD2
:1065F00086B005460C46092B00F2C880DFE803F0A0
:106600000550C660888B93A0ADB00878A278497811
:106610008DF80000E31C00248DF801108DF8022095
:1066200026464FF0060E42FA06F7FF0718D506AFCA
:106630000EFB047793F800C093F8028007F810CCA3
:1066400093F801C00CEB082C27F814CC93F80480C5
:1066500093F803C00CEB082C27F812CC0533013457
:106660000136082E01D0032CDDD101AB02F038FC3D
:1066700004460120298800F061FF0646F0B12B880E
:1066800042F2490293426ED842F24402934205D844
:1066900003F55F43BF339BB2012B68D8347066E0CB
:1066A0004A790B79C978207803EB0223A27802EBB0
:1066B00001229BB2617892B202F092FC012066E066
:1066C0004B788DF801308B788DF80230CB1C0A782E
:1066D0000193897A637A8DF8002003EB0123ADF8EA
:1066E0000830217BE37A920703EB0123ADF80A30EF
:1066F00004D5284B93F84D309B0607D5684602F029
:10670000BDFC01462846FFF701FDD7E73E21F9E72A
:1067100002F012FDACE74B78087800EB032080B262
:1067200002F026FDA4E70B46684613F8012B0193FF
:10673000CB798DF800208DF8083002F043FD97E703
:106740000B46684613F8012B0193CB798DF8002096
:106750008DF8083002F06CFD8AE702F093FD87E7C0
:106760000220002486E742F24A02934203D0701FBF
:1067700000F090FEA2E7002368468DF8003002F09A
:1067800097FD30709DF800307370F0E7002006B080
:10679000BDE8F0814C300120038873B50A4642F20F
:1067A0002E018B4206460ED842F226018B420ED9AC
:1067B000A3F50053273B072B09D8DFE803F00B278D
:1067C0002D430808303442F24E018B4233D0002072
:1067D00002B070BD114602F1170311F8010B073228
:1067E00004F0DEF904460120318800F0A7FE0546DA
:1067F000B0B3338842F22A02934238D025D8A3F5A9
:106800000053273B022B28D82C7026E0114611F8A4
:10681000010B04F0FBF9E5E704F022FAE2E7107857
:1068200004F086FADEE75378107800EB032080B29C
:1068300004F09EFAD6E71146D27911F8010B04F064
:10684000A5FACFE702200024CEE742F22E029342BF
:1068500008D842F22C029342D6D8681F00F01AFEE4
:106860000120B5E742F24E029342CDD0F5E7002475
:106870000DF107008DF8074004F010FA9DF807307D
:106880006B702870AC70E8E7F0B50388A3F500538F
:10689000063B89B00646042B6CD8DFE803F022568D
:1068A000031D510011F8010B02F08EFD044601207A
:1068B000318800F043FE0546002844D0338842F278
:1068C000070293424BD043D842F20602934244D08F
:1068D000681F00F0DFFD36E011F8010B02F096FDB5
:1068E000E4E74B780878D1F807708C78CDF817700A
:1068F00000EB0320CB78B1F80B700A798D79ADF8F5
:106900001B7004EB03244F7B4B79897B8DF81E10A1
:10691000A4B2CDE902710DF11701CDE9005180B2A9
:106920002146ADF81000ADF812408DF814208DF816
:1069300015308DF816508DF81D7002F0D7FCB5E7B4
:10694000087802F085FD012015E002200024AFE761
:10695000A3F50053083B012BBAD82C70B8E70023ED
:1069600004A88DF8103002F0AFFC28709DF81030AC
:106970006B70ADE7002009B0F0BDF0B50388A3F55A
:106980000053353B8DB006460C460B2B00F2FF80C2
:10699000DFE813F0100018006C0078008200D500CA
:1069A0000C00AA00AE00B100C900D000FF270220F1
:1069B000002546E011F8017B384602F095FD0546BA
:1069C00001203EE08A784B780F7803EB0223ADF884
:1069D0000C300A79CB7803EB02234A7903EB0243AC
:1069E0000493CA798B7903EB02230A7A03EB0243FF
:1069F00005934B7A8DF818308B7A8DF81930CB7A55
:106A00008DF81A3001F10C0307938B7C8DF8203040
:106A1000CB7C8DF821300B7D8DF822304B7D8DF8AD
:106A200023308B7D8DF82430CB7D8DF82530384692
:106A30000B7E8DF8263003A902F058FD05466076DE
:106A40000220318800F07AFD0446002838D03388CF
:106A5000A3F50053353B0B2B00F28B80DFE803F0EE
:106A600095729595957B8D95959595950B4613F813
:106A7000040B0093CB788A78497802F09FFD054695
:106A8000FF279DE70B4613F8040B0093CB788A7819
:106A9000497802F0AAFDF2E70878497803AB0629A5
:106AA0000F4604F102044FF000051A4628BF0627DE
:106AB000AF4204F1040403F1060303D802F0ACFD75
:106AC000012065E014F8046C14F802CC03F8066C9D
:106AD00014F8036C06EB0C2623F8046C14F8016C14
:106AE00003F8026C0135E3E7087802F049FEC6E7D7
:106AF00002F052FEC3E78A784B780F7803EB02234B
:106B0000ADF80C300A79CB7803EB0223ADF80E30E8
:106B10008A794B79384603EB022303A9ADF810308C
:106B200002F044FE4BE78A782078CB1C497802F0CB
:106B300057FEA4E74978207802F06EFEC0E7FF27F1
:106B4000032035E703A9384602F034FD25709DF88F
:106B50000C3063700DE01F2303A8ADF80C3002F079
:106B6000EBFD2070BDF80C306370BDF80C301B0AD3
:106B7000A370601F00F08EFCA2E7012303A88DF82C
:106B80000C3002F0EDFD2070E1E70570F1E7002028
:106B90000DB0F0BD4A780B7803EB02230380CA786E
:106BA0008B7803EB022343804A790B7903EB0223B2
:106BB0008380CA798B7903EB0223C3804A7A0B7AEC
:106BC00003EB02230381CA7A8B7A03EB022343810E
:106BD0000C2070472DE9F34107460E460188BDF8A9
:106BE00020501046984600F0A9FC0446002800F00A
:106BF0008C803A8842F222039A4215D842F21F034F
:106C00009A422CD841F205439A4272D042F21503BF
:106C10009A4274D040F62D439A4258D0601F02B079
:106C2000BDE8F04100F036BC42F22F039A422ED06C
:106C300007D842F223039A4216D042F224039A4222
:106C400007E042F25C039A4206D842F259039A42A4
:106C500005D8E3D12670E1E742F25D03EFE7267045
:106C600065702D0AA570D9E70DF1060101A802F0A3
:106C70009DFF2670BDF804306370BDF804301B0A18
:106C8000A370BDF80630E3701B0A2371C6E70DF14F
:106C9000060301AA0DF10201684602F0B5FF267055
:106CA000BDF800306370BDF800301B0AA370BDF85A
:106CB0000230E3701B0A2371BDF8043063711B0AB4
:106CC000A371BDF80630E3711B0A2372A6E7002307
:106CD00098F800108DF806300DF10602284602F0F3
:106CE000CFFD9DF9063065702D0A2070A570E37008
:106CF00094E70DF10601284602F0A4FDF1E7C11C5E
:106D0000284602F0E5FD2070AAE702B0BDE8F08158
:106D100030B5038842F22402934287B005464CD82E
:106D200042F21202934211D840F62D42934200F0F3
:106D3000A38037D840F2064293424FD040F21D4222
:106D4000934200F0C380002007B030BDA3F500538C
:106D5000133B112BF7D801A252F823F0F76D040072
:106D6000476D0400BD6E0400AD6E0400476D040065
:106D7000476D0400476D0400476D0400476D040033
:106D8000476D0400476D0400476D0400476D040023
:106D9000136E04003F6E0400536E0400DD6E0400A9
:106DA0008D6E040041F205429342CCD14B780C78B1
:106DB00004EB0324A4B2002365E042F22F029342C5
:106DC00000F0918042F26D029342BCD14B7808787A
:106DD00000EB032080B202F043FF07E04B78087815
:106DE000897800EB032080B202F096FD0146284628
:106DF000FFF78CF921E04B7811F8024B04EB0324E8
:106E0000A4B203A8FFF7C6FE03A9204602F0C0FD06
:106E1000ECE74B7811F8024B04EB0324A4B203A86F
:106E2000FFF7B8FE03A9204602F0F4FD0023032279
:106E3000014600942846FFF7CDFE012084E74B78F9
:106E40000C78897804EB0324A4B2204602F018FEE3
:106E5000ECE74B780C780A7904EB03244B7902EBCE
:106E60000322CB788978A4B201EB032192B289B2D4
:106E7000204602F059FED9E70B464A7813F8024B38
:106E800004EB0224A4B204220020D1E7CA788B7854
:106E9000087803EB02234A7800EB022099B280B213
:106EA000002402F08BFE23460122C1E74B780878CC
:106EB00000EB032080B203F087F897E74B780C785B
:106EC00004EB0324A4B200230822DDE74B78087802
:106ED00000EB032080B202F0FDFD87E7002423468B
:106EE00005222046A4E7002423460922F9E700BF33
:106EF0002DE9F047174E96F8283080460F46154684
:106F000093B9012386F82830C0F303294FEA112AE8
:106F10003DB140F2031013F07FF8013DEDB204469D
:106F200020B9002386F82830BDE8F08780F800807B
:106F300080F80190877080F803A096F829103A46EF
:106F40004B1C043086F8293027F090FB204602F0D5
:106F500079FEDDE7682F012070B5058842F20E0248
:106F6000954286B004460B462ED042F2140295425A
:106F70002DD042F20D0295423BD149781A7802EBAE
:106F80000122ADF80020D9789A7802EB0122ADF801
:106F900002201A798DF804205A798DF806209A1D5E
:106FA00003F10D01029203A81A7B8DF80520FFF76B
:106FB000F1FD03A9684602F0BFFE01462046FFF737
:106FC000A5F8012006B070BD02F010FFF9E70846F1
:106FD00001F0E0FE21880646012000F0AFFA00280B
:106FE000EFD02388AB4208BF0670053800F052FA94
:106FF000E7E706B0BDE87040FFF78ABE2DE9F04331
:10700000028842F243039A428DB005460C4649D1AC
:1070100018220DEB0200002127F028FB23788DF8C1
:107020000C3063788DF80D30A3788DF80E30E31CAA
:10703000627A049304F10A0300248DF81420264692
:1070400001AF4FF00C089DF814203241D20717D53C
:1070500058781A7802EB002227F82420D8789A78FA
:1070600007EB840102EB002203F1040906AB08FBE5
:1070700004304A804946FFF78DFD013409EB0003D7
:107080000136082E01D0022CDDD106AA01A903A8E1
:1070900002F0C8FE01462846FFF738F801200DB07F
:1070A000BDE8F0830DB0BDE8F043FFF755BF73B501
:1070B00000220092ADF80420028842F22B04A24282
:1070C000054607D042F22C04A2421FD0FFF764FB12
:1070D00002B070BD11F8010B6A4603F0E6FD298885
:1070E0000446072000F02AFA064668B12B88A3F56B
:1070F00000532B3B012B04D800F8014B694613F0D9
:10710000E9F8701F00F0C6F90120E1E711F8010B62
:107110006A4603F0EBFDE2E7028838B542F2190354
:107120009A42054603D0BDE8384000F015B8CB7A46
:107130008A7A087802EB03224B7800EB032092B2A4
:1071400001F10C0380B2023103F0E4FA0146284653
:10715000FEF7DCFF012038BD2DE9F341064642F27F
:1071600017023388934208461DD00BD840F67B4265
:10717000934246D040F67C4293424CD0002002B06D
:10718000BDE8F08142F21A0293422CD042F21B0277
:107190009342F3D14B780C7804EB0324A4B220463D
:1071A00003F042FB28E001F110084146002403F0FF
:1071B000FBFA27461120318800F0C0F9054680B15E
:1071C000338842F2170293423DD032D840F67B42D8
:1071D000934245D040F67C4293422FD0681F00F086
:1071E00059F90120CBE74B7811F8024B04EB03244B
:1071F000A4B2204603F0DEFA07464FF00008032051
:10720000D9E74B780C784FF0000804EB0324A4B2C4
:1072100005204746CFE74B780C7804EB0324CB7866
:107220008978A4B201EB032189B2204603F048FB20
:10723000E2E7A3F500531A3B012BCFD86C70240A68
:107240002F70AC70CAE70346414603F8017B08F192
:10725000100251F8040B43F8040B9142F9D1BDE739
:10726000002320460DF10601ADF8063003F00AFBBD
:10727000BDF80630EB706C701B0A240A2870AC70E5
:107280002B71ABE70388A3F50153193B73B5064691
:107290000C46042B5FD8DFE803F0030E2A394F00B9
:1072A0004B780878897800EB032080B203F026FB46
:1072B0000122002512E04B780D780A7905EB0325B1
:1072C0004B7902EB0322CB788978ADB201EB032135
:1072D00092B289B2284603F02AFB032201460095A8
:1072E00030460023FFF776FC012002B070BD4B78DA
:1072F0000D78227905EB0325CB788978ADB201EBC7
:10730000032189B2284603F024FBE6E74B780D7889
:107310008A7905EB03254B79097903EB0223E2789F
:10732000ADB202EB0122E17900919BB2A17892B259
:10733000284603F020FBD0E70B79CA78207802EBCF
:1073400003228B78497801EB032192B2637989B2E9
:1073500003F038FBACE70020C7E7F0B50388A3F5DE
:107360000053303B85B007460C46042B6BD8DFE852
:1073700003F0031D263C43004B780C7804EB0324F8
:10738000A4B205200026398800F0D8F8054650B38D
:107390003B8842F2310293423CD036D842F230026E
:1073A000934239D0681F00F075F81CE08A78207885
:1073B000497803F085FB064600240120E3E74B787B
:1073C00008788A7900EB03204B7903EB02239BB208
:1073D00000930B79CA78897880B203F093FB014659
:1073E0003846FEF793FE01202EE08A78207849780F
:1073F000002302F0D7FFDEE700250095CB788A78DE
:107400002078497802F0E2FED5E7A3F50053333B3C
:10741000012BC7D82E70C5E700230DF10F022046BF
:107420000DF10E018DF80E308DF80F3003F012FBC8
:107430009DF80E209DF80F306C70240A2870AC70F7
:10744000EA702B71AEE7002005B0F0BD10B5044620
:1074500042F226022388934208460FD042F25E028F
:1074600093420FD042F22502934211D103F0C0FCA7
:1074700001462046FEF74AFE012010BD203103F0F0
:10748000B9FCF5E791F84020203103F0E3FCEFE789
:107490000020F2E708B5024618B10648002112F0B4
:1074A000CAFD054B93F8240018B9BDE8084005F063
:1074B000C1B808BD603001204C30012038B5054608
:1074C000881C0C4612F0A8FD10B105704470023003
:1074D00038BD000070B5184E0446002556F8043B30
:1074E0007BB90135152DF9D1A578DDB1012D06D176
:1074F00001F034F904210E20FFF7E0FF38B9002035
:1075000004E0204698470028EBD0012070BD0323FB
:1075100043700C2305708370E378C3700238FFF763
:10752000B9FFF2E701211020FFF7C8FF0028E6D0DD
:10753000237900F8013BF1E7F42F012038B5054627
:1075400005300C4612F068FD48B10E230370C4707C
:1075500003350123240A457083700471053038BD5A
:10756000F8B58778022F054603D0042F68D0002095
:10757000F8BD827C3A4EFF2A336934D0580501D4D5
:107580000120F5E773689900FAD5364B96F8342058
:107590001B685B7B9A42F3D212213E20FFF78EFFDD
:1075A00004460028ECD00B23037001234370AB7A10
:1075B0008370EB7AC37005F10C01043012F08AFE7F
:1075C000AB7CA37205F1130104F10B0012F082FEF3
:1075D0006B7A637496F83430013386F83430A01E29
:1075E000FFF758FFCCE79A07C1D573689B00BED55B
:1075F0001C4B96F834201B685B7B9A42B7D2017A09
:107600000C31C9B23E20FFF759FF04460028AED026
:10761000012307704370AB7A8370EB7AC37005F176
:107620000C01043012F056FE2A7AA27204F10B0308
:107630006968184626F0F2FF2A7A697A8154C9E708
:1076400039460E20FFF73AFF044600288FD0012369
:1076500003700C23437020238370EB78C370BEE764
:10766000682F0120C03001200238FFF713BF00004F
:107670002DE9F04F83782DED028B173B83B0044644
:107680000E2B16D8DFE813F00F00B000C200150073
:10769000150015001500D800A701060115001500FA
:1076A00015001500BF01DFF8CC83D8F81030DF04D7
:1076B00001D400268EE0D8F804309E00F9D5878BDF
:1076C000DFF8B4A3D0F82090E522B7FBF2F302FB79
:1076D0001372002A18BF013398F8342052FA83F34A
:1076E000DAF80020527B9342E3DCDAF8003098F8B5
:1076F00034205B7B9A42DCD2E52FBB4628BF4FF09B
:10770000E50B5FFA8BF3E72003F11A06009312F002
:1077100083FCF6B205460028CBD04FF03E03037041
:10772000467098F834100131831CC9B2DAF80000B1
:1077300088F83410407B884208EE103AA7EB0B071C
:1077400050D1002F4ED0A188002741F04001A180E8
:107750003E46206AB4F81CC0A18809EB0B03181A36
:1077600060451CBF01F01F0141F020012971019308
:107770000D204FF00103090AEB70A8706971A1791F
:10778000A971E81DE11D12F0A5FD617B6973A17B64
:10779000A973E17BE973217C2974617C6974618A36
:1077A000A97494F91310E974217D297505F1150068
:1077B00004F1150112F08EFD009BEB765A46494606
:1077C00005F11C0026F02AFF18EE100AFFF74CFF07
:1077D000019B2FB9304603B0BDEC028BBDE8F08FA2
:1077E000994682E70126B4E704210E20FFF766FEE2
:1077F00000283FF45EAF422242700126202206702C
:107800008270E278C270FFF72FFFE3E7994B1A69A5
:10781000D5037FF54EAF5B689C007FF54AAF012131
:107820003E20FFF74BFE00283FF443AF11220270C9
:10783000FFF71AFF0126CDE78E4B1A6990047FF5FA
:1078400038AF5B6899007FF534AF10213E20FFF719
:1078500035FE054600283FF42CAF0E230370237934
:107860004370E3888370E3881B0AC370237A037133
:10787000637A437104F10A01063012F02BFD237C78
:107880002B73638A6B73638A1B0AAB73237DEB7361
:107890002846CDE7774D2B695A047FF50AAF6B6810
:1078A0009B007FF506AF4789DFF8CCA1C168F722BE
:1078B000B7FBF2F302FB1372002A18BF013395F8ED
:1078C000342052FA83F3DAF80020527B93423FF7D8
:1078D000F0AEDAF8003095F834205B7B01919A42E3
:1078E000BFF4E7AEF72FB94628BF4FF0F7095FFAAC
:1078F00089F202F10806F9200092F6B212F08CFB30
:1079000000283FF4D6AE3E230370467095F834C08D
:10791000DAF800600CF1010C5FFA8CFC85F834C0D9
:10792000767B831C6645DDE9002107EE903AA7EBE4
:1079300009084BD1B8F1000F48D002264FF00008DB
:1079400066724646E368B4F80AE001EB090BABEB5C
:10795000030CF4453CD194F809C0ACF1020EDEF101
:10796000000C4CEB0E0C4FEA4C0C4FF00F0E80F855
:1079700002E0B4F804E080F803E0B4F804E04FEA71
:107980001E2E80F804E094F806E080F805E094F8F4
:1079900007E080F806E094F808E080F807E080F857
:1079A00008C042723FB14A460A30CDED007A26F057
:1079B00035FEDDED007A17EE900AFFF755FEB8F1BF
:1079C000000F3FF407AF4746594682E70126B9E763
:1079D0004FF0010CC9E7274B1A6910047FF569AE17
:1079E0005B6899007FF565AE03213E20FFF766FDD9
:1079F00000283FF45EAE10220270A2884270A28876
:107A0000120A827014E71B4B1A6912027FF551AEFD
:107A10005B689B007FF54DAE14213E20FFF74EFDC5
:107A2000054600283FF445AE1823037023794370C0
:107A3000E3888370E3881B0AC37023890371238959
:107A40001B0A43716389837163891B0AC371237B9A
:107A50000372637B437204F10E010A3012F03AFCA8
:107A6000237D2B74E38A6B74E38A1B0AAB74237E39
:107A7000EB740DE7682F0120C030012038B5837802
:107A8000032B054601D0002038BD04210E20FFF74E
:107A900015FD0028F7D00A23437001242023047029
:107AA0008370EB78C3700238FFF7F4FC2046EBE7F5
:107AB00083781A3B70B50546032B0AD8DFE803F03C
:107AC000022A3A562F4B304E1B68327F9B7D9A42DA
:107AD00001D3002070BD33695803FAD5736899004B
:107AE000F7D509213E20FFF7E9FC04460028F0D035
:107AF000132303702B7943706B798370A91D0330B6
:107B000012F0E8FB337F01333377A01EFFF7C2FC8E
:107B10000120DFE704210E20FFF7D0FC04460028F7
:107B2000D7D001230370392363702023A3702B79EE
:107B3000E370EAE7144B1A699203CAD55B689B00AD
:107B4000C7D506213E20FFF7B9FC04460028C0D067
:107B5000122303702B7943706B798370EB88C370A9
:107B6000EB881B0A03712B7A4371CEE704210E20A8
:107B7000FFF7A4FC04460028ABD001230370402388
:107B8000D2E700BFC0300120682F012008B5C278BD
:107B9000837803EB0223074A116A01311162516AAB
:107BA00011FA83F3536212F043FA012002F056F8FF
:107BB000012008BD682F0120114B70B55D8D044672
:107BC0000E4685B905211320FFF778FCB8B1447043
:107BD0000123240A03708470C6700571BDE87040EB
:107BE0000238FFF757BCDA6A0132DA621A6B2A44AC
:107BF0001A630A462946BDE87040FFF779B970BD9F
:107C0000682F012010B502F027F8044610B90024AF
:107C1000204610BD044B9B7F002BF9D0FFF7B6FF29
:107C20000028F4D1F4E700BF682F012010B5094CFB
:107C3000A37F43B102F010F828B1A37F43B1BDE8A0
:107C40001040FFF7A3BFBDE81040002004F0F2BCD5
:107C500010BD00BF682F012038B58378122B054670
:107C600014D8042B1BD9053B0D2B18D8DFE813F0D3
:107C7000190057006C001700DF00C0001700170044
:107C80001700170017009300170000012E2B00F0BB
:107C90001B812F2B00F03D812D2B00F0F880002060
:107CA00038BDAA4B1A69D207F9D55B689B00F6D597
:107CB00013213E20FFF702FC04460028EFD00122EA
:107CC00002702B794370EB888370EB881B0AC370BA
:107CD0002B7A03716B7A991E914288BF637100F110
:107CE00006008EBF05F10A01627105F11D0112F057
:107CF000F1FA2B8A23732B8A1B0A63736B8AA37393
:107D00006B8A1B0AE373AB8A2374AB8A1B0A637406
:107D1000AB7DA374A01EFFF7BDFB0120C0E78B4B1A
:107D20001B68DC06BBD504210520FFF7C7FB044612
:107D30000028B4D02B790370EB884370EB881B0AC2
:107D400083702B7AC370E5E7804B1A695007A6D57C
:107D50005B689900A3D50A213E20FFF7AFFB0446DC
:107D600000289CD0032303702B794370EB88837029
:107D7000EB881B0AC3702B8903712B891B0A437183
:107D80006B8983716B891B0AC371AB890372AB89E1
:107D90001B0A4372BEE76D4B1A6992067FF57FAFEF
:107DA0005B689C007FF57BAF0B213E20FFF786FBD5
:107DB000044600283FF473AF06232370AB8863703A
:107DC000AB881B0AA370EB88E370EB881B0A237156
:107DD0002B8963712B891B0AA3716B89E3716B89F2
:107DE0001B0A2372AB896372AB891B0AA37291E7EA
:107DF000564B1A6910077FF552AF5B6899007FF503
:107E00004EAF0C213E20FFF759FB044600283FF4FB
:107E100046AF042303702B794370EB888370EB88A3
:107E20001B0AC370AB684360EB68836072E7474B23
:107E30001B681A057FF533AF08210C20FFF73EFBC6
:107E4000044600283FF42BAF2B790370EB88437076
:107E5000EB881B0A83702B7AC3706B8903716B8963
:107E60001B0A4371AB898371AB891B0AC37151E74C
:107E7000364B1B695B067FF512AF0B213E20FFF7E7
:107E80001DFB044600283FF40AAF072395E72F4B5C
:107E90001A6954007FF503AF5B6898007FF5FFAE69
:107EA00005213E20FFF70AFB044600283FF4F7AE09
:107EB0001F2303702B794370EB888370EB881B0AB8
:107EC000C3702B7A237125E7204B5A69D1077FF5C0
:107ED000E6AE5B689A007FF5E2AE09213E20FFF72F
:107EE000EDFA044600283FF4DAAE212303702B7923
:107EF0004370EB888370EB881B0AC3702B7A037185
:107F00006B7A4371AB7A8371EB7AC3712B7B03720B
:107F100000E70E4B1A69002ABFF6C1AE5B689B00F2
:107F20007FF5BDAE05213E20FFF7C8FA04460028C4
:107F30003FF4B5AE20230370AB884370AB881B0AB7
:107F40008370AB79C370EB79BCE700BF682F012069
:107F50008378212B10B5044601D0002010BD0D4BB5
:107F60001A691203F9D55B689B00F6D504213E20FF
:107F7000FFF7A4FA0028F0D014230370A3884370FD
:107F8000A3881B0A8370A379C3700238FFF782FAB3
:107F90000120E3E7682F012038B58378082B0446D9
:107FA00011D104210E20FFF789FA58B10E23437036
:107FB00001252023057083702379C3700238FFF7F1
:107FC00069FA284638BDBDE83840FFF745BE0000D5
:107FD00038B58378052B054601D0002038BD214BEC
:107FE0001A699205F9D55B689B00F6D51F213E20E2
:107FF000FFF764FA04460028EFD00A2303702B79B8
:108000004370EB888370EB881B0AC3702B7A037173
:108010006B7A437105F10A01063012F05BF905F144
:10802000170104F10C0012F055F905F11D0104F1DE
:10803000120012F04FF92B8A23762B8A1B0A6376E3
:108040006B8AA3766B8A1B0AE376AB8A2377AB8AAB
:108050001B0A6377AB7DA377A01EFFF71BFA0120F5
:10806000BCE700BF682F012000F000B883780B3B0D
:1080700010B50446062B09D8DFE803F0041E3008CB
:1080800008085500304B1B681B0601D4002010BDAA
:1080900004210820FFF712FA0028F7D02379037093
:1080A000E3884370E3881B0A8370237AC370023825
:1080B000FFF7F0F90120EAE7234B5B681804E5D5E8
:1080C00003213020FFF7FAF90028DFD0237903706D
:1080D000E3884370E3881B0A8370E8E71A4B1A6948
:1080E000D1061CD55B689A0019D50D213E20FFF7FB
:1080F000E5F9A0B105230370A3884370A3881B0A88
:108100008370D4F80630C0F80330D4F80A30C0F8D1
:108110000730E389C372E3891B0A0373C7E7A088AA
:1081200002F082FBB2E7084B9B681B02AED502212E
:108130005720FFF7C3F90028A8D0A3880370A388AD
:108140001B0A4370B3E700BF682F01208378162B0A
:1081500010B5044601D0002010BD0F4B1A6912055E
:10816000F9D55B689B00F6D506213E20FFF7A6F9FE
:108170000028F0D00C23037023794370E3888370C8
:10818000E3881B0AC370237A0371637A4371023850
:10819000FFF780F90120DFE7682F012038B58378E9
:1081A000132B04464FF0000503D0142B29D00020D8
:1081B00038BD214B1A691006F9D55B689900F6D5D0
:1081C00042213E20FFF77AF90028F0D008230370FF
:1081D0004570631D821C04F1250153F8045B42F8CD
:1081E000045B8B42F9D100F12202453453F8041BA1
:1081F00042F8041BA342F9D10238FFF74BF90120E2
:10820000D6E70D4B1A69D205D1D55B689B00CED558
:1082100022213E20FFF752F90028C8D0092303701D
:1082200023794370821C631D253453F8041B42F8E4
:10823000041BA342F9D1DFE7682F012010B50E4BD4
:108240000E4A0F490446002004F0E0F90D4804F0FE
:10825000EBF90D4B68221846002126F007FA382268
:1082600004700021094826F001FA094800F032FCA8
:10827000BDE8104000F072BAB986040051860400CF
:10828000F9850400458704004C300120682F012047
:10829000D5740400034B044A1A61044B044A1A6162
:1082A000704700BFA02F01206D650400F42F01204E
:1082B000617504000449054B0548064A48615A6146
:1082C00088619A61704700BFA02F0120F42F012020
:1082D000E565040071760400034A13681BB903497D
:1082E0001160034A13607047A02F012099670400B2
:1082F000F42F0120034B044ADA61044B044ADA618B
:10830000704700BFA02F012089680400F42F0120CE
:108310007D7A04000449054B0548064A08621A6242
:1083200048625A62704700BFA02F0120F42F01203D
:108330007B690400B17A040008B50849084800F0D8
:10834000FBFB084B5A6822B9074A5A60074B084A98
:108350005A60084B084A1A6008BD00BF2D7C040013
:10836000B97B0400A02F0120116D0400F42F01201F
:10837000597C0400B4300120057C0400014B024A02
:108380009A607047F42F0120517F040008B5074917
:10839000074800F0D1FB074B074A5A60074B084AD1
:1083A0005A60084B084A1A6008BD00BF2D7C0400C3
:1083B000B97B0400A02F0120596F0400F42F012085
:1083C000997F0400B4300120057C040008B50749FA
:1083D000074800F0B1FB074B074A5A60074B084AB1
:1083E0005A60084B084A1A6008BD00BF2D7C040083
:1083F000B97B0400A02F0120FD6F0400F42F0120A1
:10840000997F0400B4300120057C0400034B044A2A
:108410001A60044B044A1A60704700BFA02F012065
:10842000AF700400F42F0120D17F0400034B044AF5
:10843000DA60044B044ADA60704700BFA02F0120C5
:1084400019710400F42F012069800400044BDA68DC
:1084500022B9044ADA60044B044ADA60704700BF6C
:10846000A02F012059710400F42F01206D80040019
:10847000054B1B681B79092B05D9044B044A1A6369
:10848000044B00221A637047C0300120A02F012046
:1084900085720400F42F0120034B044ADA62044B76
:1084A000044ADA62704700BFA02F01205B7304000A
:1084B000F42F01204D810400034B044A9A62044BBF
:1084C000044A9A62704700BFA02F01204D74040037
:1084D000F42F01209D8104002DE9F74F80460020F4
:1084E00018F090FF054610B118F07EFF064618F010
:1084F000010F06D03A4C01A9204611F0B2FD002828
:1085000038D118F0020F08D0DFF8E4900DF1030124
:10851000484611F0A6FD044678BB18F0040F09D0B8
:10852000304B002083F8240004F084F82E4B9B6924
:1085300003B1984718F0080F0AD001211020FEF768
:10854000BDFF28B1284A527F00F80229FEF7A2FF9A
:108550006DB1002018F056FF48B118F045FF3146C4
:1085600003F0AAFF214B1A88824200D2188003B080
:10857000BDE8F08F01F066FBBDE76278237803EB7E
:108580000223ADF8043004F1030AA3788DF8063015
:10859000514601A8FDF7D0FDF0B9DFF858B0074605
:1085A0005BF8043B9BB90137152FF9D104210F204B
:1085B000FEF784FF80B1BDF8042082700121120A09
:1085C00001704170C2700238FEF764FF04E051464A
:1085D00001A898470028E6D0204611F029FD95E72C
:1085E000503001204C300120682F012048300120FC
:1085F00058300120A02F0120012838B50A46044632
:1086000016D0032808D0D8B9104D014605F10C004A
:1086100011F011FD022111E00C4C002104F11C00AD
:1086200011F009FD20781021BDE8384015F048BD53
:10863000064D0021281D11F0FEFC21462878F3E7A5
:10864000BDE83840084611F0F3BC00BF4C300120B3
:1086500010B50446012C084623D0022C1AD10B7801
:108660003E2B15D18B78132B12D801229A404AF653
:1086700004010A4206D1132B0AD10D4A137F013B94
:10868000137705E00A4A92F83430013B82F834301F
:1086900011F0CEFC074BBDE810401878042115F00E
:1086A0000FBD11F0C5FC204601F0D8FAF2E700BF7B
:1086B000682F01204C3001202DE9F3411E4F97F81F
:1086C000248006460D461446B8F1000F30D10DF156
:1086D000070107F1140011F0C4FC68B143780222CD
:1086E00002334FF0010887F8248032702B8020601D
:1086F000404602B0BDE8F081104B1B684BB1984773
:1087000038B18378C278043303EB02239BB203228F
:10871000E7E70B4B1B68002BEAD098470028E7D00F
:108720008378C278043303EB02239BB20122D8E79B
:108730004FF00008DCE700BF4C300120B8300120CA
:10874000B4300120034B5877034B0821187815F0FB
:10875000B7BC00BF682F01204C30012010B5094C78
:108760003022002104F1080025F080FF4FF0FF3295
:1087700041F6FF73C4E900231F220023C4E9042348
:1087800010BD00BF682F01208B4BC02230B583F88D
:108790002A20282283F83320022283F8342083F809
:1087A0005120012283F85220844A042183F83B108F
:1087B00050684CF21701D98747F68301A3F840109F
:1087C00018B393F82510B3F8464041F0200183F820
:1087D000251093F8271061F07F0183F8271093F894
:1087E0002F1041F0040183F82F10222183F8341058
:1087F000B72183F8401093F8481044F4F87441F01E
:108800000801A3F8464083F84810116929B10028EF
:1088100040F0C480CC2183F83F10D16941B1F721E9
:1088200083F83E1093F83F1041F0030183F83F10A6
:10883000D16879B170B193F8401041F0400183F8EC
:1088400040107F2183F8411093F8451041F030012A
:1088500083F845101168D1B193F8474044F078018E
:1088600083F8471093F8481041F0060583F8485004
:1088700093F84C5045F0040583F84C5038B164F03F
:10888000070441F0070183F8474083F84810916AD4
:1088900029B193F8471041F0060183F84710D16AD7
:1088A00029B1B3F8481041F4F871A3F84810116ADF
:1088B00089B193F8491061F0010183F8491093F8E8
:1088C0004A1041F0030183F84A1093F84C1041F02C
:1088D000030183F84C10516939B193F84A1000280C
:1088E00066D141F0600183F84A10516A29B193F8CA
:1088F0004A1041F01C0183F84A109169002914BF05
:10890000FF21802183F84B10116B59B193F84D1062
:1089100061F01F0183F84D1093F84E1041F00301F0
:1089200083F84E10516B29B1B3F84E1041F4F06149
:10893000A3F84E10916B29B193F84F1041F0180134
:1089400083F84F10D16B29B193F8501041F0030117
:1089500083F85010116C29B193F84F1061F01F018A
:1089600083F84F10516C81B193F84E1041F06001C3
:1089700083F84E1093F8501061F01F0183F85010E7
:108980001F2183F8511083F85210926C2AB193F88A
:10899000512042F00F0283F8512030BDFC2183F8B2
:1089A0003F1093F8401041F0080183F8401034E77D
:1089B00061F01F0197E700BF4C300120A02F01207C
:1089C000014B1860704700BFC030012038B51C4C07
:1089D0002073F3F745FE1B4B1B481A6813881D0ACA
:1089E0001B061843C4E90C05184B002183F8381006
:1089F000196019719971197292F8311092F830302A
:108A0000003918BF0121003B18BF01231B0243EAB4
:108A1000C123216A0B4392F8321092F833200039B7
:108A200018BF0121003A43EA412318BF012243EA5B
:108A30008223236202F0E2FABDE8384001F054BE1E
:108A400038310120C030012056341200F8300120A6
:108A50002DE9F041074600200E4618F0D3FC0546EC
:108A600010B118F0C1FC804657B1002447FA04F356
:108A7000DB0702D5E0B2F3F79DFE01340B2CF5D1F4
:108A800016B13046F3F752FE6DB1002018F0BAFC73
:108A900048B118F0A9FC414603F00EFD034B1A88BB
:108AA000824238BF1880BDE8F08100BFBC30012091
:108AB00008B5042011F0B0FA014640B1FF2343800D
:108AC0000380034B187BBDE8084011F0BABA08BD1B
:108AD00038310120014B1860704700BF3831012048
:108AE00008B502F0F1FBBDE80840F4F749B9F4F726
:108AF000B9BD08B502F0E8FBF4F784FDF4F79AFE7F
:108B0000F4F7BAFEBDE80840F4F7D2BE08B502F0AB
:108B1000FFFBBDE80840F5F7DDBBF5F7D9BF08B5A9
:108B200002F0F6FBF5F798FFBDE80840F6F7A2BEA5
:108B3000F7F716BDF6F7A2BF014BC3E90101704775
:108B40003831012008B502F0A3FBBDE80840F8F772
:108B5000ABBC08B502F09CFBBDE80840F8F704BDCB
:108B6000F8F778BEF9F7CAB8F9F73AB9F9F7EAB9F8
:108B700008B502F0B7FBBDE80840F9F777BA08B5C9
:108B800002F0BAFBBDE80840F9F754BCF9F76CBC39
:108B900008B511F0D3FB024BC3E90C0108BD00BFBF
:108BA00038310120024BD3E90C2311F0CDBB00BFBB
:108BB00038310120F8B5244D6B7806462BB1234B94
:108BC0005B7CDA0701D50C20F8BDEB787BB1F4F7BC
:108BD00077F904460028F6D11D4F3B683BB13B684E
:108BE000E0B298470028EED10134032CF7D12B795D
:108BF0007BB1F8F741FE04460028E4D1154F3B68ED
:108C00003BB13B68E0B298470028DCD10134032C2B
:108C1000F7D1304611F092FB01F44043B3F5404FD9
:108C200006460C4601D00B040CD415F03DFA012386
:108C3000EB7340F20113C5E906642B8215F036FA96
:108C40000020C1E71220BFE7F8300120D031012019
:108C5000C8300120C4300120054B30B51C68258880
:108C60000580207908701B685B88138030BD00BFC9
:108C7000C0300120024BD3E90E2311F050BB00BFDE
:108C800038310120024BD3E9082311F048BB00BF63
:108C9000F8300120ECF76ABC10B5044B9C791CB984
:108CA000ECF76AFC204610BD0C24FBE7F8300120ED
:108CB00038B5124B1B681B79082B0546084603D8AC
:108CC000012D05D912240AE0AB1EDBB2FC2BF9D929
:108CD0000B4B9C7984B9FF2D03D1ECF7A1FC204606
:108CE00038BD11F02BFB02460B462846ECF74EFC34
:108CF000002808BF0724F2E70C24F0E7C030012069
:108D0000F830012038B5124B1B681B79082B04463C
:108D1000084603D8012C05D912250AE0A31EDBB2B0
:108D2000FC2BF9D90B4B9D797DB9FF2C03D1ECF7C6
:108D30007DFC284638BD11F001FB02460B4620465B
:108D4000ECF744FC0028F4D1E6E70C25F1E700BF7E
:108D5000C0300120F8300120202808D1064A1078C0
:108D600038B9536A23F00103194351627047112047
:108D700070470C20704700BFF830012019F0B6BAD8
:108D800019F0BABA08B519F0C5FA00280CBF1220BC
:108D9000002008BD37B543788278017912041B02A0
:108DA0009B1802782CBF012500259B18C2784FEA3A
:108DB000026245F100059C1841EB05012046019136
:108DC00002F0B4F8012809D9019911F4787F05D18E
:108DD000204603B0BDE83040F3F744BD122003B095
:108DE00030BD00002DE9F041254D2B6A1A0654BF15
:108DF000012603265B0654BF01270327804602F0A5
:108E000061F9C0B3EC782B791C4334D1B8F8002059
:108E1000B2F5804F31D8B8F802309A422DD3032BE7
:108E20002BD998F80430012B27D898F80530BB428D
:108E300023D898F80630B3421FD80C2011F0ECF874
:108E40000146A8B140F202434380B8F80030838065
:108E5000B8F80230C38098F80430037298F80530EF
:108E6000437298F806308372064B187B11F0E9F8CC
:108E70002046BDE8F0810C24FAE71224F8E700BF91
:108E8000F83001203831012038B504460D4602F093
:108E900019F920B90C20BDE8384002F08AB8012C3D
:108EA00006D10D4B587902F0F5F808B91220F2E717
:108EB000062011F0B1F8014660B10223002C837046
:108EC00018BF0123C370054B0571187BBDE83840FE
:108ED00011F0B7B838BD00BF9431012038310120FE
:108EE0002DE9F84FDFF8F4901E46D9F82030884677
:108EF000190654BF4FF0010A4FF0030A15465A06EF
:108F000054BF4FF0010B4FF0030B074602F0E6F899
:108F100048B399F8034099F804301C4323D1BB456A
:108F200017D3C24515D315F0FA0F12D115F0040A64
:108F300003D0D9F820301B0517D515F0010548D00E
:108F4000738832889A4204D3032B02D93379012BD8
:108F50000DD912243AE00020F4F7DEFB002522E0D0
:108F6000F4F7DAFB30E00C2430E011242EE0BAF103
:108F7000000F0ED0012306225343F218F35A5188F2
:108F80008B42E6D30329E4D91379012BE1D8002DD4
:108F9000E1D00020F4F7B6FB3346424639460020C4
:108FA000F4F7C6FB01250220BAF1000FD8D0F4F780
:108FB000A9FB062303FB0563424639460220F4F76A
:108FC000B7FB05F1010A554689F80C502046BDE86B
:108FD000F88FBAF1000FBED02B46CCE7F830012055
:108FE0002DE9F041234E0F460A2101FB02F54FF413
:108FF000A06202FB03F4337B737300238046B373D8
:1090000002F06CF830B9012373730C20BDE8F04115
:1090100002F08CB8B8F1010F10D1022F03D901234F
:1090200073731220F2E706D1002CF8D0002DF6D091
:10903000A54203D3F3E70CB1002DF9D1F4F744FBBB
:109040000028ECD0102010F0E7FF014680B1072384
:10905000B8F1000F8370C0E9025414BF012302234A
:10906000C370054B0771BDE8F041187B10F0E9BFF4
:10907000BDE8F081F83001203831012070B5044698
:1090800002F02CF810B90C25284670BDA378012BEE
:1090900049D863780F2B46D82389B3F5FA7F42D29B
:1090A000237813F0FC0F3ED163890A3B9BB243F651
:1090B000F672934237D8F4F797FB0028E3D0606844
:1090C0006578A67811F03AF902460B4628463146F3
:1090D000F4F792FB054640BBF4F75CFE022826D865
:1090E000182010F099FF06460028CDD040F20B134F
:1090F0004380606811F022F9C6E90201A378F37198
:109100006378B371237803F00102C3F34003327133
:1091100073712389338263897382064B3146187BCE
:1091200010F08FFFB0E71225AEE70B25ACE707255F
:10913000AAE700BF3831012008B501F0CFFF08B918
:109140000C2008BDF3F7E2FE0028F9D0382010F01B
:1091500063FF0028F5D040F20B234380034B014608
:10916000187B10F06EFF0020EBE700BF38310120C4
:1091700038B5054601F0B2FF10B90C24204638BDC1
:10918000B5F5706F17D22846F4F716FEA8B1F3F7BD
:10919000BDFE04460028F0D1382010F03DFF014606
:1091A0000028EBD040F20D234380054B0580187B4F
:1091B00010F047FFE2E71224E0E74224DEE700BFB9
:1091C0003831012030B585B0044601F087FF18B969
:1091D0000C25284605B030BD144BDB79002BF7D1A8
:1091E0002378012B01D91225F3E7237A0F2BFAD824
:1091F000F3F78CFE0028EBD1606811F09FF80B4666
:10920000217A009102462078CDE90232EBF710FE78
:1092100005460028E7D1217A20780091DDE9023265
:10922000EBF734FE002808BF0725D2E7F83001200D
:1092300037B5054601F052FF18B90C24204603B09B
:1092400030BD0F4BDB79002BF7D12B78012B15D8D4
:109250002B7A0F2B12D8F3F759FE04460028ECD1D5
:10926000686811F06BF80B46297A0091024628785D
:10927000EBF72AFE002808BF4224DFE71224DDE7CF
:10928000F830012010B501F029FF10B90C24204658
:1092900010BD064BDB79002BF8D1F3F737FE0446FF
:1092A0000028F3D1EBF7ECFDF1E700BFF830012027
:1092B00010B5044601F012FF20B1EBF7DBFD207082
:1092C000002010BD0C20FCE710B5044601F0FAFEAA
:1092D00040B1054B002193F9280019F025F82070C2
:1092E000002010BD0C20FCE7F83001202DE9F74FDD
:1092F000334C9DF838909DF83CB098469DF830303E
:109300000193236A5B0654BF0125032507468A465D
:10931000164601F0D7FE70B1647864B9012E0CD006
:109320001F2F06D9574504D8BAF5804F01D8042E0F
:1093300006D9122440E00C243EE04545F9D306E06E
:109340004545F6D3042E02D018F0020F05D00D9B30
:10935000002BEED0019B012BEBD819F0F80FE8D1D0
:10936000B9F1000FE5D0012E04D0042E02D0BBF1DC
:10937000030FDED8282010F04FFE0546E0B140F282
:109380000453438040F271235F4303FB0AF3C3603D
:10939000019B83748760067480F8118080F82090A8
:1093A00080F821B00D9810F0C9FF064BC5E9060101
:1093B000187B294610F045FE204603B0BDE8F08F2B
:1093C000F83001203831012038B504460D4601F04F
:1093D00079FE90B11F2C12D814F066FE2246294661
:1093E000084825F01BF9084B012283F8474083F811
:1093F000482014F05BFE002038BD0C20FCE7122052
:10940000FAE700BFF8310120D031012038B5044619
:109410000D4601F057FE90B11F2C12D814F044FEF7
:1094200022462946084825F0F9F8084B012283F81E
:10943000684083F8692014F039FE002038BD0C2004
:10944000FCE71220FAE700BF19320120D0310120D9
:1094500038B5054601F036FE20B90C20BDE838408D
:1094600001F098BD1C4C237C012B01D9042B06D1A3
:109470001A4B1B4A1B6812789B7E9A42EDD0012D35
:109480001CD1607C01F006FEC0B9237C032B13D1F4
:10949000D4E90623A07CECF724F868B1042010F08E
:1094A000BBFD014640B14FF4827343800D4B187BE6
:1094B000BDE8384010F0C5BD1220CFE7042010F001
:1094C000ABFD014638B10423002D837014BF012386
:1094D0000223C370EAE738BDD0310120C03001203B
:1094E000F830012038310120F5F7B2BBF8B5064657
:1094F0000D4602F0BBFF044601F0F0FD00284ED0FF
:10950000EF2E4ED8D5E90170B84227D32A881D2AFC
:1095100016D01F2F22D91F2820D9244963080133D0
:10952000A3FB01319B0F43EA8103BB4227D3834254
:1095300025D322F07F038BB902F01303032B0DD048
:1095400012F0100102D012F0600F07D1940601D57D
:10955000900703D1AB7D19B1012B09D012201FE078
:1095600003F0FD02012AF9D12A7E013A022AF5D838
:109570002A7E022A05D10E4A126AD20513D411207E
:109580000EE0032B01D0032A03D1094B1B6A1B05F4
:10959000F5D529463046BDE8F840F5F715BC0C2056
:1095A000F8BD3020FCE7032BEEE700BFE3361A00DE
:1095B000F830012081230B70F5F71CBB30B585B066
:1095C000CDE90221089D0193044601F087FD48B1D1
:1095D000DDE9013203990895204605B0BDE8304029
:1095E000F5F7CEBC0C2005B030BD30B585B0CDE967
:1095F0000221089D0193044601F070FD48B1DDE9A8
:10960000013203990895204605B0BDE83040F5F7D2
:1096100031BE0C2005B030BD2DE9F347444EB37A7E
:1096200007460C4615461BB10C21002001F0E6FD53
:109630000023F37201F052FD38B90123B3720C21FB
:1096400002B0BDE8F04701F0D9BD062C33D804B90B
:109650008FBBA9464FF0000A544531D8002C45D0A5
:10966000002FDFF8D0A014BF4FF001084FF0020820
:1096700000274FF008090C2010F0CEFC014690B1F5
:109680002B78038080F8029080F803806B880A2290
:10969000534343602B790372B37A9AF80C00013379
:1096A000B37210F0CEFC0137BC4205F10605E2D8DA
:1096B00002B0BDE8F0870123B37212210020BFE79A
:1096C00099F80000C846F5F761FA30B949463846BE
:1096D000F5F744FA09F1060928B10123B3720146EE
:1096E00098F80000ACE70AF1010AB5E76846009473
:1096F000ADF80440F5F78EFADFF8388005464FF4F0
:109700000277A542D4D90C2010F086FC014668B13E
:109710001DF8043003800023478043600372B37A4E
:1097200098F80C000133B37210F08BFC0134E8E7B9
:10973000F83001203831012010B5044601F0CEFC8C
:1097400050B1064B1B68DB8940F27262934228BF1E
:1097500013462380002010BD0C20FCE7C030012000
:1097600010B5044601F0BAFC28B1044B1B681B7B02
:109770002370002010BD0C20FCE700BFC03001208A
:1097800010B5044601F0AAFC20B12046BDE8104007
:10979000F5F7B4BD0C2010BD08B501F09FFC18B161
:1097A000BDE80840F5F7C6BD0C2008BD38B5054634
:1097B0000C4601F093FC68B1EF2D0DD82388628828
:1097C0009A420BD3052B09D921462846BDE83840DB
:1097D000F5F714BC0C2038BD3020FCE71220FAE766
:1097E00037B50446CDE900320D4601F077FC60B193
:1097F000EF2C0DD8032D0DD8DDE900322946204687
:1098000003B0BDE83040F5F735BC0C2003B030BDE7
:109810003020FBE71220F9E738B505460C4601F089
:109820005DFC28B90C212046BDE8384001F01DBD83
:10983000EF2C01D93021F6E729462046BDE8384013
:10984000F5F7E8BC38B504460D4614F02DFC0B4B7B
:109850001B689B7EA34206D87F200224287014F048
:1098600025FC204638BD2046F6F78EFB0028F3D0B5
:109870002046F6F7A5FB0024F0E700BFC03001202A
:1098800070B505460C46164614F00EFC0F4B1B68CF
:109890009B7EAB4207D86FF01D000224307014F09D
:1098A00005FC204670BD2846F6F76EFB0028F2D076
:1098B000012C04D83CB92846F6F78EFBEEE76FF092
:1098C0001D001224EAE714200024E7E7C03001203D
:1098D00038B505460C4614F0E7FB0E4B1B689B7E23
:1098E000AB4204D8022414F0E1FB204638BD2846E0
:1098F000F6F74AFB0028F5D02846F6F779FB030A6D
:1099000020706370030C000EA370E07021710024BE
:10991000E9E700BFC030012070B51B4E33689A7E66
:1099200093F829301344984204460D4601DB022087
:1099300070BD824218D9F6F727FB0028F7D03368AC
:109940009B7EA34210D9062010F066FB014608B9A1
:109950000020EDE7048041F201734B800B4B0D7149
:10996000187B10F06EFBF3E72046F6F717FB48B1C3
:10997000062010F051FB01460028E9D0048041F296
:109980000F73EAE70C20D3E7C03001203831012003
:1099900070B51D4B1B689B7E834206460D4602D860
:1099A0000224204670BDF6F7EFFA0028F8D0152102
:1099B0003046F6F7B5F8012801D10C24F1E730461E
:1099C000F6F7F4FA012803D1104B1B6A9B07F4D574
:1099D0002846F6F77BF804460028E2D1102010F064
:1099E0001BFB01460028DCD041F2015343802B6869
:1099F00043606B688360AB68C360054B0680187B6F
:109A000010F01FFBCDE700BFC0300120F83001206F
:109A10003831012070B5184B1B689B7E8342064687
:109A20000D4602D80224204670BDF6F7ADFA002894
:109A3000F8D001213046F6F70BFBD0B12846F6F7F7
:109A400045F804460028EED1102010F0E5FA014652
:109A50000028E8D041F6015343802B6843606B68CF
:109A60008360AB68C360054B0680187B10F0E9FA91
:109A7000D9E70C24D7E700BFC030012038310120DE
:109A800038B5124B1B689B7E834204460D4601D8B5
:109A9000022038BDF6F778FA0028F9D001212046D7
:109AA000F6F7D6FA80B1062010F0B6FA0028F0D00A
:109AB00041F601634380064B048005710146187B23
:109AC00010F0BFFA0020E4E70C20E2E7C0300120EC
:109AD0003831012010B5124B1B689B7E834204462F
:109AE00001D8022010BDF6F74FFA0028F9D01C214A
:109AF0002046F6F715F801280FD0042010F08CFA54
:109B000001460028EED041F601434380054B048016
:109B1000187B10F096FA0020E4E70C20E2E700BF83
:109B2000C030012038310120F8B51E4F3B689B7EC4
:109B3000834205460E46144601D80220F8BDF6F7CA
:109B400023FA0028F9D01F212846F5F7E9FF01285C
:109B500023D0A6F11B03E02B21D8B4F5A47F1ED39C
:109B60003B681B79082B14D8B4F5056F17D808206B
:109B700010F052FA0028E1D041F6017343800A4BFD
:109B800005808680C4800146187B10F05AFA0020B8
:109B9000D4E744F290239C42E8E70C20CEE7122061
:109BA000CCE700BFC030012038310120024B5A8879
:109BB00002809B880B80704778310120A0F11B0345
:109BC000E02B19D8B1F5A47F16D30D4B1B681A7979
:109BD000082A0DD8B1F5056F0ED8DB8BFB2B28BFFB
:109BE000FB2383420AD3074B58809980002070479B
:109BF00044F290229142EFE73020704711207047E5
:109C0000C03001207831012010B5074C2468E48B66
:109C1000FB2C28BFFB2404800E34E4000C80008859
:109C200010800A881A8010BDC0300120014B1B68CB
:109C3000D88B7047C0300120014B1B68D87E70471D
:109C4000C0300120034B1B780BB910F0F1B9F6F7C7
:109C50000BB900BF78310120F6F776B9F6F792B963
:109C600010B5124B1B689B7E8342044601D802202C
:109C700010BDF6F789F90028F9D02046F6F7C4F9A7
:109C8000430111D5062010F0C7F901460028EFD096
:109C900042F20133438002230371054B0480187B99
:109CA00010F0CFF90020E3E71A20E1E7C0300120EF
:109CB0003831012001282DE9F843054634D8F6F75C
:109CC0006DFB044638B9194A012D92F8383010D08E
:109CD000013382F83830DFF85880DFF858900027D9
:109CE000D8F800309B7EBEB2B34204D82046BDE80F
:109CF000F883013BEDE73046F6F746F990B1304680
:109D0000F6F782F943010DD5062010F085F90146DA
:109D100040B142F2013306804380057199F80C008E
:109D200010F08FF90137DBE71224DFE7F83001206C
:109D3000C030012038310120F8B52A4B1B6A5B0680
:109D400054BF0125032504460F4601F0BBF9002846
:109D500045D02288B2F5804F02D912263046F8BD90
:109D600063889A42F9D3032BF7D92379012BF4D8CE
:109D700013B9A379AB42F0D86379AB42EDD838463A
:109D8000F5F7A4FE06460028E7D1607901F082F9D4
:109D90000028E2D0282010F03FF905460028DDD049
:109DA00040F2031343807968031D386803C3B86821
:109DB000186023882B8263886B8263796B752379A3
:109DC000AB75A37985F82030A06810F0B7FA064B80
:109DD000C5E90601187B294610F033F9BEE70C26C9
:109DE000BCE700BFF83001203831012008B504205D
:109DF00010F012F9014678B1084B93F82B30002B84
:109E000014BF0923032383700223C370044B187B00
:109E1000BDE8084010F015B908BD00BFF8300120BA
:109E2000383101202DE9F74F04468946007ADFF8E2
:109E300094810021164601F079F8D8F820A0054653
:109E400001F04CF9002800F0B78098F80470002F5A
:109E500040F0B280227A12F0F80F04D01227384670
:109E600003B0BDE8F08F002AF8D04FEADA134FEACA
:109E70005A2A03F002030AF0040A43EA0A0343F0F1
:109E800001039A4340F09A80D8F8203060785B064E
:109E900054BF012303239842E0D8A2789A42DDD828
:109EA0002378012BDAD801F0F5F80028D6D009F193
:109EB000020B4FF0000A55454FF00C0251D84FF0FD
:109EC000000A88F80CA0257A15F001055FD05046ED
:109ED000F7F736FF98F80C303246013349465046C2
:109EE00088F80C30F7F742FF0125217A11F00201C2
:109EF00056D00C2202FB056200210120F7F736FF45
:109F00000135217A11F004014FD00220F7F718FF34
:109F100098F80C300C22013388F80C3002FB0562F3
:109F200009EB85010220F7F721FF182010F074F8E3
:109F30000546002893D040F209134380237803712B
:109F400063784371A3788371606810F0F7F9C5E90D
:109F50000201237A2B741A4B2946187B10F071F8F2
:109F60007DE702FB0A60F5F7B1FD00287FF476AFCC
:109F7000BBF800303BF8021C9942FFF46FAF032B93
:109F80000BF1040B7FF66AAF0AF1010A93E728464A
:109F9000F7F7E0FE324629462846F7F7E7FEA4E742
:109FA00032460120F7F7E2FEABE702200191F7F716
:109FB000D1FE01993246B5E70C2750E711274EE74D
:109FC00038310120F830012010B51B210446F5F787
:109FD000A7FD01281BD00F4B1B689B7EA34201D815
:109FE000022010BD2046F5F7CFFF0028F8D004204E
:109FF00010F012F801460028F3D041F601334380F7
:10A00000054B0480187B10F01CF80020E9E70C20B9
:10A01000E7E700BFC030012038310120022916D007
:10A02000032917D10530012A0BBF0001800100F57B
:10A03000BF7000F5C870094B00F26930A0FB030344
:10A04000800F40EA830040F27123584370470B3081
:10A050008000F0E70A30C000EDE700BFE3361A00E9
:10A06000194B806A9A8870B501325C8892B29A80E6
:10A070000CB1A24225D221BB1C78012C1FD19D7BA3
:10A08000427895421BD1426E5E7B1578AE4216D166
:10A090001D7B5278954212D1DD7B027B95420ED119
:10A0A000DA69996904FA02F5013202F01F02DA61F5
:10A0B000064A074B0D4218BF1346836021460846E7
:10A0C00070BD0021FBE700BFD4300120555555007D
:10A0D000AAAAAA000F4B29B1042914D05A89013227
:10A0E0005A8102E0DA880132DA80598831B1188960
:10A0F000DA88024458890244914208D91878831EAC
:10A100005842584170471A8901321A81EDE7002000
:10A11000704700BFD43001200346104610B400F849
:10A12000021B5370072923D8DFE801F02D040A220F
:10A130000D1013161A460F215DF8044B24F096BA41
:10A140001A465521F8E71A46FF21F5E71A4600217D
:10A15000F2E71A46F021EFE71A46AA21ECE700F8E9
:10A16000012B0924013C06D1013BDBB2FF2BF6D1C8
:10A170005DF8044B704782EA1211090201F4807104
:10A1800041EA5202EEE740F2FF12EDE708B5054B57
:10A1900020220021184624F069FA4FF0FF32826134
:10A1A00008BD00BFD430012050B10B2802D80138BF
:10A1B000C0B270470C2805D0262805D80238F7E72A
:10A1C0002520704726207047272070472DE9F74F3C
:10A1D000694C019117462278012A82461D460FD804
:10A1E000DFF8AC81D8F8003053B998F804603EB974
:10A1F000012A09D1032F637B04D1032B00F0B9801E
:10A200000C2627E0032BFBD0BAF1270F00F2AF801A
:10A21000072F00F2AC806B1E032B00F2A880022DEA
:10A220001CD0EB1E012B05D8D8F8203013F4006F9A
:10A2300000F09B8012B9514B62605A60032F12D11B
:10A24000012538462570677302F066F888F80850D3
:10A2500000F0F0FE304603B0BDE8F08FD8F82030B3
:10A2600013F4807FE4E713F01FFF5046FFF79CFFD5
:10A27000032D05D0042D24D0022D25D1002300E08C
:10A280000223019A23824FF0000A4FF0FF33C4E902
:10A29000063A22736773A073E57313F007FF237800
:10A2A000012BD7D02C200FF067FE814638B1C0209B
:10A2B0000FF062FE054648B948460FF07FFE1F26A4
:10A2C000C8E703250123DCE70125D7E751462C2207
:10A2D000484624F0CBF95146C022284624F0C6F95E
:10A2E000BDF8302062804FF0020B254AC9F81820D3
:10A2F000C9F8285089F815B085F800A0A27B6A70CB
:10A30000204B214A21482866C5E9013298F82820C7
:10A31000AA70E17B6973227C297340F2011AAA7347
:10A32000207BA5F868A0FFF779FEA5F86A005046E3
:10A330000FF022FE0246686618B928460FF03EFE6E
:10A34000BAE701983946FFF7E7FEB5F86A2062617F
:10A350000122227088F8082000F06CFE584601F0B7
:10A36000DBFF484602F062FA74E7112672E73026F6
:10A3700070E727284DE700BFD4300120D8300120F6
:10A3800041A50400294176715555550061A004008E
:10A39000F830012007B500930123FFF717FF03B042
:10A3A0005DF804FB2DE9F84FDFF828819B46D8F8CB
:10A3B000003082460E46002B7CD1DFF81C9198F8C5
:10A3C000043099F800501D4374D1272874D84B1ECF
:10A3D000022B71D8012A6FD8022910D0032915D079
:10A3E0002C200FF0C9FD074638B1C0200FF0C4FD86
:10A3F000044680B938460FF0E1FD1F2557E0D8F834
:10A40000203013F4807FEBD1112550E0D8F82030B4
:10A4100013F4006FF7E72C220021384624F026F9C8
:10A42000C0220021204624F021F95046FFF7BCFE4F
:10A43000022E02D0032E18BF0126204BBB61204AFA
:10A44000204BBC624FF0020A87F815A0A9F802B0B1
:10A45000C4E901234FF0010B1B4B607084F800B07E
:10A460001B6866732673DB8D4FF47A725343236641
:10A4700040F20110154BA4F86C0063660FF07CFDF0
:10A48000A06618B920460FF099FDB3E789F800A03F
:10A4900088F808B000F0CEFD0D4A0023C9F804305A
:10A4A0005046536001F038FF384602F0BFF92846A5
:10A4B000BDE8F88F0C25FAE73025F8E721A604005F
:10A4C0002941767155555500C0300120D5A00400B2
:10A4D000D8300120F8300120D43001200B46002272
:10A4E0000121FFF75FBF000038B5124D2B78012B1B
:10A4F00004460CD1687B03280DD101F023FF0E4BDD
:10A5000000242C701C7200F09DFD204638BD022BEB
:10A510000DD101F069FF0323084A2B701CB11346CB
:10A5200003CB20606160002068605060EEE70C2083
:10A53000ECE700BFD4300120F8300120D8300120F2
:10A540002DE9F843334D846AAB886A8801339BB2A6
:10A550000646AB8022B1934202D30020FFF7C4FF2E
:10A560002B78676E012B2FD1AB7B607895F80D901F
:10A5700095F80C80E97B2A8A98420BD138784845B7
:10A5800008D17878404505D1207B884202D1A07B54
:10A59000904214D063700023D2B2E37308F1020337
:10A5A00061732173A273A4F868304046FFF736FD4B
:10A5B0003A46A4F86A0049464046FFF7ADFD3046EA
:10A5C000BDE8F84302F032B938460FF0F7FC2046F8
:10A5D0000FF0F4FC30460FF0F1FC022001F0B2FE67
:10A5E000287804280CD10FF017FD014680B140F205
:10A5F00005134380084B187BBDE8F8430FF021BDDD
:10A60000064A002313722B70BDE8F84300F01ABD10
:10A61000BDE8F883D430012038310120F830012022
:10A6200070B51E4C866A628805464AB12189E38866
:10A630000B4461890B449A4202D80020FFF754FF73
:10A640002378022B04D12846BDE8704002F0EEB812
:10A65000B06E0FF0B3FC30460FF0B0FC28460FF0A0
:10A66000ADFC022001F06EFE207804280CD10FF022
:10A67000D3FC014680B140F205134380084BBDE88E
:10A680007040187B0FF0DDBC064A00231372237064
:10A69000BDE8704000F0D6BC70BD00BFD4300120D2
:10A6A00038310120F830012008B5C07810B10128F8
:10A6B0000DD008BD0A4B1B7A002BFAD0FFF714FF10
:10A6C000084B1A78032AF4D104221A70F1E7054ADC
:10A6D00000231370024A1372BDE8084000F0B2BCB8
:10A6E000F8300120D430012008B5FFF74FFD054BAD
:10A6F000054A5A61054B064A5A61BDE80840EAF727
:10A7000067B800BF600C01208DA10400140C01206B
:10A71000A9A604002DE9F0410F46182104469046F1
:10A720001D46F5F7FDF9012803D10C263046BDE89A
:10A73000F0812046F5F78EFE0128F6D0184B1B68F5
:10A740009B7EA34201D80226F0E72046F5F71CFCC9
:10A750000028F8D02046F5F729FC06460028E4D169
:10A760001E200FF059FC01460028DFD041F60103FE
:10A77000048043803B6843607B688360A0F80C8062
:10A7800000F10E022B4605F1100053F8044B42F87D
:10A79000044B8342F9D1034B187B0FF052FCC5E701
:10A7A000C03001203831012008B50A4617F0B0FF4B
:10A7B000002008BD38B51A4B1B689B7E83420546B6
:10A7C0000C4601D8022038BDF5F7DEFB0028F9D091
:10A7D0002846F5F7EBFB012801D00C20F3E7022116
:10A7E0002846F5F735FC0028F7D014200FF014FCAC
:10A7F0000028E8D041F60113438005802146031D5F
:10A8000004F1100251F8044B43F8044B9142F9D182
:10A81000044B0146187B0FF014FC0020D3E700BF67
:10A82000C03001203831012010B5144B1B689B7ECD
:10A830008342044601D8022010BDF5F7A5FB00288D
:10A84000F9D02046F5F7B2FB012801D00C20F3E740
:10A8500002212046F5F7FCFB0028F7D004200FF07A
:10A86000DBFB01460028E7D041F601234380044B7F
:10A870000480187B0FF0E5FB0020DDE7C0300120ED
:10A880003831012038B50C4B1B689B7E834204464F
:10A890000D4601D8022038BDF5F776FB0028F9D027
:10A8A0002046F6F79DFE054AA0FB0202830D43EA0F
:10A8B00082232B800020EEE7C0300120676606006F
:10A8C00038B50D4B1B689B7E834204460D4601D86C
:10A8D000022038BDF5F758FB0028F9D04DB10A2108
:10A8E00069432046F6F788FE002814BF00201E208A
:10A8F000EFE71220EDE700BFC030012038B5044675
:10A900000D4600F0EBFB60B1B4F5706F0BD2204642
:10A91000F3F752FA48B120462946F3F7DBFA002054
:10A9200038BD0C20FCE71220FAE74220F8E713B507
:10A930000446CDE9002100F0D1FB38B1DDE900216A
:10A94000204602B0BDE81040F7F752BA0C2002B022
:10A9500010BD13B50446CDE9002100F0BFFB38B1AE
:10A96000DDE90021204602B0BDE81040F7F78CBABF
:10A970000C2002B010BD2DE9F04107469DF818806B
:10A980000C4615461E4600F0A9FBA8B1022C16D8AD
:10A99000B5F5FA7F13D2A6F10A039BB243F6F6721D
:10A9A00093420CD8CDF8188033462A4621463846C3
:10A9B000BDE8F041F7F7AABA0C20BDE8F0811220FB
:10A9C000FBE7000070B506460D46144600F086FB16
:10A9D00088B1022E11D8B5F5FA7F0ED2A4F10A0380
:10A9E0009BB243F6F672934207D8054B0020DE7502
:10A9F0001D835C8370BD0C20FCE71220FAE700BFCA
:10AA00007831012030B541EA020424F0070420F037
:10AA100003052C4308D1022B06D80D4B5B691C069D
:10AA200004D518B991420ED0112009E000F00103BD
:10AA30000B430AD0830704D4002A14BF002012203D
:10AA400030BD0020FCE70029F6D11220F8E700BF56
:10AA5000F830012070B50C4B1B689B7E8342044686
:10AA60000E46154601D8022070BDF5F78DFA002874
:10AA7000F9D02046F5F7D4FA30702046F5F7DCFA25
:10AA800028700020F0E700BFC03001200B4B1A6A8D
:10AA900010B5D40502F4807303D440EA0104A4077E
:10AAA00007D4130507D4014381F00401C1F38000EA
:10AAB00010BD1846FCE70120FAE700BFF83001207E
:10AAC00070B50D460646114628461446FFF7DEFFD0
:10AAD00098B10023224629463046FFF793FF58B924
:10AAE00016F0010F064B18BF002516F0020F18BF15
:10AAF00000241E755D759C7570BD1120FCE700BFBC
:10AB0000783101202DE9F8431D46234BBDF82090F4
:10AB10001B689B7E834280460F46164603D802245C
:10AB20002046BDE8F883F5F72FFA0028F7D020215A
:10AB30004046F4F7F5FF01282AD029463046FFF7B2
:10AB4000A5FF38B34B462A4631463846FFF75AFF31
:10AB500004460028E4D117F0010F18BF00260A2090
:10AB600017F0020F18BF00250FF056FA0146002813
:10AB7000D6D042F201034380084BA0F80080077151
:10AB800046718571A0F80890187B0FF05AFAC7E754
:10AB90000C24C5E71124C3E7C0300120383101205F
:10ABA00001282DE9F34104460D4616461F4627D8D5
:10ABB000DFF85480D8F8003033F0FF0304D098F861
:10ABC000293043B10C2014E098F80430002BF6D162
:10ABD0000C4B1B6883B928460FF0B0FBCDE900672A
:10ABE00002460B462046EAF733FA002814BF00203D
:10ABF000072002B0BDE8F08198470028DFD1EAE7DE
:10AC00001220F6E7F4300120F8300120012870B559
:10AC100004460D4618D8104E336833F0FF0304D0B5
:10AC200096F829303BB10C200FE03379002BF7D197
:10AC30000A4B1B6853B928460FF080FB02460B46AF
:10AC40002046EAF771FA28B9122070BD984700280B
:10AC5000E6D1F0E70020F8E7F8300120F4300120D9
:10AC600010B50C4C236833F0FF0304D094F829305E
:10AC70003BB10C2008E02379002BF7D1064B1B6871
:10AC80001BB9EAF7DFF9002010BD98470028EDD185
:10AC9000F7E700BFF8300120F430012010B504467A
:10ACA000EAF7CAF92070002010BD30B50446012C27
:10ACB00085B00846154615D80FF040FB02460B46F6
:10ACC00000200021CDE9020102A900912046EAF707
:10ACD00059FA48B12846DDE902230FF035FB002080
:10ACE00005B030BD1220FBE70220F9E730B504467D
:10ACF000012C85B00846154615D80FF01FFB0246FB
:10AD00000B4600200021CDE9020102A90091204656
:10AD1000EAF747FA48B12846DDE902230FF014FBB1
:10AD2000002005B030BD1220FBE70220F9E700004B
:10AD3000012870B5054614D80B4E336833F0FF0375
:10AD400002D00C24204670BD3479002CF9D1074B79
:10AD50001B6813B986F82950F4E798470028F9D002
:10AD6000EFE71224EEE700BFF8300120F4300120B5
:10AD700008B5431E9BB24AF2B712934203D8F7F7C5
:10AD80006FF9002008BD1220FCE7000040EA020332
:10AD9000012BF7B504460E46154622D8124F3B68E4
:10ADA00033F0FF0304D097F829303BB10C2012E0B8
:10ADB0003B79002BF7D10D4B1B6873B930460FF070
:10ADC000BDFA009502460B462046EAF7C7F9B0FAED
:10ADD00080F04009400003B0F0BD98470028E2D160
:10ADE000ECE71220F7E700BFF8300120F430012033
:10ADF000F7F7ACBA70B598B00B46024608AD00F153
:10AE00002006106851682C4603C40832B242254619
:10AE1000F7D110AC03F1200518685968224603C227
:10AE20000833AB421446F7D1094B6A4603F12006BA
:10AE3000154618685968144603C40833B3422246BD
:10AE4000F7D1294608A8F7F799FA18B070BD00BFE6
:10AE5000A831012070B5012A98B00B4604D118B072
:10AE6000BDE87040F7F7B2BA024608AD00F120061F
:10AE7000106851682C4603C40832B2422546F7D107
:10AE800010AC03F1200518685968224603C2083344
:10AE9000AB421446F7D1094B6A4603F1200615462A
:10AEA00018685968144603C40833B3422246F7D1E0
:10AEB000294608A8F7F762FA18B070BDA83101203A
:10AEC000084903680A685A400A6007490A685A40F4
:10AED0000A6006490A685A400A6005490A685A40E9
:10AEE0000A607047D8620020DC620020E062002027
:10AEF000E4620020094B0A4918680A68086009489A
:10AF00000168196008490B68036082EAC22283EA7B
:10AF1000D340504080EA122008607047E062002071
:10AF2000DC620020E4620020D862002043084A0866
:10AF300003F05533C01A02F0553261EB020100F004
:10AF40003333800801F0333200F0333089081818A9
:10AF500001F0333142EB0102030943EA02731B188B
:10AF600042EB12124FF0013103F00F3302F00F32B7
:10AF70001A44A3FB013002FB0100000E7047B0FB36
:10AF8000F1F07047024B1B6803B118471846704731
:10AF90003831012007B50023ADF804308DF80700E3
:10AFA000032301A88DF80630FFF7ECFF03B05DF82E
:10AFB00004FB07B50023ADF8043004238DF8070027
:10AFC0000DEB03008DF80630FFF7DCFF03B05DF8F2
:10AFD00004FB1FB51C24ADF804008DF8090001A87E
:10AFE0008DF806408DF807108DF80810ADF80A208E
:10AFF0008DF80C30FFF7C6FF04B010BD08B50A4B42
:10B0000040220021184623F031FB084A0346D2E9CA
:10B010000801074A5A61C3E908014FF0FF301F21B8
:10B02000C3E90C0108BD00BFF83001203831012010
:10B03000405C1F00024A537A01335372704700BFCD
:10B04000F8300120024A537A013B5372704700BF27
:10B05000F8300120024A937901339371704700BFA1
:10B06000F8300120024A9379013B9371704700BF89
:10B07000F8300120024AD3790133D371704700BF01
:10B08000F8300120024AD379013BD371704700BFE9
:10B09000F8300120032806D8013802280ED8DFE84E
:10B0A00000F0070D0700A0F1FF0358425841704718
:10B0B000034B587C003818BF0120704701207047AF
:10B0C000F8300120044B93F82B201AB9012083F8A3
:10B0D0002A00704700207047F8300120044B93F895
:10B0E0002A201AB9012083F82B00704700207047EE
:10B0F000F8300120F0B5D0E9007600221346C3F104
:10B100002005A3F1200427FA03F106FA05F52943E7
:10B1100026FA04F42143C90742BF811801320B7299
:10B120000133252BEBD180F82D20F0BD07B50E4A59
:10B13000937B0BB900B19073537B8BB1013BDBB2B6
:10B1400053736BB90093ADF8043018238DF80230B7
:10B150006846937B8DF803308DF80430FFF712FFBB
:10B1600003B05DF804FB00BFF830012007B54FF4D1
:10B17000C81301A80193FFF705FF03B05DF804FBB6
:10B180004FF4B8130360FFF7FDBE4FF400130360E4
:10B19000FFF7F8BE70B586B01446064616220D4677
:10B1A0006846002123F062FA1E238DF802302388BE
:10B1B000ADF80830237A8DF810306389ADF812307D
:10B1C000A11C237B8DF814300DF10A008DF804606A
:10B1D000ADF806500FF07EF86846FFF7D3FE06B0D4
:10B1E00070BD07B54FF4F813ADF80400684600933E
:10B1F000FFF7C8FE03B05DF804FB000007B50E4A78
:10B20000D37A0BB901B1D172937A013BDBB293725D
:10B2100073B91B23ADF800008DF802308DF80500DE
:10B22000D37A8DF8033068468DF80430FFF7AAFE14
:10B2300003B05DF804FB00BFF83001201FB5002407
:10B24000CDE901440394ADF804008DF808001A24F8
:10B250000DF10A008DF809108DF806400FF074F812
:10B2600001A8FFF78FFE04B010BD07B51D23ADF890
:10B2700000008DF8050068468DF802308DF8031047
:10B280008DF80410FFF77EFE03B05DF804FB0000AC
:10B2900008B50B4B1C220021184623F0E7F9094A98
:10B2A0001268D17E127F42701B2242804FF4A4723A
:10B2B00082800322027501700A22428308BD00BF0A
:10B2C00078310120C03001200449054B0A681A601A
:10B2D0004A685A6007221A81704700BF5228070047
:10B2E00094310120034B4FF461721A6000221A71ED
:10B2F000704700BFA0310120044B002283F82020BA
:10B3000083F8212083F82220704700BFA831012054
:10B3100010B50B4C80220021204623F0A7F9022310
:10B320001822002104F1100084F8793023F09EF9EE
:10B33000044BC4E90233072384F8203010BD00BF5A
:10B34000D031012000881300022807D0032808D03C
:10B3500001280AD1C80000F5837070478800D230F8
:10B360007047880100F266407047962070470228B7
:10B3700005D0032807D002F10800C000704702F191
:10B3800009008000704701294FEAC2000CBF022368
:10B3900008231B30584300F5BC7070472DE9F84373
:10B3A00016469DF82020012A074608BF4FF04208A4
:10B3B000084608BFC4469DF824101CBF4FF005087E
:10B3C0004FF00A0C80B940F20114A4EB0802A4EB80
:10B3D0000C0492B2A4B29A4209D343449AB23846BA
:10B3E000BDE8F843FFF7C3BF82B21446F3E7B3FBEF
:10B3F000F4F904FB193364449DB2A2B23846FFF756
:10B40000B6FF002D08BFA9F101091FFA89F906F559
:10B41000967609FB06F600FB096635B105EB0802D6
:10B4200092B23846FFF7A3FF06443046BDE8F883E2
:10B4300008B5FFF79CFF00F5967008BD0C4B9842CD
:10B4400002460AD80B4BA0FB03135B081E2101FB2D
:10B4500003F0824288BF40187047074BA0FB0313DC
:10B46000032101FB0033C3F38F234FF49671EEE702
:10B47000E1BF0300121111119E36D0692DE9F74F7B
:10B48000876A3B78023B05468846072B00F2168107
:10B49000DFE813F008002500140114015B00AB0085
:10B4A000F70009017E7B7B6E032E14BF4FF4BC7442
:10B4B0004FF441647BB197F88020387B0021FFF77F
:10B4C00056FFBB6E963404442BB1032E14BF04F216
:10B4D0000E2404F6A644EC6003B0BDE8F08F97F8A4
:10B4E0007820B97B387BFFF742FF97F87B3003F079
:10B4F0000102C3F34006C3F380031E44044616440E
:10B5000000F0BAFF2044FFF799FF731E00FB0344CD
:10B510007B6E002BDFD07A7B9623032A06FB03F396
:10B5200014BF4FF4BC724FF441621C4402FB06444A
:10B53000BA6E002ACFD097F88020387B00211C44B7
:10B54000FFF715FF06FB0044C5E797F87C207E7BDC
:10B550003B6E4ABB022E1AD0032E1BD144F290221E
:10B5600002614FF46D64002BB5D0F97B97F874201D
:10B57000387B002908BF0221FFF7F9FE9634022E1E
:10B5800004440AD0032E0BD004F6DE04A3E74FF4E4
:10B590008564E8E740F64804E5E704F2BE449AE72C
:10B5A00004F58644263496E7022E1BD044F29024FC
:10B5B00040F64802032E18BF1446002B8BD0F97BAF
:10B5C000387B00294FF0240208BF0221FFF7CFFE8D
:10B5D00004F596740444102202213046FFF7C7FE9A
:10B5E000044478E74FF48564E7E729BB4FF0F4099A
:10B5F0004FF0F1083C6F3E7BB97B5CB10D223046C9
:10B60000FFF7B5FE7B7B022B18D0032B19D000F679
:10B61000DE0496346A6AC2B1B2F800A01FFA89F952
:10B62000D14514D3B7F860300D2B2CBF9A440AF1E2
:10B630000D0A1FFA8AF2D0E78946DBE700F2BE4422
:10B64000E7E700F586442634E3E79246EAE708F1A7
:10B6500010023046FFF78BFEBAFBF8F71FFA88F9A5
:10B660001FFA87FB4FF4967309FB17A203FB0B44E9
:10B6700092B200FB0B44002A3FF42DAF0D3292B280
:10B68000ABE7436A6BB11B88402B38BF4023BA7BC2
:10B69000387B0192002200921146FFF77FFE04469C
:10B6A00019E74023F3E77B7B022B09D0032B0AD158
:10B6B00044F2902303614FF46D640CE700240AE721
:10B6C0004FF4856407E740F6480404E7F7B5002324
:10B6D000DFF888C01F4F0093ADF804301E46984233
:10B6E00016BF0CEB83020A46D26892B1013AA2FB64
:10B6F0000724A208052A28BF052202F108046C4489
:10B70000964214F8085C05F1010504F8085C38BF9E
:10B71000164601330E2BE2D100230F4F6D4618461B
:10B720001946741C15F8012B2AB901339C42F9D82B
:10B73000012003B0F0BD58B937F81360314489B225
:10B74000013A632992B2EFD9002AF2D10120ECE745
:10B750000020EEE7E3361A005A2807005032012095
:10B760002DE9F04F2DED028B444C08EE102A83B0EA
:10B77000A278D4F804B001901E46A3680F4623FABD
:10B7800002F80125464516D2012D81BF01239340C1
:10B790000BFA03F34BEA030B0123BB4000934FF07A
:10B7A000000AA2780123D21B5FFA8AF993409945D7
:10B7B0001FDB00205DE00135EDB2A6EB0806E1E7F6
:10B7C00003EB000E2BFA0EFE1EF0010F1CBF013121
:10B7D000C9B201305FFA80FEAE45F1D30CF1010C25
:10B7E00000985FFA8CF3834207DA93404B440020C1
:10B7F000F0E74FF0000C6146F2E701BB607804EB24
:10B8000000131B6D7BB9A67860680021F61B4FF012
:10B81000010C0F46009ACBB29A421FDDB34003EBF6
:10B820000902002314E098475FFA8AF318EE101A11
:10B83000324608FB030000F0B3FB0028E3D00AF116
:10B84000010AAEE7D7180CFA07F73843013301278E
:10B850005FFA83FE7545F5D80131DBE70FB1074B81
:10B860005860019B043304EB0313012083F8069016
:10B87000587103B0BDEC028BBDE8F08F503201204F
:10B88000002340F6C412904206D940080133884292
:10B89000DBB202D0042BF6D100231846704700001B
:10B8A0002DE9F74F2D4CA678D4F80890064429FAD4
:10B8B00006FA40F6C3139A4507464FF000054AD9E9
:10B8C000F6B26560A670A8464FF0010B94F84530BB
:10B8D000B3B3D4E91213894523D048460093FFF748
:10B8E000CFFF009B012203E00132D2B2A3EB0A0397
:10B8F0005345F9D294F84630BB4084F84630311AAB
:10B90000DBB20BFA00FE4FF0000C009101935FFADE
:10B910008CF3734514DA00998B4001990B44002194
:10B9200008E00020DEE7C8180BFA00F048EA00083B
:10B9300001310125C8B28242F5D80CF1010CE6E7CD
:10B94000074B10349C42C1D10DB143F8DC8C01206F
:10B9500003B0BDE8F08F2846FAE700BF503201205F
:10B96000303301202DE9F74F5A4CA76805460E46A3
:10B970009046A7B9031D04EB03130122A160678061
:10B9800062609F715A7160702B1D04EB031304EB0E
:10B9900005141D719E60C4F84C80012711E08F4290
:10B9A0001AD14FF004094346324600212846FFF7DA
:10B9B000D7FE0028E8D109F1FF3919F0FF0904D1B9
:10B9C0000027384603B0BDE8F08F0120FFF768FF7D
:10B9D00001280746E7D0F4E752D239463046FFF750
:10B9E0004FFF002848D063680093A3784FF0010E02
:10B9F00000210EFA03F287400192A76061600EFAFF
:10BA000000FB8A460A46019F5FFA81FCBC451CDBAD
:10BA1000BAF1000F01D02F494A601844A0704FF0CE
:10BA200004094346324600212846FFF799FE0028C4
:10BA3000AAD109F1FF3919F0FF09C1D00120FFF7A0
:10BA40002FFF01280746ECD0BBE7009F27FA0CF731
:10BA5000FF070FD54FF0000906E09F4067440EFA3C
:10BA600007F73A434FF0010A5FFA89F75F4509F19A
:10BA70000109F2DB0131C6E7E3780133E37083E7C4
:10BA800082D93846FFF7FCFE81460028F4D0A07822
:10BA900048451DD2A9EB0000C0B2FFF701FF0746E1
:10BAA0004FF0040A012F8CD14346324649462846BE
:10BAB000FFF756FE00287FF467AF0AF1FF3A1AF04D
:10BAC000FF0A3FF47DAF3846FFF7EAFE0746E9E795
:10BAD0000127E5E7503201202DE9F74F644C00F1D2
:10BAE000040804EB0813A2685B79A5784FF00009FD
:10BAF000002B00F0B68004EB001322FA05F1DB6C9A
:10BB000001278B420AD204EB081A6668DAF808109B
:10BB10008A422BD100231A4601200CE00137FFB2E4
:10BB20005B1AEEE79AF806201A4400FA02F226EAB7
:10BB3000020601330122D9B28F42F3D842BB04EB93
:10BB400008180023012D616888F8053073D9013D7C
:10BB5000EDB20120A8401E46DAB2824232DA52002B
:10BB600021FA02F2D2072AD40133F5E71046FFF793
:10BB700087FE0028E3D04FF0010C00222B1A0CFAAC
:10BB800000FE11460193D3B2734513DB0029D6D0D2
:10BB90006660D4E79AF80610014419440CFA01F1E2
:10BBA00026EA0106013301215FFA83FB5F45F1D8E4
:10BBB0000132E8E70198834018460023F4E7013694
:10BBC000F6B2D1E7002E3DD000263246F3B29842BD
:10BBD0000ADD5B00013321FA03F3DB0701D40136F0
:10BBE000F4E70132D2B2FAE72ABB0023A570636002
:10BBF0009C461E464FF0010EDDB2854224DBBCF1AF
:10BC0000000F00D066600023194A184692F84510CC
:10BC1000DDB241B192F846104908002982F8461079
:10BC200004BFA946012001330E2B02F11002EDD111
:10BC300008B184F8019063680BB9A360A37003B0E6
:10BC4000BDE8F08F0122D0E702EB450721FA07F7A4
:10BC5000FF0742BF0EFA05F52E434FF0010C0133EA
:10BC6000CAE7E378002BEAD0013BE370E7E700BFC7
:10BC700050320120012970B511D903460122002458
:10BC80001D6853F8046FB54238BF144602F1010233
:10BC900038BF43E901659142F2D1012C00D870BD53
:10BCA0002146EAE7F0B58FB0012B0E46274B9DF8F1
:10BCB000501042F2107530D1AA42A6FB03744FEA2D
:10BCC000940482BFA2FB0335AB08B4FBF3F45443E6
:10BCD000A04288BF344600231D481D4699420BD020
:10BCE00000EB8302D2683AB10DF1380C6F1C0CEBFB
:10BCF000850545F8382CFDB201330E2BEED12946CF
:10BD00006846FFF7B7FF0022954216D8B442234693
:10BD100028BF334618460FB0F0BDAA42A0FB0374FB
:10BD20004FEA940482BFA2FB0335AB08B4FBF3F4E3
:10BD30005443A04288BFA418CDE750F8043BA34267
:10BD400001D3B342E6D90132DEE700BFE3361A0081
:10BD50005032012002484FF49272002122F086BC3A
:10BD600050320120074BA0FB0332920842F21073BD
:10BD70005A43824204D19A4238BF1A46104670474D
:10BD800018467047E3361A0073B50D460446194647
:10BD900010462B4649F6404242F21075012B18BF5F
:10BDA0002A460094079EFFF77DFF05460146204680
:10BDB000FFF78CFC98B1069A29462046FFF7D2FD82
:10BDC00001280CD1074B089903EB041203EB840400
:10BDD00011651A78E56001321A7006B1356002B05B
:10BDE00070BD00BF5032012037B5044600940846AC
:10BDF00011461A460023FFF755FF05460146204627
:10BE0000FFF764FC70B1084B03EB84032046DD6050
:10BE1000079B1D60FFF760FE069A29462046FFF744
:10BE2000A1FD012003B030BD503201207047000059
:10BE3000054A831C02EB8303002159601378013B00
:10BE40001370FFF749BE00BF503201202DE9F74FB4
:10BE5000424C1746A378A26822FA03F92378012BF3
:10BE600088460BD804EB01131C46DB6CA26C014620
:10BE7000384603B0BDE8F04F00F0ECB8607804EB52
:10BE800000131B6D63B3002198470646A3684BB3AC
:10BE900008F1040204EB02125379012B22D19379A9
:10BEA000494659430B4608BF9368F51808F1040842
:10BEB00004EB08163946284600F0FEFA002848D060
:10BEC00004EB08143946284600F0F6FAA3689842B5
:10BED00042D83946284603B0BDE8F04F00F0ECBA2E
:10BEE0003E46D3E7E578A27840F6A6630193013D8C
:10BEF0000123EDB293404FF0000AFDB9DFF85CB0CA
:10BF00009BF8463053450FD19BF84530012B0BD1A0
:10BF1000DBF8503043B101A9E8B2984700F0ACFA21
:10BF2000019B32300344019301350E2D0BF1100BB0
:10BF3000E6D1019BF51809FB0A55B7E70AF1010A9A
:10BF40005FFA8AFA013DEDB29A45A8BF4FF0000AA8
:10BF5000D3E7B3681D44ADE7ED1AB3E750320120D3
:10BF600002489022002122F081BB00BF74330120DF
:10BF700070B5064C050104EB001001264370049BCC
:10BF80006655C0E90112C36070BD00BF7433012063
:10BF9000024B000100221A54704700BF7433012085
:10BFA0002DE9F84F00EB020B80460E4600F064FAD4
:10BFB000274C83444FF0000994F800A0BAF1010F18
:10BFC0005FFA89F50BD009F10109B9F1090F04F104
:10BFD0001004F1D14FF0000A5046BDE8F88FE36835
:10BFE000002BF0D06168B14222D36068B04225D8FE
:10BFF0002846E368984705464146284600F05CFA23
:10C0000010BBA368EF1800F037FA594607442846DA
:10C0100000F052FA0028D6D13946404600F04CFADA
:10C020000028D9D063689E4294BFAD19ED18E8E7A7
:10C030003046FFF725FC0028D7D1C4E73146FFF78B
:10C040001FFC0028BFD0D3E76368ED1AD4E700BF18
:10C05000743301202DE9F04F2DED028BA1B0974DE7
:10C0600007930023CDE90933069003911646019307
:10C070008DF82C300DF1240B174698461C464FF0D6
:10C0800001092A78012A5FFA88FA40F09580EA6867
:10C09000002A00F091806968B142C0F0878068682A
:10C0A000B04205D93146FFF7EBFB002800F0848051
:10C0B0006A68974228BF174664B9EA6850469047B5
:10C0C000AA68029002440C900D928BF80090CDF873
:10C0D00004A0012408F10108B8F1090F05F11005C9
:10C0E0000BF1010BCDD1002C00F0BC80029B3B4436
:10C0F00008EE103A631E20AA039302EBC3034FF02D
:10C10000000953F84C8C6D4B0593CB464FF0FF0A5A
:10C110005FFA89F3049309AB13F80910E9B9059B99
:10C120000498D968884705460298294600F0C4F962
:10C13000002844D118EE101A284600F0BDF9002856
:10C140003FD1BAF1FF0F3ED05846294600F0B4F96E
:10C15000049B00281CBFAB469A46059B09F10109C8
:10C160001033B9F1090F0593D2D1BAF1FF0F3ED0C8
:10C170000AF180030DEB03014FF0010301F85C3C71
:10C180004E4B03EB0A1541465846D5F8089000F08F
:10C1900093F9E0B120AB03EBC401AB6841F850BCAC
:10C1A0005B44013441F84C3CE4B2A3E73046FFF76E
:10C1B00067FB00287FF473AF8BF800908AE73D445B
:10C1C000B2E7ED1BB6E7DDF810A0AB46C5E709EB1B
:10C1D0000B052846414600F06FF9039B20AA02EBAD
:10C1E000C303002808BF454643F84C5C82E7CCB146
:10C1F0000C9B019A07EB0309304B03EB021A4146F3
:10C200004846DAF8085000F057F988B320AB03EB42
:10C21000C402DAF8083042F8509C4B44013442F82A
:10C220004C3CE4B200231D461A46013CD9B2A1425F
:10C230002DDB079B5C0820AB03EBC202C4EB55046B
:10C2400052F84C3C1C440698214600F035F988BB56
:10C25000069B1E443146204600F02EF960BB069B2B
:10C26000E31A0393039821B0BDEC028BBDE8F08F75
:10C270004D442846414600F01FF9039B20AA02EBDB
:10C28000C303002808BF454643F84C5CCAE720A812
:10C290000DF1800C00EBC1000CEBC10C50F8480C08
:10C2A0005CF84CCCA0EB0C0085423CBF05460A462E
:10C2B0000133BBE73C44C6E7E41BCBE77433012002
:10C2C00038B5084D182303FB005304461B699847F3
:10C2D000012385F8813085F880402046BDE838404C
:10C2E00015F0ACB804340120014B1860704700BF52
:10C2F0008834012008B515F049F8BDE80840024827
:10C300008422002122F0B2B904340120014B58608C
:10C31000704700BF0434012038B5094C94F88130CF
:10C32000054623B915F050F82846FFF7C9FF182332
:10C3300005FB0330204443680133436038BD00BF30
:10C340000434012010B50D4B182400FB044119449E
:10C350004A68013A4A6093F8811071B193F88010ED
:10C3600081420AD14AB904FB013183F8812049692D
:10C370008847BDE8104015F02FB810BD04340120E7
:10C3800038B5184C002384F8823094F8813020604E
:10C39000054683B194F880306A7D9A4214D0182201
:10C3A00002FB034300225B6984F88120984794F8DC
:10C3B00081304BB905E015F007F894F88130002B77
:10C3C000E8D1687DFFF77CFF6B7D182202FB0343F9
:10C3D0009B680BB12846984794F882300BB1002334
:10C3E000236038BD0434012010B5064C206840B1EC
:10C3F000437D182202FB0343DB6803B19847002307
:10C40000236010BD04340120014B1868704700BF41
:10C4100004340120034B1A6812B1012283F88220F0
:10C42000704700BF04340120014B93F8820070472D
:10C430000434012010B5094C236833B15A7D182308
:10C4400002FB0333E35803B1984700232360012321
:10C4500084F882306368BDE8104018470434012036
:10C46000014B1B681888704788340120014B1B68FA
:10C470009868704788340120014B1B68D888704742
:10C48000883401200B4B1B689B68834210B508D28F
:10C490006FEA530484424FEA530203F1010101D8C9
:10C4A000084410BD0A44824224BFC01A00F1FF3084
:10C4B000F7E700BF8834012038B50D46FFF7E2FFEB
:10C4C00004462846FFF7DEFF0A4B1B689B68844240
:10C4D0004FEA530202F1010204D9201A904228BF08
:10C4E000002038BD011B914223BF01331B19181ACC
:10C4F0000020F6E78834012030B5054C182505FBEF
:10C500000040C0E902120361039B436130BD00BFDC
:10C51000043401201823024A00FB0333D150704732
:10C520000434012020B9064A1369013313617047AE
:10C53000022801BF024A536901335361704700BFAB
:10C540008C34012010B5084C637A6168207A0C2283
:10C5500002FB0343002262601B6A98472078012196
:10C56000BDE8104011F0ACBD8C340120094B70B512
:10C570000C461546064600216822184622F076F839
:10C5800006708481C58129462046BDE8704001F0CF
:10C5900057BF00BF8C3401202DE9F3411A4D6F685D
:10C5A00057BB6C7A04264FF00C08022C9ABF01345A
:10C5B000E4B2002408FB04538DF801705B6A019714
:10C5C000ADF80270DBB101AA0DF102010DF101001D
:10C5D0009847A0B101999DF80100696028726C72BA
:10C5E000FFF7A0FF0B46BDF802209DF80110204682
:10C5F00001F014FFFFF7A6FF02B0BDE8F081013E95
:10C6000016F0FF06D1D1F7E78C340120032830B5AE
:10C6100006D8044C0C2505FB0040C0E90712436214
:10C6200030BD00BF8C340120014B9861704700BFC2
:10C630008C340120034B596811B90120FFF7ACBFBE
:10C64000704700BF8C34012010B5044608461146DF
:10C65000FFF768FF032C08D8064B0C2202FB0433BB
:10C66000DB6913B1BDE810401847BDE8104008462B
:10C670000DF0DEBC8C3401200B6803604160086063
:10C6800003680BB158607047004BFBE7F43401209E
:10C690004B6843600160486043680BB118607047A5
:10C6A000014B9860704700BFF4340120074A0368CB
:10C6B0009168814206D1936013B100225A6070479D
:10C6C0005360704742685A6013607047F434012029
:10C6D00010B5044614F088FE0146A068FFF7ECFE92
:10C6E0000446FFF7C9FEA0428CBF0020012010BD08
:10C6F00010B5044614F078FE0146A068FFF7DCFE92
:10C70000B0F5967F2CBFA0F59670002010BD10B537
:10C71000044614F069FE0146A068FFF7CDFE00381C
:10C7200018BF012010BD000038B50546FFF7E0FF37
:10C730000D4B04465868A8420CD1C72C06D916F0F8
:10C74000ABF92046BDE8384016F08CB9BDE838405A
:10C7500000F00ABB4268AA4205D11B78012B02D126
:10C76000FFF7C6FFE9E738BDF434012038B5057D91
:10C770000B7D9D42044606D307D142B19047231A50
:10C780005842584138BD0120FCE70020FAE7104626
:10C79000F8E70000034B1A7812B95868FFF798BF02
:10C7A00000207047F4340120044A53685B685360EA
:10C7B00013B100221A60704793607047F43401206F
:10C7C00070B5194D6C68034694B1844212D12B7830
:10C7D00043BBFFF77DFF0128044609D116F05CF941
:10C7E000FFF7E2FF6868D8B1FFF782FF16F03AF969
:10C7F000204670BD666886420FD12A78012A0CD186
:10C80000FFF766FF01280446F2D116F045F93046DD
:10C81000FFF74CFF6B685868E5E71846FFF746FFDF
:10C820000124E5E70024E3E7F4340120F8B50446E9
:10C8300014F0DAFD234D0646FFF71EFE6B68064432
:10C84000A66043B9C5E90144C4E900332046BDE808
:10C85000F840FFF769BFE768FFF70EFE6B683E44DC
:10C8600099683044FFF728FE90B9FFF793FF78B13D
:10C8700069682046FFF700FFE8E7D4E90267FFF7A1
:10C88000FBFD6B683E4499683044FFF715FEA0B18C
:10C890006D68D5E90267FFF7EFFD3E44A1683044BB
:10C8A000FFF70AFE30B1D5E90267FFF7E5FD3E4428
:10C8B0000644A6606B68002BDFD129462046FFF7AF
:10C8C000E7FEC3E7F43401202DE9F04788B00446C1
:10C8D0000F46FFF71CFF20B90026304608B0BDE820
:10C8E000F087DFF83891D9F8045035B9C9E9014427
:10C8F000C4E90055012679E01D46D4E90268FFF736
:10C90000BBFD4644A9683044FFF7D6FD50B9D9F8BD
:10C910000430AB4201D1FFF73DFF29462046FFF727
:10C92000ABFEE7E7D5E90268FFF7A6FD4644A1683C
:10C930003044FFF7C1FD002867D02E467368BBB9AD
:10C9400031463A462046FFF711FF012806460CD132
:10C950002F464FF000087B684DF82870EBB9384639
:10C96000FFF72EFF012806462FD0002E3ED1B3E759
:10C97000D4E9028AFFF780FD7368D0449968404487
:10C98000FFF79AFD0028DBD03A4631462046FFF7F4
:10C99000EDFE0028A0D07668D0E7D4E9026AFFF760
:10C9A0006BFD7B68564499683044FFF785FD00288D
:10C9B000D5D03846FFF704FF00288DD008F10108D4
:10C9C000B8F1080F7F68C6D186E7796891B1204633
:10C9D000FFF752FE6D4608F10108002755F8040BD9
:10C9E000C36903B1984701374745F7D12046FFF7A0
:10C9F0009BFE72E7296819B12046FFF749FEE9E777
:10CA0000C9E90144C4E90011E4E76B68002B7FF435
:10CA100073AF29462046FFF73BFE6BE7F434012055
:10CA20002DE9F04786687318836004460F469046E8
:10CA3000FFF76DFE054670B9FFF718FD400801309D
:10CA4000404501D0A66011E014F0CEFC0546FFF78A
:10CA500013FD2844A060314D6B6853B9C5E901440A
:10CA6000C4E900332046FFF75FFE01252846BDE8F4
:10CA7000F087A1689868FFF71FFD90B1D4E9029A8A
:10CA8000FFF7FAFC6B68D14499684844FFF714FD3E
:10CA900038B9FFF77FFE20B169682046FFF7ECFD4B
:10CAA000E0E7AB68D3E9029AFFF7E6FCD144A1685E
:10CAB0004844FFF701FD80B9A9682046FFF7E8FD6B
:10CAC000D0E7D4F80CA0FFF7D7FC6B68D144996885
:10CAD0004844FFF7F1FC0028DED06D68002DB1D08E
:10CAE000D5E9029AFFF7C8FCD144A1684844FFF792
:10CAF000E3FC30B1D5E9029AFFF7BEFCD1444844CB
:10CB0000A060D4F808906A68A9EB06039F42E4D8B5
:10CB10009845E2D3002AD4D12946CEE7F434012047
:10CB20002DE9F0473B4D8668D5F80880B3180446D8
:10CB3000894617468360B8F1000F0CD1FFF7E7FD77
:10CB4000F0B1C5E90144C4E900882046FFF7ECFDD7
:10CB50000120BDE8F087D8E902A8FFF78DFCC244A8
:10CB6000A1685044FFF7A8FC40B92046FFF7CFFD6D
:10CB700030B1A9682046FFF78BFDE6E7AD6815B92F
:10CB8000A6600020E5E72B681BBBD5F80880D4F829
:10CB90000CA0FFF771FCA8EB0A083146A8EB0000D7
:10CBA000FFF78AFCB84228BF384631188145A1609A
:10CBB0002ED8A868FFF780FC50B32046FFF7A7FDEA
:10CBC00030B3FFF7E7FD18B329462046FFF754FDC1
:10CBD000BBE7D3E9028AFFF74FFCD0444044A06092
:10CBE0002046FFF794FD0028CAD0A0683146FFF721
:10CBF00063FC48450CD387420AD3D4E9028AFFF785
:10CC00003BFCD044A9684044FFF756FC0028DBD029
:10CC10002D68B4E7F434012070B5244E72680546DF
:10CC2000134613B90024204670BD9D4221D05B6895
:10CC3000F7E7FFF7EFFBF5E7FFF7ECFB002CF1D090
:10CC40002DE05368AB4228460FD13378012B0CD12D
:10CC5000FFF73EFD01280446F0D115F01DFF2846E0
:10CC6000FFF724FD7368586813E0FFF71FFD0124E8
:10CC700015E09542E5D13378002BDAD12846FFF74D
:10CC800027FD01280446D7D115F006FFFFF78CFDDC
:10CC900070680028EBD0FFF72BFD15F0E3FEEB6981
:10CCA000002BC0D028469847BDE700BFF4340120D0
:10CCB000074B10B55C68844209D1FFF76BFD30B1BA
:10CCC00015F0EAFE2046BDE81040FFF72DBD10BD6F
:10CCD000F434012010B5044614F086FB0146A06828
:10CCE000FFF7EAFB0446FFF7C7FB0F30A0428CBFFB
:10CCF0000020012010BD000010B5044C0221A078D6
:10CD000011F0DEF963780133637010BDF434012053
:10CD100010B5044C0121A07811F0D2F963780133E9
:10CD2000637010BDF434012038B5054614F05CFB87
:10CD30000146A868FFF7C0FB044670B1094C2846BD
:10CD4000FFF71EFB00232382FFF76EFB38B16478E8
:10CD5000003C18BF0124FFF747FB204638BD0124E3
:10CD6000FBE700BFF4340120024B0821987811F052
:10CD7000A7B900BFF4340120034B0022C3E901220C
:10CD80001A70DA605A617047F434012008B518222D
:10CD90000548002121F06AFCFFF7EEFF0348BDE8DB
:10CDA000084015F031BE00BFF434012029CE040044
:10CDB00010B50446FFF7EAFF034B04489C70BDE83A
:10CDC0001040FFF7A3BA00BFF434012011CD0400D6
:10CDD00010B50C4C63685B680BB9012010BDFFF700
:10CDE00003FBA078042111F06BF9637801336370C1
:10CDF0000123237063685868FFF796FF0028ECD181
:10CE00002070EBE7F434012010B5064C606808B9D7
:10CE1000012010BD01232370FFF786FF0028F7D102
:10CE20002070F6E7F434012073B5224C637865680E
:10CE300083B1A078082111F043F96269238A013295
:10CE400001336261E2899BB29A42238200D2E3817C
:10CE500002B070BD2378E3B9FFF7D6FF08B9FFF73A
:10CE60004BFF6C68002CF3D014F0BEFA0146A068AA
:10CE7000FFF722FBB0F5967F17D3B0F596700190BF
:10CE800013D015F009FE019802B0BDE8704015F00E
:10CE9000E9BD6E682B7D327D9A42CAD2FFF798FFBA
:10CEA00008B9FFF729FF7468DCE702B0BDE87040FD
:10CEB000FFF75ABFF43401202DE9F041044614F085
:10CEC00093FA244D07464FF000084CB914F08CFA41
:10CED0003946FFF7F1FAAB89834238BFA88102E0F7
:10CEE0006E6816B92E80BDE8F081E0070ED585F892
:10CEF0000080FFF759FCB3690BB1304698476B7857
:10CF0000013B6B7024F00104A4B2DEE7A1070BD54E
:10CF1000FFF74AFCF3690BB1304698476B78013B49
:10CF20006B7024F00204EFE762070BD5FFF73CFCBF
:10CF3000B3690BB1304698476B78013B6B7024F0B6
:10CF40000404E1E72307C0D5FFF76EFF24F00804CF
:10CF5000DAE700BFF43401200020704730B5002329
:10CF600010C920CA641910C010C920CA6C4110C071
:10CF700010C920CA6C4110C010C920CA6C4110C031
:10CF800010C920CA6C4110C010C920CA6C4110C021
:10CF900010C920CA6C4110C010C920CA6C4110C011
:10CFA0005B41184630BD30B5002310C920CA641B50
:10CFB00010C010C920CAAC4110C010C920CAAC4171
:10CFC00010C010C920CAAC4110C010C920CAAC4161
:10CFD00010C010C920CAAC4110C010C920CAAC4151
:10CFE00010C010C920CAAC4110C05B41B3FA83F035
:10CFF000400930BD2022002121F038BB031F1C3026
:10D0000053F8042F1AB98342FAD101207047002047
:10D010007047002351F8232040F823200133082BC8
:10D02000F8D1704710B500F12003203153F8044DBA
:10D0300051F8042D944204D805D38342F6D1002040
:10D0400010BD0120FCE74FF0FF30F9E700F12003AD
:10D050000022834200D1704753F8041D42EA510276
:10D060001A60CA07F5E70000F0B589B0FFF7D1FFF5
:10D07000CB6A03930B6B04934B6B05938B6B0693FB
:10D080000C4606460027CB6B07936A4669466846FE
:10D09000CDE901770097FFF761FF6A460546314603
:10D0A0003046FFF75BFF236B0393636B0493A36B23
:10D0B0000593E36B05446A4669466846CDE9063741
:10D0C000FFF74CFF6A46054431463046FFF746FFFE
:10D0D000236A0093636A0193A36A0293A36B069386
:10D0E0000544E36B07936A4631463046CDE9047741
:10D0F0000397FFF733FF636A0093A36AA26B019360
:10D10000E36A02930492636BE26B0393CDE9052318
:10D110000544236A07936A4631463046FFF71EFFEF
:10D12000E36A0093236B0193636B0293236A069374
:10D130000544A36A07936A4631463046CDE9047731
:10D140000397FFF730FF236B0093636B0193A36B8F
:10D150000293E36B0393636A06932D1AE36A0793C2
:10D160006A4631463046CDE90477FFF71CFF636B12
:10D170000093A36B0193E36B0293236A0393636AA7
:10D180000493A36A2D1ACDE905376A46236B0793EA
:10D1900031463046FFF707FFA36B0093E36BCDE901
:10D1A0000137636A0393A36A0493E36A2D1ACDE9F6
:10D1B00005376A46636B079331463046FFF7F3FE47
:10D1C0002D1A0C4C0DD42DB931462046FFF72AFFFD
:10D1D00001280DD0224631463046FFF7E4FE2D1AD5
:10D1E000F1E7224631463046FFF7B8FE2D18F8D455
:10D1F00009B0F0BDE82807002DE9F04F91B007EE27
:10D20000900A684600F1180002F1180218C9C0CA55
:10D21000A3FB06BC40F804BB4FF0000AA3FB07B910
:10D220001CEB0B0C49F10009A4FB06BE1CEB0B0C1C
:10D2300059EB0E094AF1000A40F804CBA4FB07CED3
:10D2400019EB0C094AEB0E0AA0E80006A0F11C003D
:10D25000A2F11402B2E8C00120C9A3FB06BC40F849
:10D2600004BB4FF0000AA3FB07B91CEB0B0C49F100
:10D270000009A4FB06BE1CEB0B0C59EB0E094AF18E
:10D28000000A40F804CB4FF0000BA3FB08CE19EBCB
:10D290000C095AEB0E0A4BF1000BA4FB07CE19EB5D
:10D2A0000C095AEB0E0A4BF1000BA5FB06CE19EB4D
:10D2B0000C095AEB0E0A4BF1000B40F8049B08C90D
:10D2C0004FF0000CA4FB08E91AEB0E0A5BEB090B0C
:10D2D0004CF1000CA5FB07E91AEB0E0A5BEB090BFE
:10D2E0004CF1000CA3FB06E91AEB0E0A5BEB090BF1
:10D2F0004CF1000CD0F800E01AEB0E0A5BF1000BC9
:10D300004CF1000C40F804AB10C94FF0000EA5FB27
:10D31000089A1BEB090B5CEB0A0C4EF1000EA3FB09
:10D32000079A1BEB090B5CEB0A0C4EF1000EA4FBF9
:10D33000069A1BEB090B5CEB0A0C4EF1000ED0F8C1
:10D3400000901BEB090B5CF1000C4EF1000E40F855
:10D3500004BB40CA4FF00009A5FB06AB1CEB0A0C4E
:10D360005EEB0B0E49F10009A3FB08AB1CEB0A0CAA
:10D370005EEB0B0E49F10009A4FB07AB1CEB0A0C9A
:10D380005EEB0B0E49F10009D0F800A01CEB0A0C73
:10D390005EF1000E49F1000940F804CB80CA4FF05D
:10D3A000000AA5FB07BC1EEB0B0E59EB0C094AF15A
:10D3B000000AA3FB06BC1EEB0B0E59EB0C094AF14D
:10D3C000000AA4FB08BC1EEB0B0E59EB0C094AF13A
:10D3D000000AD0F800B01EEB0B0E59F100094AF11B
:10D3E000000A40F804EB4FF0000BA3FB07CE19EB4B
:10D3F0000C095AEB0E0A4BF1000BA4FB06CE19EBFD
:10D400000C095AEB0E0A4BF1000B40F8049BA4FBED
:10D4100007E91AEB0E0A4BEB090BA0E8000CA0F190
:10D420003400A1F11401A2F1200238C9B2E8C00110
:10D43000A3FB06BC40F804BB4FF0000AA3FB07B9EE
:10D440001CEB0B0C49F10009A4FB06BE1CEB0B0CFA
:10D4500059EB0E094AF1000A40F804CB4FF0000BDB
:10D46000A3FB08CE19EB0C095AEB0E0A4BF1000B8B
:10D47000A4FB07CE19EB0C095AEB0E0A4BF1000B7B
:10D48000A5FB06CE19EB0C095AEB0E0A4BF1000B6B
:10D4900040F8049B08C94FF0000CA4FB08E91AEB04
:10D4A0000E0A5BEB090B4CF1000CA5FB07E91AEB2C
:10D4B0000E0A5BEB090B4CF1000CA3FB06E91AEB1F
:10D4C0000E0A5BEB090B4CF1000CD0F800E01AEBF4
:10D4D0000E0A5BF1000B4CF1000C40F804AB10C9D4
:10D4E0004FF0000EA5FB089A1BEB090B5CEB0A0C36
:10D4F0004EF1000EA3FB079A1BEB090B5CEB0A0C29
:10D500004EF1000EA4FB069A1BEB090B5CEB0A0C18
:10D510004EF1000ED0F800901BEB090B5CF1000CF3
:10D520004EF1000E40F804BB20C94FF00009A3FBE8
:10D5300008AB1CEB0A0C5EEB0B0E49F10009A4FBD7
:10D5400007AB1CEB0A0C5EEB0B0E49F10009A5FBC7
:10D5500006AB1CEB0A0C5EEB0B0E49F10009D0F890
:10D5600000A01CEB0A0C5EF1000E49F1000940F826
:10D5700004CB08C94FF0000AA4FB08BC1EEB0B0E3D
:10D5800059EB0C094AF1000AA5FB07BC1EEB0B0E78
:10D5900059EB0C094AF1000AA3FB06BC1EEB0B0E6B
:10D5A00059EB0C094AF1000AD0F800B01EEB0B0E43
:10D5B00059F100094AF1000A40F804EB10C94FF094
:10D5C000000BA5FB08CE19EB0C095AEB0E0A4BF128
:10D5D000000BA3FB07CE19EB0C095AEB0E0A4BF11B
:10D5E000000BA4FB06CE19EB0C095AEB0E0A4BF10B
:10D5F000000BD0F800C019EB0C095AF1000A4BF1EE
:10D60000000B40F8049B40CA4FF0000CA5FB06E954
:10D610001AEB0E0A5BEB090B4CF1000CA3FB08E9BB
:10D620001AEB0E0A5BEB090B4CF1000CA4FB07E9AB
:10D630001AEB0E0A5BEB090B4CF1000CD0F800E082
:10D640001AEB0E0A5BF1000B4CF1000C40F804AB36
:10D6500080CA4FF0000EA5FB079A1BEB090B5CEB91
:10D660000A0C4EF1000EA3FB069A1BEB090B5CEBB8
:10D670000A0C4EF1000EA4FB089A1BEB090B5CEBA5
:10D680000A0C4EF1000ED0F800901BEB090B5CF178
:10D69000000C4EF1000E40F804BB52F8048B4FF022
:10D6A0000009A5FB08AB1CEB0A0C5EEB0B0E49F165
:10D6B0000009A3FB07AB1CEB0A0C5EEB0B0E49F158
:10D6C0000009A4FB06AB1CEB0A0C5EEB0B0E49F148
:10D6D0000009D0F800A01CEB0A0C5EF1000E49F125
:10D6E000000940F804CB40CA4FF0000AA5FB06BC75
:10D6F0001EEB0B0E59EB0C094AF1000AA3FB08BC08
:10D700001EEB0B0E59EB0C094AF1000AA4FB07BCF7
:10D710001EEB0B0E59EB0C094AF1000AD0F800B0D1
:10D720001EEB0B0E59F100094AF1000A40F804EB18
:10D7300080CA4FF0000BA5FB07CE19EB0C095AEB82
:10D740000E0A4BF1000BA3FB06CE19EB0C095AEBAA
:10D750000E0A4BF1000BA4FB08CE19EB0C095AEB97
:10D760000E0A4BF1000BD0F800C019EB0C095AF16E
:10D77000000A4BF1000B40F8049B4FF0000CA3FB98
:10D7800007E91AEB0E0A5BEB090B4CF1000CA4FB4A
:10D7900006E91AEB0E0A5BEB090B4CF1000C40F8A2
:10D7A00004ABA4FB079A1BEB090B4CEB0A0CA0E89B
:10D7B000001817EE900A6946FFF756FC11B0BDE855
:10D7C000F08F2DE9F04F91B007EE900A68460CC932
:10D7D00001F1100160C900F11800A2FB058940F8B1
:10D7E000048BA2FB06CA19EB0C094AF1000A40F8A7
:10D7F000049BA3FB06891AEB080A49F1000BA0E879
:10D80000000CA0F12800A1F12001FCC9A2FB02BC80
:10D8100040F804BB4FF00009A2FB03AB1CEB0A0C61
:10D820005BF1000849F100091CEB0A0C58EB0B08EE
:10D8300049F1000940F804CB4FF0000AA2FB04BCF8
:10D840001BEB0B0B5CEB0C0C4AF1000A18EB0B0802
:10D8500059EB0C094AF1000AA3FB03BC18EB0B08B7
:10D8600059EB0C094AF1000A40F8048B4FF0000C08
:10D87000A2FB058BDE46E3FB048BDE4588BF4CF143
:10D88000000C18EB08085BEB0B0B4CEB0C0C18EBCB
:10D8900009085BEB0A0B4CF1000C40F8048B4FF0CD
:10D8A000000AA2FB0689CE46E3FB0589CE4588BF68
:10D8B0004AF1000A18EB080859EB09094AEB0A0A71
:10D8C000CE46E4FB0489CE4588BF4AF1000A18EB36
:10D8D0000B0859EB0C094AF1000A40F8048B4FF091
:10D8E000000CA2FB078BDE46E3FB068BDE4588BF00
:10D8F0004CF1000CDE46E4FB058BDE4588BF4CF1A5
:10D90000000C18EB08085BEB0B0B4CEB0C0C18EB4A
:10D9100009085BEB0A0B4CF1000C40F8048B04C9BE
:10D920004FF0000AA3FB0789CE46E4FB0689CE45EB
:10D9300088BF4AF1000AD0F800E018EB0E0859F150
:10D9400000094AF1000A18EB080859EB09094AEBEB
:10D950000A0ACE46E5FB0589CE4588BF4AF1000A92
:10D9600018EB0B0859EB0C094AF1000A40F8048B3C
:10D970004FF0000CA3FB028BDE46E4FB078BDE4579
:10D9800088BF4CF1000CDE46E5FB068BDE4588BF08
:10D990004CF1000CD0F800E018EB0E085BF1000B26
:10D9A0004CF1000C18EB08085BEB0B0B4CEB0C0C70
:10D9B00018EB09085BEB0A0B4CF1000C40F8048BE8
:10D9C00008C94FF0000AA4FB0289CE46E5FB07898F
:10D9D000CE4588BF4AF1000AD0F800E018EB0E08E7
:10D9E00059F100094AF1000A18EB080859EB090936
:10D9F0004AEB0A0ACE46E6FB0689CE4588BF4AF1C5
:10DA0000000A18EB0B0859EB0C094AF1000A40F820
:10DA1000048B4FF0000CA4FB038BDE46E5FB028B6E
:10DA2000DE4588BF4CF1000CDE46E6FB078BDE4589
:10DA300088BF4CF1000CD0F800E018EB0E085BF149
:10DA4000000B4CF1000C18EB08085BEB0B0B4CEBDC
:10DA50000C0C18EB09085BEB0A0B4CF1000C40F8BE
:10DA6000048B4FF0000AA5FB0389CE46E6FB028932
:10DA7000CE4588BF4AF1000A18EB080859EB09099E
:10DA80004AEB0A0ACE46E7FB0789CE4588BF4AF132
:10DA9000000A18EB0B0859EB0C094AF1000A40F890
:10DAA000048B4FF0000CA6FB038BDE46E7FB028BDA
:10DAB000DE4588BF4CF1000C18EB08085BEB0B0B44
:10DAC0004CEB0C0C18EB09085BEB0A0B4CF1000C4F
:10DAD00040F8048B4FF00008A7FB031A49185AEBD3
:10DAE0000A0A48F100081BEB010B5CEB0A0C48F139
:10DAF0000008A2FB021A1BEB010B5CEB0A0C48F1BD
:10DB0000000840F804BB4FF0000BA2FB031A4918B1
:10DB10005AEB0A0A4BF1000B1CEB010C58EB0A08FC
:10DB20004BF1000B40F804CBA3FB031A18EB0108E0
:10DB30005BEB0A0BA0E8000917EE900A6946FFF7B5
:10DB400093FA11B0BDE8F08F70B588B006460D4667
:10DB5000684611461446FFF734FE6A4631463046A1
:10DB6000FFF74AFB224669466846FFF745FB6A46CF
:10DB700029462846FFF740FB08B070BD0B1F1C313B
:10DB800053F8042F120E02775A8842771A68120A45
:10DB900082771A68C2778B42A0F10400F0D17047F7
:10DBA00001F11C0304381A688B4212BA40F8042FA2
:10DBB000A3F10403F7D1704708B50146FFF71EFA39
:10DBC00030B101F12000FFF719FA003818BF012029
:10DBD00008BD000010B50446FFF7E5F930B1214655
:10DBE0002046034ABDE81040FFF7B8B910BD00BF9A
:10DBF000E8280700F0B5144689B006460F460246ED
:10DC0000214668461D46FFF7E5FF69466846FFF76F
:10DC1000D8FD6A4631463046FFF7EEFA6A4621469D
:10DC20002046FFF7E9FA3A4629462846FFF7D2FF91
:10DC300029466846FFF7C5FD324669466846FFF744
:10DC4000C9FF224669466846FFF7C4FF32462146AF
:10DC50002046FFF7BFFF224639463846FFF7CCFA89
:10DC60006A4631462046FFF7B5FF22462946284638
:10DC7000FFF7C2FA3A4629462846FFF7ABFF694646
:10DC80002046FFF7C6F909B0F0BD000010B5044604
:10DC9000FFF764F928B907492046FFF7C3F90028C0
:10DCA00006DB21462046034ABDE81040FFF77BB95A
:10DCB00010BD00BFE8280700F0B5144699B005462E
:10DCC0000F460246214668461E46FFF783FF694617
:10DCD0006846FFF776FD6A4629462846FFF78CFA24
:10DCE0006A4621462046FFF787FA3A46314668469B
:10DCF000FFF7CCFF3A4631463046FFF76BFF2A4626
:10DD0000214608A8FFF766FF08AA39463846FFF7FC
:10DD100073FA2246294608A8FFF7B8FF3146204685
:10DD2000FFF74FFD08AA21462046FFF753FF224682
:10DD3000294610A8FFF74EFF10AA31463046FFF7DC
:10DD40005BFA3A4631463046FFF744FF694610A871
:10DD5000FFF737FD10A908AA0846FFF73BFF2A4640
:10DD600010A908A8FFF736FF08A96A460846FFF77A
:10DD700043FA3A4608A93846FFF72CFF10A928466F
:10DD8000FFF747F919B0F0BD2DE9F04F9246ABB05F
:10DD90000278DDF8D08004460F46042A00F25E8146
:10DDA000DFE812F00500B300D200F9000F0100F126
:10DDB00024055146284604F16406FFF72AF90AF1C2
:10DDC00020013046FFF725F9271D04F14409B8F179
:10DDD000000F00F09080414612A8FFF71AF929467B
:10DDE0003846FFF716F931464846FFF712F928463C
:10DDF00012AAFFF7A9FE12A8FFF700F900286CD1BC
:10DE000031461AA8FFF7DDFC1AAA294622A8FFF717
:10DE1000F3F91AA90846FFF7D4FC12AA3146304696
:10DE2000FFF7EAF912A90846FFF7CBFC12AA294628
:10DE30002846FFF72BFF12AA11461046FFF726FFD0
:10DE400012AA10462946FFF7C5FE12AA29462846FF
:10DE5000FFF7D2F92A46294612A8FFF717FF2946ED
:10DE600012AA2846FFF712FF636AD90749D5C04AAC
:10DE700029462846FFF772F880462846FFF7E6F85D
:10DE8000236C43EAC8732364294612A8FFF799FC60
:10DE900012A9084622AAFFF79DFE12A9084622AA47
:10DEA000FFF798FE22A9084612AAFFF793FE22AABE
:10DEB00029462846FFF7A0F91AAA10462946FFF777
:10DEC00089FE12A92846FFF7A4F8314612A8FFF7E9
:10DED000A0F81AA93046FFF79CF812AA494638461E
:10DEE000FFF732FEFF23C4F88430012323700020A3
:10DEF0002BB0BDE8F08F12A8FFF77CF80123129336
:10DF00006DE72846FFF7A2F8BEE7D0F8842050114D
:10DF1000012153F8203002F01F0201FA02F21A42E6
:10DF20000CBF0A460022881A4001520102F1440344
:10DF300000F14401043204302344224421442044AB
:10DF4000FFF7BAFE0223D1E7D0F884205011012157
:10DF500053F8203002F01F0201FA02F21A420CBFFD
:10DF60000A46002250018A1A520102F1440300F1CC
:10DF70004401043204302344224421442044FFF766
:10DF800039FED4F88430013B002BC4F88430CCBF78
:10DF900001230323AAE71A6802F00100D24302F02A
:10DFA00001024001520102F1440300F14401043234
:10DFB00004302344224421442044FFF77DFE0423FF
:10DFC00094E71D68EE4305F00105023500F10409F0
:10DFD0006D0100F124014A4602A805F10408FFF78B
:10DFE000F9FDA04402A908464246FFF705F902A937
:10DFF00008465246FFF700F902A806F00106FEF7B0
:10E00000FDFF68B302A8FEF7F5FF02A908460AF172
:10E010002002FFF7F1F83C3D02A96219084676019B
:10E020000192FFF7E9F806F1440104364346019AEC
:10E030002144A01904F14405FFF7DCFD02AA29469A
:10E040004846FFF781FD49463846FEF7E2FF29467C
:10E0500007F12000FEF7DDFF05232370012047E7CD
:10E0600002A90AA8FEF7D5FF4149DFF804B112A8BA
:10E07000FEF7CFFF1AA8FEF7BDFF012322A81A93CF
:10E08000FEF7B8FF12A90AA8FEF7CCFF20B91AA91B
:10E0900002A8FEF7BEFFB8E70A9BDA0718D40AA861
:10E0A000FEF7D4FF1A9810F0010305D01AA95A46BA
:10E0B0000846FEF753FF03461AA80193FEF7C6FF72
:10E0C000019B002BDED0219B43F000432193D9E735
:10E0D000129BDB0718D412A8FEF7B8FF229810F0A5
:10E0E000010305D022A95A460846FEF737FF03462A
:10E0F00022A80193FEF7AAFF019B002BC2D0299B07
:10E1000043F000432993BDE7002818DD0AA912AAAD
:10E110000846FEF748FF0AA8FEF798FF22A91AA8AA
:10E12000FEF780FF002804DA1AA95A460846FEF7CF
:10E1300015FF1AA922AA0846FEF735FFB2E712A971
:10E140000AAA0846FEF72FFF12A8FEF77FFF1AA9BA
:10E1500022A8FEF767FF002804DA22A95A460846DB
:10E16000FEF7FCFE22A91AAA0846FEF71CFFB5E737
:10E17000E8280700014B1860704700BFE8620020E4
:10E18000074B10B5002104464FF4BC72184620F02E
:10E190006DFA21460430BDE81040FFF701BD00BF15
:10E1A0000C3501202DE9F341294D2B78012B2BD083
:10E1B000022B40D0002B48D1281DFEF71FFF04463C
:10E1C00018B1002002B0BDE8F0812248291DFEF7F9
:10E1D00029FF01280646F4D105F164071D4AC5F858
:10E1E000A47005F18408291D3846C5F8A880FEF7FB
:10E1F000B5FE184AC5F8AC0039464046FEF7AEFEFB
:10E2000085F8B0402E70DCE7D5F8AC30124AB3FA8E
:10E2100083F35B0905EB830300240094D3F8A43057
:10E2200005F1240105F1B000FFF7AEFD0028C8D0CC
:10E2300002232B70C5E705F12400FFF7BDFC10B1E8
:10E2400000202870BEE703232B700120BAE700BF2F
:10E250000C350120C82807006828070038B5094D8B
:10E2600004460846291DFFF789FC05F124012046D4
:10E27000FFF784FC05F1440104F12000BDE83840BB
:10E28000FFF77CBC0C35012010B5A8B0014618A8DA
:10E29000FFF786FC203120A8FFF782FC18A8FFF7C3
:10E2A0008BFC0446002833D11A4818A9FEF7BAFEA1
:10E2B00001282AD1174820A9FEF7B4FE012824D14D
:10E2C00020A96846FFF77DFA1C22214611A820F0FC
:10E2D000CDF9032318A908A81093FFF772FA08A92B
:10E2E000084610AAFFF776FC08A9084618AAFEF708
:10E2F00083FF08A90846084AFFF7C8FC08A9684632
:10E30000FEF790FEB0FA80F46409204628B010BDF4
:10E310000024FAE7E8280700A82807002DE9F041C3
:10E320004FF4BC7206460F461E481E4DDFF8808033
:10E33000002120F09BF94024D8F800301948202112
:10E34000984758B32846FEF759FE38BB2D62164C45
:10E3500039462046FFF724FC3146A4F18000FFF740
:10E360001FFC06F12001A4F16000FFF719FC04F185
:10E3700020060E4AC5F8E44021462046C5F8E8606C
:10E38000FEF7ECFD094AC5F8EC0021463046FEF7E1
:10E39000E5FD002385F8F030BDE8F081013CCBD1EC
:10E3A000D5E700BF0C350120B0350120C828070093
:10E3B000E862002007B50B48D0F8EC30026A009202
:10E3C000B3FA83F35B0900EB830300F1240200F14D
:10E3D0006401D3F8E430F030FFF7D6FC03B05DF809
:10E3E00004FB00BF0C3501200149FFF7C7BB00BF8C
:10E3F00070350120022910B514461A4608D00529A7
:10E4000008D0012908D10021FEF71EF9204610BDD1
:10E410000121F9E70321F7E70020F8E70139C9B244
:10E42000022910B405D8054C615C5DF8044B12F06C
:10E430009BBF00205DF8044B704700BF0829070010
:10E4400070470000064A0523118A814206D0013B2D
:10E4500013F0FF0302F11C02F6D11A461046704772
:10E460008836012010B5094B05224FF6FF711C8A32
:10E470008C4204D100221882DA751A8310BD013A49
:10E4800012F0FF0203F11C03F1D1F7E788360120F7
:10E49000427E013208B542760FF03FFD034A92F802
:10E4A000BA3013B1013B82F8BA3008BD883601207A
:10E4B00038B5044600282FD11C4C05234FF6FF72B7
:10E4C000218A914201D0A17D31BB013B13F0FF03B2
:10E4D00004F11C04F4D1002038BD658A002DFAD067
:10E4E000638A228A5B1B638263681A70238A62686C
:10E4F0001B0A43F01003537063689D7063682A0A17
:10E50000DA7061682046FFF7C3FF638A13B163685E
:10E510002B4463600120DFE7658A01F075F98542CD
:10E52000DBD301F071F90546D8E700BF883601203A
:10E5300070B50E460446154601F066F9B04217D292
:10E540002B18C4E90053361A01236682A375A870FC
:10E55000000AE87029462046FFF79AFF074D95F814
:10E56000BA3023B12046FFF7A3FF0028F7D170BDD2
:10E5700029462046BDE87040FFF78ABF8836012053
:10E580002DE9F3411B4D95F8BA3040B1184495F888
:10E59000BB30C0B2984228BF184685F8BA00164F63
:10E5A00095F8BA3013B902B0BDE8F0810020FFF74A
:10E5B0007FFF0028F4D10DF1070138460BF051FD23
:10E5C00004460028EFD04378867890F803800078DE
:10E5D00000EB032080B2FFF735FF30B106EB0821D6
:10E5E000224689B2FFF7A4FFDAE720460BF020FDB0
:10E5F000D6E700BF883601203037012038B5104CEF
:10E600000523228A824214D1206818B10BF010FD34
:10E6100000232360A0680025A57510B10BF008FD4C
:10E62000A5604FF6FF73607E2382BDE83840FFF798
:10E63000A7BF013B13F0FF0304F11C04E1D138BD77
:10E64000883601202DE9F041437890F800808678E3
:10E6500008EB032808F44057C378C8F30B080546B5
:10E66000404606EB0326FFF7EDFEB6B2044638B986
:10E67000002628460BF0DCFC35462846BDE8F08134
:10E68000B7F5005F3DD1806818B10BF0D1FC0023D5
:10E69000A360032EECD96B792F79274A07EB032768
:10E6A000B2F8B420BFB2FB1C9342E1DAB342E4DB20
:10E6B00007F10800002180B20BF0B6FCA060002832
:10E6C000D6D0431CE36080F80080E3684FEA182846
:10E6D0005A1CE26083F80080E36804375A1CE26049
:10E6E0001F70E3685A1CE2603A121A70E068324602
:10E6F000291D1FF093FFE368BF1B3344E360A7822B
:10E70000B6E7B7F5805FB3D18368002BB0D0838ABA
:10E71000B342ADD3C0683246291D1FF07FFFE368C6
:10E720003344E360A38A9B1B9BB2A382002B9FD13F
:10E73000A668A3609DE700BF883601200F4B4FF607
:10E74000FF721A829A85A3F84820A3F86420A3F8E0
:10E7500080204FF0FF32C3E92322C3F894201B220C
:10E76000A3F8B42040F205120021A3F8B820C3E9B1
:10E770002A11C3F8D81000F0B3BF00BF88360120BB
:10E78000024B012283F821200FF06EBCAC3F012028
:10E79000014BA3F8B40070478836012030B5074D0F
:10E7A000D5E9004322B120431943C5E9000130BD3A
:10E7B00024EA000023EA0101F7E700BFF06200202D
:10E7C0002DE9F041437806788478C77806EB032674
:10E7D000B6B280463046FFF735FE054668B304EB17
:10E7E0000724194F07F1A8000BF0BEFCA4B2424663
:10E7F000F0B197F8BA30DBB121462846FFF798FE12
:10E8000001F002F82A7E013C94FBF0F3013313443B
:10E81000DBB22B7697F8B8209A4213D8EB7D8BB9F0
:10E820000A4B0121E97530465B69BDE8F0411847A4
:10E83000074800210BF0FFFBE2E74046BDE8F0414E
:10E840000BF0F6BBBDE8F08188360120AC3F01201B
:10E850003037012038B50446C81C80B20D460BF095
:10E86000DBFB18B10470240A4470857038BD0000C9
:10E8700037B5024618B1104800210BF0DCFB0F4DF4
:10E88000AB7EB3B10DF1070105F110000BF0E9FB10
:10E89000044670B1AB7E013BAB764278037802212F
:10E8A00003EB022328462B830BF0CAFC20460FF013
:10E8B0003EFB03B030BD00BF783701206837012030
:10E8C000054B0022C3E9042201229A769A71034A79
:10E8D00092F820201A73704768370120AC3F01205E
:10E8E0007047000010B5054C20460BF0B2FC012328
:10E8F000A3760020BDE81040FFF7BABF68370120BB
:10E9000038B504460D4640F206400321FFF7A2FF4A
:10E9100038B1C470240A04714571BDE83840FFF76E
:10E92000A7BF38BD70B506460D4642F2110007215B
:10E93000FFF790FF044648B1C670294604300BF03B
:10E94000C9FC2046BDE87040FFF792BF70BD08B516
:10E95000002142F21000FFF77DFF18B1BDE808402A
:10E96000FFF786BF08BD38B505460C4642F21300D6
:10E970000E21FFF76FFF20B3C5702D0A05712288A5
:10E9800042712288120A82716288C2716288120AF8
:10E990000272A2884272A288120A8272E288C2724D
:10E9A000E288120A0273228942732289120A827350
:10E9B0006289C2736289120A0274BDE83840FFF7A7
:10E9C00057BF38BD2DE9F84F07460E4642F20D00FD
:10E9D0001921DDF828B09DF82C900C9D92469846A0
:10E9E000FFF738FF044690B3C77046713F0A360AF6
:10E9F0000771867180F807A080F8088059460930B1
:10EA00000BF068FC84F80F902B8823742B881B0A6A
:10EA100063746B88A3746B881B0AE374AB882375DB
:10EA2000AB881B0A6375EB88A375EB881B0AE3753B
:10EA30002B8923762B891B0A63766B89A3766B89D6
:10EA40001B0AE3762046BDE8F84FFFF711BFBDE88B
:10EA5000F88F08B5002142F20E00FFF7FBFE18B157
:10EA6000BDE80840FFF704BF08BD2DE9F84F064692
:10EA7000884642F220000E21BDF828B0BDF82CA037
:10EA8000BDF8309017461D46FFF7E4FE08B3C67088
:10EA900080F80580360A4FEA1828C77145723F0A88
:10EAA0002D0A4FEA1B214FEA1A224FEA1923067159
:10EAB00080F806800772857280F80BB0017380F8C9
:10EAC0000DA0827380F80F900374BDE8F84FFFF734
:10EAD000CFBEBDE8F88F38B504460D4642F221009E
:10EAE0000321FFF7B7FE38B1C470240A04714571E1
:10EAF000BDE83840FFF7BCBE38BD70B506460D46D0
:10EB000042F2220006211446FFF7A4FE60B1C6704F
:10EB10004571360A2D0AC471240A06718571047282
:10EB2000BDE87040FFF7A4BE70BD38B505460C4681
:10EB300042F224000421FFF78DFE48B1C5704471F4
:10EB40002D0A240A05718471BDE83840FFF790BE94
:10EB500038BD38B505460C4642F226004021FFF785
:10EB600079FEC0B12B46C21C05F1200153F8045BAD
:10EB700042F8045B8B42F9D1214600F1230304F1F2
:10EB8000200251F8044B43F8044B9142F9D1BDE8FF
:10EB90003840FFF76DBE38BD08B5002142F22F00A6
:10EBA000FFF758FE18B1BDE80840FFF761BE08BD89
:10EBB00038B505460C4642F217002021FFF74AFE01
:10EBC000C0B12B46C21C05F1100153F8045B42F89A
:10EBD000045B8B42F9D1214600F1130304F11002CA
:10EBE00051F8044B43F8044B9142F9D1BDE8384049
:10EBF000FFF73EBE38BD10B50221044642F21B00AD
:10EC0000FFF728FE30B1C470240A0471BDE810403B
:10EC1000FFF72EBE10BD38B505460C4642F21A006D
:10EC20001221FFF717FE80B1C5702D0A057121462C
:10EC3000431D04F1100251F8044B43F8044B914278
:10EC4000F9D1BDE83840FFF713BE38BD08B5002143
:10EC500042F21800FFF7FEFD18B1BDE80840FFF7CB
:10EC600007BE08BD08B5002142F20200FFF7F2FD21
:10EC700018B1BDE80840FFF7FBBD08BD08B500218D
:10EC800042F20300FFF7E6FD18B1BDE80840FFF7C8
:10EC9000EFBD08BD08B5002142F21C00FFF7DAFD08
:10ECA00018B1BDE80840FFF7E3BD08BD08B5002175
:10ECB00042F20F00FFF7CEFD18B1BDE80840FFF7A4
:10ECC000D7BD08BD70B506460D4642F212000721B9
:10ECD000FFF7C0FD044648B1C670294604300BF06A
:10ECE000F9FA2046BDE87040FFF7C2BD70BD10B50F
:10ECF0000121044642F20A00FFF7ACFD20B1C470C6
:10ED0000BDE81040FFF7B4BD10BD70B505460E4616
:10ED100042F208002021FFF79DFD044688B1031D43
:10ED2000C5702A46314618461FF078FCC5F11F020F
:10ED3000284400211FF09AFC2046BDE87040FFF7F0
:10ED400097BD70BD2DE9F74F06460D4699460F2138
:10ED50009DF83030DDF834B09DF838809DF83C7077
:10ED6000019342F206009246FFF774FD044600B399
:10ED7000C6704571019B80F807A0360A2D0A0671FE
:10ED8000857180F808900A306372BBF1000F0DD0D6
:10ED900059460BF09FFA04F1100080F8008047708C
:10EDA000204603B0BDE8F04FFFF762BD0BF09FFABD
:10EDB000F3E703B0BDE8F08F10B50821044642F236
:10EDC0000100FFF747FD48B12268C0F803206268E0
:10EDD000C0F80720BDE81040FFF74ABD10BD38B5A8
:10EDE0000621054642F20500FFF734FD044640B116
:10EDF000294603300BF06EFA2046BDE83840FFF795
:10EE000037BD38BD38B505460C4642F20C0002212C
:10EE1000FFF720FD28B1C5700471BDE83840FFF749
:10EE200027BD38BD2DE9F84380460E4642F20B005F
:10EE300007219DF8209015461F46FFF70BFD70B186
:10EE400006718571360A2D0A80F803804671C571F6
:10EE5000077280F80990BDE8F843FFF709BDBDE8E7
:10EE6000F88370B505460E4642F209002021FFF7EF
:10EE7000F1FC044688B1031DC5702A463146184688
:10EE80001FF0CCFBC5F11F02284400211FF0EEFB50
:10EE90002046BDE87040FFF7EBBC70BDF8B50646F4
:10EEA0000F4642F219001C2115461C46FFF7D2FC02
:10EEB000D0B1C670360A06713B68C0F805307B6871
:10EEC00045732D0AC0F809308573234600F10F02FF
:10EED00004F1100153F8044B42F8044B8B42F9D172
:10EEE000BDE8F840FFF7C4BCF8BD08B5002141F209
:10EEF0000900FFF7AFFC18B1BDE80840FFF7B8BC48
:10EF000008BD08B5002141F20100FFF7A3FC18B1CC
:10EF1000BDE80840FFF7ACBC08BD10B502210446AF
:10EF200041F20540FFF796FC30B1C470240A047129
:10EF3000BDE81040FFF79CBC10BD000008B5074BB2
:10EF40000122002140F603409A76FFF783FC18B1B6
:10EF5000BDE80840FFF78CBC08BD00BF6837012042
:10EF600010B50821044640F60140FFF773FC48B194
:10EF70002268C0F803206268C0F80720BDE810408E
:10EF8000FFF776BC10BD10B50821044640F663407B
:10EF9000FFF760FC48B12268C0F803206268C0F83F
:10EFA0000720BDE81040FFF763BC10BD38B505462B
:10EFB0000C4640F67C400421FFF74CFC48B1C5707C
:10EFC00044712D0A240A05718471BDE83840FFF7A9
:10EFD0004FBC38BD2DE9F04180460F4642F2270074
:10EFE000272115461E46FFF735FC044600B380F87E
:10EFF0000380394604300BF06DF92A4604F10A0308
:10F0000005F1100152F8040B43F8040B8A42F9D1C0
:10F01000334604F11A0206F1100153F8040B42F8CA
:10F02000040B8B42F9D12046BDE8F041FFF720BC2C
:10F03000BDE8F08170B506460D4642F22800072172
:10F04000FFF708FC044648B1C670294604300BF0AF
:10F0500041F92046BDE87040FFF70ABC70BD08B515
:10F06000002142F22900FFF7F5FB18B1BDE8084086
:10F07000FFF7FEBB08BD08B5002142F22A00FFF7EA
:10F08000E9FB18B1BDE80840FFF7F2BB08BD10B5B9
:10F090000121044642F22D00FFF7DCFB20B1C470D1
:10F0A000BDE81040FFF7E4BB10BD10B502210446D7
:10F0B00042F22E00FFF7CEFB30B1C470240A047177
:10F0C000BDE81040FFF7D4BB10BDF8B507460E46AB
:10F0D00042F24E0008211546FFF7BCFB044650B132
:10F0E000C770314604300BF0F5F8A5722046BDE834
:10F0F000F840FFF7BDBBF8BD10B50221044642F24F
:10F100006D00FFF7A7FB30B1C470240A0471BDE89D
:10F110001040FFF7ADBB10BD70B506460D4642F27C
:10F1200035000721FFF796FB044648B1C670294613
:10F1300004300BF0CFF82046BDE87040FFF798BBD5
:10F1400070BD70B506460D4642F236001921FFF734
:10F1500081FB0446002830D0C6702B8803712B88B1
:10F160001B0A43716B6883716B681B0AC371EB8860
:10F170000372AB684372AB681B0A83726B89C372FC
:10F180002B7B03736B7B4373AB7B837329690F30DA
:10F190000BF0A0F82B7D63756B7DA375AB7DE375DC
:10F1A000EB7D23762B7E63766B7EA376AB7EE37658
:10F1B0002046BDE87040FFF75BBB70BDFB2B2DE91F
:10F1C000F84328BFFB230F46191D8046C9B242F2FF
:10F1D0003700DDF8209016461D46FFF73BFB04463E
:10F1E00070B180F803800771467185712A464946DF
:10F1F00007301FF013FA2046BDE8F843FFF738BB8D
:10F20000BDE8F883FB2B2DE9F84328BFFB230F460D
:10F21000191D8046C9B242F23800DDF8209016462A
:10F220001D46FFF717FB044670B180F80380077195
:10F23000467185712A46494607301FF0EFF920468E
:10F24000BDE8F843FFF714BBBDE8F88370B50D4681
:10F2500089000646023142F239001446FFF7FAFAF5
:10F26000E0B10571C6702246034600EB8505AB424E
:10F2700002F1060203D1BDE87040FFF7F9BA12F8B7
:10F28000061C597132F8041C997132F8041C090AE1
:10F29000D97112F8021C19720433E8E770BD08B581
:10F2A000002142F23A00FFF7D5FA18B1BDE8084054
:10F2B000FFF7DEBA08BD08B5002142F23B00FFF7B8
:10F2C000C9FA18B1BDE80840FFF7D2BA08BD10B5B9
:10F2D0000121044642F23C00FFF7BCFA20B1C470A1
:10F2E000BDE81040FFF7C4BA10BD08B5002142F2D6
:10F2F0003D00FFF7AFFA18B1BDE80840FFF7B8BA14
:10F3000008BD2DE9F04180460F4642F23E0007213C
:10F3100016461D46FFF79EFA70B1077186713F0AC7
:10F32000360A05722D0A80F803804771C67145724E
:10F33000BDE8F041FFF79CBABDE8F081FC2A28BF88
:10F34000FC222DE9F0410F46D11C8046C9B242F2A1
:10F350003F001E461546FFF77DFA044668B180F867
:10F360000380077145712A46314606301FF056F971
:10F370002046BDE8F041FFF77BBABDE8F08138B523
:10F3800005460C464FF401500221FFF763FA28B1FD
:10F39000C5700471BDE83840FFF76ABA38BD2DE981
:10F3A000F0411C46002380460F4616461D4646FA8D
:10F3B00003F2D20744BF0135EDB2072B03D0042D71
:10F3C00003F10103F3D105EB8501033142F2410062
:10F3D000FFF740FA18B380F803800771467123469F
:10F3E00002460021CCB2A54203F1060303D8BDE8D2
:10F3F000F041FFF73DBA13F8024C947133F8064C14
:10F40000D47133F8064C240A147233F8044C547245
:10F4100033F8044C240A947201310532E2E7BDE866
:10F42000F0812DE9F04180460F4642F2420006216C
:10F4300016461D46FFF70EFA60B14671C571360AD1
:10F440002D0A80F80380077186710572BDE8F041CE
:10F45000FFF70EBABDE8F0812DE9F0410023174611
:10F46000027A054688461E4642FA03F1C90744BFA0
:10F470000136F6B2072B03D0042E03F10103F3D1BA
:10F4800031010A3142F24300FFF7E4F90446002853
:10F4900055D02B78C3706B780371AB784371696872
:10F4A00006300AF017FF2B7A2373414623463A466B
:10F4B00004EB0616B34201F1040102F10C0204D17F
:10F4C0002046BDE8F041FFF7D3B931F8040C58737A
:10F4D00031F8040C000A987331F8020CD87331F833
:10F4E000020C000A187432F80C0C587432F80C0C28
:10F4F000000A987432F80A0CD87432F80A0C000A20
:10F50000187532F8080C587532F8080C000A98750E
:10F5100032F8060CD87532F8060C000A187632F864
:10F52000040C587632F8040C000A987632F8020C73
:10F53000D87632F8020C000A18771033BAE7BDE823
:10F54000F0812DE9F84F8246894642F244000E21AF
:10F55000BDF82860BDF82C509DF8308093461F46BA
:10F56000FFF778F90446B0B180F803A080F8049062
:10F5700080F805B0394606300AF0ACFE2673A57354
:10F58000360A2D0A6673E57384F810802046BDE8BC
:10F59000F84FFFF76DB9BDE8F88F08B5002142F2CA
:10F5A0004500FFF757F918B1BDE80840FFF760B90B
:10F5B00008BD10B50221044642F24600FFF74AF9A1
:10F5C00030B1C470240A0471BDE81040FFF750B98F
:10F5D00010BDF8B507460E4642F247000821154611
:10F5E000FFF738F9044650B1C770314604300AF0CD
:10F5F00071FEA5722046BDE8F840FFF739B9F8BDA5
:10F60000F8B507460E4642F2480008211546FFF7B6
:10F6100021F9044650B1C770314604300AF05AFE51
:10F62000A5722046BDE8F840FFF722B9F8BD08B53D
:10F63000002142F24900FFF70DF918B1BDE808407A
:10F64000FFF716B908BD08B5002142F24A00FFF7DE
:10F6500001F918B1BDE80840FFF70AB908BD10B5B7
:10F660000221044642F23000FFF7F4F830B1C470D2
:10F67000240A0471BDE81040FFF7FAB810BD70B558
:10F6800006460D4642F2310003211446FFF7E2F828
:10F6900030B1C67005714471BDE87040FFF7E8B83D
:10F6A00070BD2DE9F8430546884642F23200072135
:10F6B000BDF8206091461F46FFF7CCF870B1C570C9
:10F6C00006722D0A360A057180F8058080F80690CA
:10F6D000C7714672BDE8F843FFF7CAB8BDE8F883C2
:10F6E000FFF7EEB82DE9F84F04464FF0000A14F882
:10F6F000059B1B4EDFF86C805746B9F1000F04D113
:10F700005046BDE8F84FFEF73BBF14F8033C14F831
:10F71000045C14F802BC05EB0325ADB22846FEF7E5
:10F7200091FEB0B1427E5B46D21A4276027ED21A78
:10F7300053445FFA83FAC37DD2B202764BB196F896
:10F74000B930934205D3C775D8F814200021284654
:10F75000904709F1FF395FFA89F90434CDE700BF1A
:10F7600088360120AC3F012010B5064C0A46014600
:10F7700020460AF060FC94F820000121BDE810400A
:10F780000EF09EBCAC3F012037B541B18B78012B08
:10F790000FD1084603B0BDE83040FFF7A1B8C3075A
:10F7A00007D5134D12480DF107010AF05AFC044623
:10F7B00008B903B030BD9DF80730042B0BD100F021
:10F7C00087FC95F8213013B120460EF04FFC2046FF
:10F7D0000AF02EFCE6E7022B06D1FEF733FF0028E5
:10F7E000E0D02B699847DDE7AB69002BFAD1EFE752
:10F7F000AC3F01200048704728370120014B93F8A7
:10F80000BC00704788360120014BB3F8B600704742
:10F8100088360120014BD3E930017047883601203A
:10F82000014BB3F8B400704788360120014B93F8C0
:10F83000C900704788360120034B93F8C90000388F
:10F8400018BF0120704700BF88360120014BB3F874
:10F85000CA00704788360120014B93F8CC007047EE
:10F8600088360120014B93F8CD007047883601207F
:10F8700010B50A7802718C784B7803EB04239BB2A5
:10F88000C380C97801720380C27010BD30B50C7896
:10F8900004718A784B7803EB02239BB2C3800D7905
:10F8A000CA7802EB052202818D794A7902EB0522A2
:10F8B00042810D7ACA79038002EB05228281C470ED
:10F8C00030BD0B780371C370704710B50A780271B0
:10F8D0008C784B7803EB04239BB2C380C978017208
:10F8E0000380C27010BD0B7803714A784271C978E9
:10F8F00081710280C370704730B50C7804718A78CA
:10F900004B7803EB02239BB2C380CA7802724D7915
:10F910000A7902EB05224281CD798A79038002EBD4
:10F9200005228281C47030BD0A78027110B54B780F
:10F930008C78C27003EB04239BB2C380038010BD9C
:10F94000FFF7F2BFFFF7F0BFFFF792BF4A780B78DF
:10F9500003EB02238380704711F8012C11F8023C5D
:10F9600003EB022383800B78C3704B78837170475D
:10F970000B78037170470A78027110B54B788C7858
:10F98000C27003EB04239BB2C380038010BDFFF75A
:10F99000F2BF0A7802714B7810B58C7803EB042320
:10F9A000C3800C79CB78C27003EB0423038110BDB4
:10F9B000FFF7E1BF0A7802714B7810B58C7803EB42
:10F9C0000423C3800C79CB7803EB042303818C7967
:10F9D0004B7903EB042343810C7ACB79C27003EBA0
:10F9E0000423838110BD4A780B7803EB02239BB27A
:10F9F00083808A7810B5CC7802EB0422C2804C79DF
:10FA00000A7902EB04220281CC798A7902EB042282
:10FA100042814C7A0A7A038002EB0422828110BD73
:10FA2000FFF7E1BFFFF7A7BF4A780B7803EB02238C
:10FA30009BB283800380704710B50A7802718C787E
:10FA40004B7803EB04239BB2C380CC780472097912
:10FA50004172C270038010BDFFF7EEBF704730B532
:10FA60000C7804714A784271CD788B7803EB0523CA
:10FA7000C3800B790372C470028030BD0B78C370F1
:10FA800070474A780B7803EB02239BB283808A7815
:10FA9000827103807047FFF747BFFFF745BFFFF74D
:10FAA00043BFFFF768BFFFF766BFFFF764BFFFF70D
:10FAB00062BF0B7803714A7842718A788271CA7882
:10FAC000C2710A790272C370704730B50B46441D8B
:10FAD00013F8012B0271213153F8045B44F8045BE5
:10FAE0008B42F9D1C27030BD30B50B46441D13F8BE
:10FAF000012B0271413153F8045B44F8045B8B42E3
:10FB0000F9D1C27030BD10B50A4612F8014B04712C
:10FB1000D1F80130C0F805305368C0F80930C4701E
:10FB200010BD30B50B46441D13F8012B0271113185
:10FB300053F8045B44F8045B8B42F9D1C27030BDCA
:10FB400004301EF06BBD10B50C464A7814F8023B29
:10FB500003EB02239BB28380D1F80220C0F8062079
:10FB60006268C0F80A20CC7A8A7A038002EB042209
:10FB7000C28110BD10B50C7804718A784B7803EB04
:10FB800002239BB2C380D1F803208260D1F8072002
:10FB9000C2600380C47010BD10B50A7802718C7801
:10FBA0004B7803EB04239BB2C380D1F803408460FD
:10FBB000C97901730380C27010BD38B50B78037129
:10FBC0008A784B7803EB0223C3800A79CB7803EB66
:10FBD000022303818A794B7903EB02234381CB799A
:10FBE00003730D460B7A4373044609310E300AF055
:10FBF00071FBEB7B23756A7C2B7C03EB0223E38296
:10FC0000AB7C23762379E370E388238038BD38B555
:10FC10000B7803718A784B7803EB0223C380CB788F
:10FC200003720D460B794372044605310A300AF01F
:10FC300051FBEB7A23746A7B2B7B03EB02236382F9
:10FC4000AB7B23752379E370E388238038BD10B53F
:10FC50000B7803714B7843710446023106300AF089
:10FC600039FB2379238010BD10B511F8013B0371D6
:10FC7000044605300AF02EFB2379E37010BDFFF730
:10FC8000F3BF38B50B7803718A784B7803EB022306
:10FC9000C380CB7803720B79437204460D460A3059
:10FCA00005310AF017FB05F10B0104F117000AF00A
:10FCB00011FB05F1110104F11D000AF00BFB2A7E76
:10FCC000EB7D03EB02232382AA7E6B7E03EB0223F0
:10FCD00063822A7FEB7E03EB0223A3826B7FA375F3
:10FCE000E38823802379E37038BD38B50B7803713E
:10FCF0008A784B7803EB0223C380CB7803720D46DE
:10FD00000B794372044605310A300AF0E3FA2A7B84
:10FD1000EB7A03EB02232382AA7B6B7B03EB0223A8
:10FD200063822A7CEB7B03EB0223A3826B7CA375AB
:10FD30000023C4F81730A4F81B30C4F81D30A4F811
:10FD40002130E38823802379E37038BD0B78037179
:10FD5000C37070470B780371C37070470B780371E1
:10FD6000C37070470B780371C37070470B780371D1
:10FD7000C37070470B780371C37070474A780B7873
:10FD800003EB02239BB283800380704700B542F2ED
:10FD9000260399428BB003D042F25E0399420BD105
:10FDA000074BDB6843B126228DF804008DF8030071
:10FDB0008DF80220684698470BB05DF804FB00BF41
:10FDC000AC3F012010B5037844783BB1C27881780C
:10FDD00001EB022189B21846FFF7D8FF2046BDE8A3
:10FDE0001040FEF77FBD00002DE9F3418378457890
:10FDF000B44A0778966805EB0325ADB242F25B037F
:10FE00009D42884600F1030112D842F204039D424C
:10FE100023D840F67C439D4200F04B8141F20543DC
:10FE20009D4200F0488140F62D439D4200F04581FF
:10FE3000AB0A3F2B00F01E8108F10200C0B2019115
:10FE40000AF09AF801990446002840F021813846CA
:10FE500002B0BDE8F041FEF745BDA5F50053053BF6
:10FE6000562BE5D801A050F823F000BF590005003B
:10FE700031FE040031FE040031FE040031FE0400B6
:10FE80004900050031FE04004500050031FE040074
:10FE9000C9FF040031FE040031FE040031FE0400FD
:10FEA00031FE040031FE040031FE04002100050093
:10FEB00031FE0400F9FF04001B00050031FE0400C0
:10FEC000130005001700050031FE040031FE040098
:10FED00031FE040031FE0400BF000500FFFF0400F6
:10FEE0000B000500030005000700050031FE0400BB
:10FEF00031FE040025000500290005002D00050045
:10FF000031FE040031000500350005003900050010
:10FF100031FE04000F0005003D0005004100050012
:10FF200031FE040031FE040031FE040031FE040005
:10FF300031FE040031FE040031FE040051000500D2
:10FF400031FE040031FE040031FE040031FE0400E5
:10FF500031FE040031FE04005500050031FE0400AE
:10FF60004D00050031FE040031FE040031FE0400A6
:10FF700031FE040031FE040031FE040031FE0400B5
:10FF800031FE040031FE040031FE040031FE0400A5
:10FF900031FE040031FE040031FE040031FE040095
:10FFA00031FE040031FE04005D0005006100050023
:10FFB00065000500690005006D00050031FE0400C4
:10FFC00071000500AF00050005243F4B0191185D4D
:10FFD00009F0D2FF054600283FF439AF0023038023
:10FFE000C3703A4B019953F82430847042469847C5
:10FFF0002846B047284657E0D6681B24E5E71E246C
:020000025000AC
:10000000E3E71F24E1E72024DFE72124DDE72224C2
:10001000DBE70C24D9E70D24D7E7D6681C24D4E706
:100020000824D2E71524D0E71624CEE71724CCE71E
:100030001824CAE71924C8E71A24C6E72924C4E704
:100040002A24C2E73424C0E73524BEE73624BCE7BF
:100050003724BAE73824B8E73924B6E73F24B4E7B1
:100060004024B2E74124B0E74224AEE74324ACE7A2
:100070003B24AAE74246284601910EF00BF80446BD
:1000800000283FF4E4AE562801993FF4D5AE9CE732
:100090005623A8F1030243800580D2B204301EF03B
:1000A000BDFA2046B047204609F088FFCFE63C2441
:1000B0008BE7272489E7072487E7092485E71D24A0
:1000C00083E700BFAC3F0120232907006829070010
:1000D0002DE9F74F0646AA4F16F8023BD7F80880DD
:1000E00090F801901A2B04461CD8042B23D9053B09
:1000F000152B20D8DFE813F025021F001F002B026C
:100100001F001F001F0031021F0034002A0042029E
:100110001F001F003F001F001F001F001F001F00C7
:100120001F003D02572B00F02F8207D8302B00F024
:100130001A823E2B27D003B0BDE8F08FFF2BFAD1F7
:10014000904A938A0133938213255AE08D4A13898A
:1001500030460133138103B0BDE8F04FFFF732BEE4
:10016000884AD388494601333046D38003B0BDE87E
:10017000F04FFFF739BE3046FFF7B4FA814A938952
:1001800001339381D7E77F4A8578538A01335382BD
:100190006B1EC61C172BCED801A252F823F000BF4D
:1001A000450205005B0205009505050001020500FA
:1001B0009905050065030500690305006D03050049
:1001C00075030500EB020500010305007D03050032
:1001D000910305006304050067040500B7040500EA
:1001E000570405005B0405005F04050037010500A6
:1001F00037010500BF0405003F050500BB040500ED
:100200000B25614B585D09F0B7FE044670B1002321
:100210002380E3705D4BA57053F825304A46314684
:1002200098472046C047204609F0C8FE032D82D1DA
:10023000B378707800EB032080B203B0BDE8F04FD4
:10024000FEF7DCB9C378002BDBD14379007900EBF2
:10025000032080B2FEF706F9D3E790F80380B8F1E7
:100260000F0F3FF668AF3B2009F086FE05460028D9
:100270003FF461AF043400F10C0B00F11C0A4FF0A5
:10028000000908F1FF385FFA88F8B8F1FF0F0DD0C8
:100290002378AB726378EB72A11C58460AF01AF807
:1002A000267A2E721F2E04F1090105D9284603B0C3
:1002B000BDE8F04F09F082BEC5F804A032465046B2
:1002C00001911EF0ABF901998B5D6B724FF4C02365
:1002D0002B608C19BB6885F81290C5F81390A5F8AF
:1002E0001790284601349847CBE7C37833B9437950
:1002F000007900EB032080B2FEF7B4F8022580E716
:10030000C6780F2E3FF617AF1C2009F035FE0546C4
:1003100000283FF410AF063400F10C0A00F1130876
:100320004FF4C029013EF6B2FF2EBFD014F8023CB4
:10033000AB7214F8013CEB722146504609F0CAFF3B
:10034000A379AB74E11D404609F0C4FF637B6B7277
:100350000023C5F800902B726B602846BB68984755
:100360001034DFE723254CE724254AE7D7F80C8033
:10037000252546E7D7F80C80262542E72B2540E7C0
:10038000AC3F01208437012023290700682907009A
:10039000C3780F2B3FF6CFAE061D32460020013B3F
:1003A000DBB2FF2B4ED1243009F0E6FD05460028D4
:1003B0003FF4C1AEE47800F1070900F1150A00F13D
:1003C0002408002C3FF472AF7278337803EB0223D9
:1003D000AB80B378AB71F11C484609F07BFF737AB0
:1003E0006B73B37AAB73F37AEB73337B2B74737BDE
:1003F0006B74F27BB37B03EB02236B82337C2B7534
:1004000006F11101504609F065FF96F817B0A5F8FE
:100410001CB05B46013CE52B06F11801E4B23FF647
:1004200045AFC5F820805A46404601911EF0F6F8C7
:100430004FF4301301992B60BB68284601EB0B0683
:100440009847BEE7D17D02F11805884205EB01020D
:1004500038BF0846A3E72D25D3E62E25D1E62F2564
:10046000CFE63025CDE6407AF7283FF664AE10306F
:1004700009F082FD054600283FF45DAE2379E67859
:1004800006EB0326B6B2868063798371A379C371C4
:10049000E3790372237A4372627A42811030E86012
:1004A00004F10A011EF0BAF82E8031236B80BB687C
:1004B00028469847FAE63225A3E63A25A1E6C07B0E
:1004C000A0F10903492B3FF636AE0E30C0B2400012
:1004D00009F052FD054600283FF42DAE2279E3785D
:1004E00003EB0223838063798371A379C371227A3A
:1004F000E37903EB02230381637A8372A37AC372E5
:10050000E37A0373237B4373A27B637B03EB0223B6
:10051000C38104F11006E47B047400F11C03436101
:100520002246184631461EF079F82044A86122463A
:1005300031191EF073F8AB882B803D23B6E73E25BA
:100540005FE6164A138801331380032559E6134AE0
:100550005388013353800F2553E6104A93880133A3
:1005600093800A254DE60D4A138A013313820E2526
:1005700047E60A4AD3890133D381DCE5074A538928
:100580000133538114253CE6044AD38A0133D382D4
:10059000282536E6042534E6102532E68437012086
:1005A000074BD3F8C020910405D5064A126892047F
:1005B00001D5FFF748B8002283F8CD20FEF746BBEF
:1005C00088360120F0620020074BD3F8C020D10408
:1005D00005D5064A1268D20401D5FEF76CBE00228A
:1005E00083F8CC20FFF7DCBF88360120F0620020C2
:1005F00042F23B03994226D008D841F201039942C6
:1006000009D042F23A03994215D0704742F24A03A8
:1006100099421ED07047124BD3F8C020D10405D5A3
:10062000104A1268D20401D5FEF739BE0022A3F8A1
:10063000CA20FFF7C9BF4278037803EB0223084AB8
:10064000A2F8CA30F5E7064B027883F8CC20FFF712
:10065000A7BF034B027883F8CD20FEF7F7BA00BF9F
:1006600088360120F0620020024B034AC3F8D820EC
:10067000704700BF88360120F105050038B50446F3
:10068000103015466060053109F069FE21462846A4
:10069000BDE8384009F0D5BC2DE9F74307463820BE
:1006A00088460192994609F0B7FC044608B3124BFC
:1006B000019993F83850FF2D1ABF6E1CF6B201262F
:1006C00083F838609DF82830837008BF0025002328
:1006D00080F834300246C570A0F80090074809F051
:1006E000AAFC38464146FEF763FAE07803B0BDE85D
:1006F000F083FF20FAE700BF9C370120BC370120C0
:10070000014B024ADA6370479C3701207D060500E1
:100710007FB5056BAB8CEC8C2968E41A24B2102CE5
:10072000064619442EDC224668461DF077FF102C41
:100730000DD0C4F110020DEB040000211DF096FF56
:1007400004F110030DEB0304802304F8103C05F1C1
:100750001401684609F011FE022385F82930AB8C9C
:1007600023B106F11001684609F007FEAB8C103387
:10077000AB84324695F828306946281D00F09AF976
:1007800004B070BD684609F0EAFDE8E710B503461D
:1007900000780021C0090F2918BF5A781C7814BFAF
:1007A000D2090022013142EA4402102903F8012B48
:1007B000F1D110BDF8B5056B0446002D3DD000F118
:1007C00010060531304609F0CAFD95F82930012B95
:1007D00023D0022B26D083BB256B05F114073846A6
:1007E000314609F0BCFD3846FFF7D0FF28B195F837
:1007F000233083F0870385F82330EB8C1B0709D067
:100800003846FFF7C3FF28B195F8233083F08703FC
:1008100085F82330012385F829302046BDE8F840CB
:10082000FFF776BF236B66601A68A26093F8280012
:100830002146BDE8F84009F004BCF8BD2DE9F043BD
:10084000064685B06420884615461F4609F0E4FB3D
:10085000044688B31A4AA0F85E5000F138034FF0FE
:100860000109036380F8349092F8383080F86070A2
:1008700003EB090182F83810C370BDF830300380F3
:1008800000259DF834308370C0F83880A0F85C50A3
:1008900080F8615031463C3009F061FD266B102232
:1008A000294668461DF0E2FE301D96F828302246A3
:1008B000694600F0FFF8484605B0BDE8F08300BF88
:1008C0009C370120014B024A1A6470479C37012073
:1008D000B50705008B78252B70B504460D461646E6
:1008E00013D120220531043009F068FD202205F1E2
:1008F000250104F1240009F061FD2B79E370214604
:100900003046BDE8704009F09CBB262B03D1202265
:1009100005310430EFE770BD70B592B004469C20FD
:10092000019116461D4609F077FB0199B8B10223E3
:1009300080F834300246068085700A4809F07BFB57
:100940002022214602A809F039FD2022A1180AA878
:1009500009F034FD02A80AA9FEF7FBF8012012B045
:1009600070BD00BFCC370120014B024A5A6470476A
:100970009C370120D508050037B500238DF80730D6
:1009800083781B3B05460B2B1AD8DFE803F01B06C8
:1009900019191919191919193A43204AD0F80500DB
:1009A00092F83930D5F8091002EBC30303C392F86B
:1009B0003930022B9ABF0133DBB2002382F8393081
:1009C00003B030BD16480DF1070109F04AFB04469B
:1009D0000028F5D090F83430DA1E012A01D9012B15
:1009E00003D11021681D09F0F6FC94F834200B4B5C
:1009F00003EB82032946DB6B9DF8072020469847CE
:100A0000DEE708480DF1070109F02BFB044600283A
:100A1000EBD1D5E704480DF10701F5E79C3701203C
:100A2000BC370120C4370120CC370120064B0748D2
:100A30000022C3E90822C3E90A22C3E90C2283F891
:100A4000382006F08FBB00BF9C37012079090500D4
:100A500008B5FEF7FBF8FEF7F9F8FEF7F7F8BDE882
:100A60000840FEF7F3B8000038B5114D95F83A305C
:100A7000CC1DDB00E410DBB20144884202D1E4B2B9
:100A80004CB938BD1F2BEA5C00F8012B1ABF0133AB
:100A9000DBB20023F1E7FEF7D9F895F83A30022BE4
:100AA0009ABF0133DBB2002385F83A30013CE6E718
:100AB0009C37012070B588B00E46154601461022BD
:100AC00068461C4609F07AFC10220DEB0200314604
:100AD00009F074FC2A462146044809F0ACFA04A93E
:100AE0006846FEF765F808B070BD00BFBC3701204E
:100AF00070B504780E4E013C06EB04140546A37A4B
:100B000033B18278A378012A03D143F00203A370A2
:100B100070BD23F00203A370736D5B689847A378E0
:100B20009B07F5D4336D28465B68BDE870401847D5
:100B3000EC370120704770477047000002788378D7
:100B400070B5272B02F1FF34184E05464FEA041406
:100B50000AD13319C188198117219A7231530022A1
:100B60009A7099809A71DA603444A37A93B1736D64
:100B70002946DB6820469847336D2946DB682046C6
:100B80009847AB78282B05D1E0680023A37208B101
:100B900009F014FA736E0BB128469847336F1BB1F6
:100BA0002846BDE87040184770BD00BFEC370120F3
:100BB000137A13F0010F034B14BF1B6D5B6D1B68A1
:100BC000184700BFEC3701207047000008B5064BFE
:100BD00002781A7342785A73184610221DF010FDDD
:100BE000B0FA80F0400908BDF86200201FB50C4C37
:100BF000E46E94B18DF803300023ADF808308DF821
:100C00000C30BDF81830ADF800008DF80210ADF8CA
:100C10000A20ADF80E306846A04704B010BD00BFF2
:100C2000EC370120934228BF134607B530F8212046
:100C30009A4208D020F8213000930023807A1A4687
:100C40001621FFF7D3FF03B05DF804FB002109F084
:100C5000EBB9000030B421B9018930BC042006F0A2
:100C60003FBB054DAD6E15B1AC4630BC604730BCE6
:100C7000184609F0DDB900BFEC37012001EB400058
:100C8000704700F0010340081370087070470000BF
:100C900008B50A4A0A4B0B4983F87400C3E91422C9
:100CA000094A0420C3E91622084A06F00FFBBDE8F2
:100CB00008400749002004F0B5BB00BF782A0700B0
:100CC000EC370120B10B0500882A0700F10A050066
:100CD0003D0B05000846B1B191F902308A78002B2E
:100CE000094B02DA1B6E73B118475F2A02D99B6D5C
:100CF0009B68F9E73F2A01D9DB6DF9E71F2A8CBF12
:100D00005B6D1B6DF4E77047EC3701200A4B07B5AC
:100D1000D866FEF785FD094B1B689B88033898420F
:100D200006DC00220092022377211046FFF75EFFC7
:100D300003B05DF804FB00BFEC37012058630020CE
:100D4000014B1867704700BFEC370120024B03EBE3
:100D5000001030F8100C7047EC3701201B2906D02A
:100D60001D2914BF00230B23C01A09F061B90B23FE
:100D7000FAE7000013B500228368826082790A2AAC
:100D8000044609D014228277074A0193126818306A
:100D9000917909F055FA019B1A88A17B206802B06D
:100DA000BDE81040FFF756BF58630020408D002873
:100DB00018BF0120704700008279024B53F822309F
:100DC000184700BFBC2A070030B403460C46051D77
:100DD00007C985E80700A27861680B2A08BF09687F
:100DE0000A681A6103F110004A68426030BC184674
:100DF000FFF7E2BF38B504460D4604F02BFC38B1CE
:100E00005823013C5C4303482C2313FB0541084451
:100E100038BD00BF6438012010B50C4604F006FC54
:100E200038B15823013858432C2313FB04010148DF
:100E3000084410BD6438012037B50C4600210192EA
:100E4000FFF7EAFF0546E0B1019A137A192B05D89E
:100E5000214603B0BDE8304000F01ABB1B2B01D087
:100E60001D2B06D12146284603B0BDE8304000F0D6
:100E700083BB232B05D1214603B0BDE8304000F0F1
:100E8000E1BA03B030BD10B50446406818B109F0AE
:100E9000CFF80023636010BD10B50368827B03EBBD
:100EA000820304469A78D10705D50430FFF7EBFF9B
:100EB0000023A37110BD42F00102BDE810409A70FA
:100EC000FFF758BF012913B503D000240094FFF7A2
:100ED0008DFE02B010BD13464A8D10B50C4622B1EE
:100EE0000A21FFF7EFFF0023638510BD38B500210D
:100EF00004460078FFF77EFF054648B1207800F0F1
:100F000045FC207829460022BDE83840FFF7E3BFC2
:100F100038BD10B50446FFF72DFF2068A37B00EB1A
:100F200083039B7813F0020307D1A289807A0A21F8
:100F3000FFF7C8FF0023A37110BD638D002BF9D10B
:100F4000A3896385F6E737B50C4605460846019246
:100F5000FFF799FF019B2289A1782846FFF7B2FF8E
:100F60000023A37003B030BD70B5036890F828204B
:100F7000058A33F82230C279012A044645D1053B5F
:100F80009D42A8BF9DB205F10D0080B2FFF75EFE45
:100F90000646002831D0A368024603F10C0153F83D
:100FA000040B42F8040B8B42F9D11B781370616972
:100FB0002A4606F10D001DF031FB63692B44636185
:100FC000238A5B1B2382638AF372638A1B0A33734F
:100FD000638A2B4463821423A3770E4B1B6804F1AE
:100FE0001800997909F02CF96A1DA17B2068334615
:100FF00092B2BDE87040FFF72DBE94F82900211D84
:101000007022BDE87040FFF79EBF002386688360B2
:10101000D9E700BF5863002070B5C3798568012BFC
:1010200004462CD12888083080B2FFF70FFE054611
:10103000E8B1A1680A8808321DF0F0FAA279A37C11
:10104000062A1FD1EB72638A1B0A2B731423A37722
:10105000104B1B6804F11800997909F0F1F82A88FF
:10106000A17B20682B46BDE87040FFF7F3BD94F8E4
:101070002900211D7022BDE87040FFF764BF0023E6
:101080008360DBE76B72638A1B0AAB72A38AEB7225
:10109000A38AD9E75863002070B58378113B012BF0
:1010A00005460AD8424BD3F8F431002B45D001460F
:1010B000BDE870401B6800201847817A0078FFF770
:1010C00099FEAB78044638B9013B102B35D8284639
:1010D000BDE87040FFF7D7BE102B35D890F82860D8
:1010E0004EB990F82910324A01390C2000FB012238
:1010F00092F8BA214AB9A279012A06D80A2B0CD152
:1011000029892046FFF752FE38B17222294694F809
:101110002900BDE87040FFF716BF7EB9012A0DD146
:1011200094F82920224B013A0C2101FB023395E867
:10113000070003F5DC7383E8070070BD29462046ED
:10114000BDE87040FFF740BE132B1CD18379012B03
:1011500005D9183009F07DF87422211DD7E790F8E1
:10116000290094F82820431E002AE6D10C221049B9
:101170005343CA1892F8BA21002ADED003F5DC7373
:1011800074221944C5E7142BD7D18379002BD4D00E
:101190007122011D90F82900FFF7D5FEAA7A236875
:1011A00003EB82039A7842F004029A70C5E700BF0D
:1011B000643801202DE9F84F8B78272B05461AD18A
:1011C000807A04F0C3FA00285FD1324C23689E88ED
:1011D000FEF726FB0438864208DA23689988172927
:1011E00053D0A87ABDE8F84F00F0B9BAFEF718FB63
:1011F000043881B2F3E7282B47D1CC7804B90C7AB4
:10120000A87A254F0C23411E59437B18203493F8AC
:10121000BA31E4B22BB101F5DC7122463944FFF753
:1012200092FEA8464FF000094FF02C0BAB7A5822E3
:10123000013B0BFB09F602FB036607EB060A9AF873
:1012400006205AB106F11800384409F002F8311DA1
:101250009AF8290022463944FFF775FE98F80220D3
:1012600022F0120288F80220D7F8F4211AB152684D
:10127000214650469047A87A22465146FFF72BFE5A
:1012800008F10408B9F1000F01D0BDE8F88F4FF064
:101290000109CBE75863002064380120F0B51449F8
:1012A000144B91F8745001220026C3F8F46183F8BE
:1012B000F8210F469446D0B294B20132062A196042
:1012C000D96283F824509C8383F8286083F829002E
:1012D00083F85050A3F8484083F854C083F8550071
:1012E00001F1100103F15803E5D1034B3B65F0BD5B
:1012F000EC37012064380120AC2A0700817999700D
:10130000481F012808D901F0FD0109291FBFD07A23
:10131000917A01EB00215981127B002A08BF7522C6
:10132000DA7000221A8170472DE9F0438779547AE8
:101330000831022F02EB010602F10A022AD1012C28
:101340000CBF02241024B0F812C04FF6FF7EB24248
:1013500010D25178157805EB0125ADB245B1BCF13D
:10136000000F05D0AC4503D8B0F81480A84517D2BB
:101370007322DA70DB785BB9C379012B08D1BCF139
:10138000000F03D0838A01339C4529D10023C37108
:10139000BDE8F083042F0CBF023C043CE4B2D2E76A
:1013A000082F1AD192F80390917801EB092189B2A4
:1013B00004320029DCD08D42DAD88C45D8D8884553
:1013C000D6D3714518BF0131224414BF1FFA81FCE6
:1013D0004FF0000C9642BAD2CAE702322946F0E733
:1013E000A0F812C0A0F80CC0D2E7704700221A8102
:1013F000704700002DE9F041937A547A0F4E05684A
:1014000090F8287004EB0324A4B23368172CB3F8C7
:10141000048038BF1724FEF703FA0438804508DA41
:1014200033689B88224639462846BDE8F041FFF7DD
:10143000F9BBFEF7F5F9043883B2F3E758630020EF
:10144000704700001FB5137A5B108DF802300368F7
:101450009B7AADF8003000238DF803308DF80C3006
:101460000A4BDB6E0932013904460192ADF80810CF
:101470000BB16846984794F82820236803EB820351
:101480009A7842F010029A7004B010BDEC37012037
:101490002DE9FF410E46817904461546002946D0C4
:1014A000137A5A085B088DF8022001D091423ED190
:1014B00004F1180008F0CDFE05F109030193731E35
:1014C000ADF80830A3899DF80220ADF80A30274B0B
:1014D000002753F822808DF803706B462A46314668
:1014E0002046C047E37913B19DF803301BB1A771C3
:1014F000201DFFF7C8FC9DF80230012B0AD01C4BC1
:10150000DB6E3BB1E2798DF80C20A288ADF80020AB
:101510006846984794F82860236803EB86039B7815
:101520009B0704D4A3682BB12046FFF745FC04B009
:10153000BDE8F081002EFAD194F829100D4D013943
:101540000C2779436B1893F8BA31002BEFD001F5D3
:10155000DC7129442046FFF737FC94F82930013B21
:1015600007FB035585F8BA61E1E700BF002B0700D0
:10157000EC370120643801201FB5137A5B10044654
:101580008DF80230907A537A0B3203EB00239BB232
:1015900001922268ADF80A30927AADF80020033942
:1015A0000022ADF808108DF803208DF80C2023B12F
:1015B000134BDB6E0BB16846984794F828202368DC
:1015C000104903EB820391F8F8119A78A1B19DF8C4
:1015D00002100E2910D193070CD40920FFF736FB17
:1015E000034638B11E2202722168012209890420B3
:1015F00005F076FE04B010BD42F010029A70F9E7D3
:10160000EC370120643801202DE9F0470646884672
:1016100017461D469DF820900CF04EFD00213046E7
:10162000FFF7E8FB044630B303689C78B3F800A0EA
:10163000C4F380040CF042FDBAF1000F36D07CBB3D
:1016400025B10B2F19D02B889A451ED30C2008F0FA
:10165000E3FC014650B300238372164B068080F8EA
:10166000039087704560A0F8088093F87400BDE887
:10167000F04708F0E6BC8246DCE7B9F1000FE5D19F
:101680002B681B8805339BB2DEE777234246394639
:101690003046FFF717FC2846BDE8F04708F0C8BC05
:1016A0007123424639463046FFF70CFC002DF2D13B
:1016B000BDE8F087EC370120F7B505460D201E4642
:1016C0000C461746FFF7C2FA034658B105220280BE
:1016D0000422027244808780022200962146284616
:1016E000FFF792FF03B0F0BD37B505460B200C465F
:1016F000FFF7ACFA034668B1032202800A220272A5
:10170000220A827200224472214600922846052253
:10171000FFF77AFF03B030BDF0B5074685B002F1A0
:101720000B0080B20D4616460393FFF78FFA04466E
:1017300098B1F31C0380122303722B0A837203995E
:10174000457232460B301CF069FF002300930922DA
:10175000234629463846FFF757FF05B0F0BD37B599
:1017600005460B200C46FFF771FA034660B10322D1
:10177000028044720222240A002102728472012231
:1017800000912846FFF740FF03B030BD013810B587
:10179000002180B2FFF740FB0446C8B103689B7884
:1017A00003F01203102B13D10920FFF74FFA034661
:1017B00070B121688A7822F010028A701E220272AB
:1017C00021680122BDE810400989042005F088BD88
:1017D00010BDF0B50831448A02F109054FF6FF77D4
:1017E0000A44954217D269782E7895F803C006EB23
:1017F0000126A97801EB0C21B6B289B28E4205F11F
:10180000040506D8B44204D8B0F814C0B44500D3D7
:101810006CB97322DA70DB7843B9C379012B05D137
:1018200014B1838AA3420AD20023C371F0BDB94226
:101830001ABF01318CB20024AA42D2D2E9E7448215
:101840008481F3E7C279012A10B50DD1026890F8BE
:10185000284032F824208A429BBF428A1B890023F9
:101860009B188CBFC371438210BD2DE9F347BDF8AF
:1018700028809DF830A0074608F10F000E4680B280
:101880000B99019191461D46FFF7E0F90446D0B14E
:1018900008F107030380457306232D0A019946804A
:1018A000A0F804900372857342460F301CF0B6FE18
:1018B0002346032231463846CDF828A002B0BDE8C1
:1018C000F047FFF7A1BE02B0BDE8F0872DE9F3476E
:1018D00007460E4603F10D000A999DF82CA00191D0
:1018E00090461D461FFA83F9FFF7B0F90446C0B1D0
:1018F000082309F105090199A0F800904680A0F895
:10190000048003722A460D301CF088FE2346042210
:1019100031463846CDF828A002B0BDE8F047FFF7C1
:1019200073BE02B0BDE8F087F7B505460D201E4630
:101930000C461746FFF78AF9034668B10522028074
:101940000C220272220A827247804472062200969A
:1019500021462846FFF758FE03B0F0BDF7B54E000C
:10196000074606F109000D461446FFF76FF90346D6
:10197000A0B12246013606800E2032F802191872F4
:1019800003F10904013DEDB2FF2D04F1020407D17A
:101990000022009238460722FFF736FE03B0F0BD62
:1019A00032F8020F04F8020C1088000A04F8010C47
:1019B000E8E72DE9F34707460E4603F10D000A99C3
:1019C0009DF82CA0019190461D461FFA83F9FFF760
:1019D0003DF90446C0B1102309F105090199A0F8A9
:1019E00000904680A0F8048003722A460D301CF057
:1019F00015FE2346082231463846CDF828A002B00D
:101A0000BDE8F047FFF700BE02B0BDE8F087000078
:101A100038B5044690F829000A4D431E0A4655F889
:101A2000233073B1997811B11946FFF78CFA236806
:101A30009C7A013C55F8240008F0C0FA002345F8D0
:101A4000243038BD603A01202DE9F0430C4687B0C0
:101A500020780021FFF7CEF90546002855D0A3785D
:101A6000112B5AD10A23A37090F82900464B411E2E
:101A70000C2202FB013393F8BA315BB9AB79012B2D
:101A800008D82778DFF80891013F59F82780B8F186
:101A9000000F06D07222214607B0BDE8F043FFF7E1
:101AA00052BA104608F068FA49F82700064678B39B
:101AB00094E807000D88083DADB286E80700284687
:101AC00008F05AFA074600B3CDE90288CDE9048848
:101AD00005F010F81022014602A808F06FFC7168AA
:101AE0002A460831384608F069FC1223019323780E
:101AF0000093264B2A4693F87430394602A8FEF725
:101B00009DFE10B9384608F059FA07B0BDE8F083D9
:101B100095F8290075222146BEE7122BF5D1A06861
:101B20001B4E08F04BFA2378013B56F82370002F28
:101B3000EBD07B68616818880822184408F03EFCE6
:101B4000AB79012B03D02B689B789B0716D595F8B2
:101B500029200D4B013A0C2101FB023397E80700C5
:101B600003F5DC7383E807002478013C56F8240071
:101B700008F024FA002346F82430C6E73946284600
:101B8000FFF722F9F0E700BF64380120EC370120AD
:101B9000603A01202DE9F14FDDF828B080460F466C
:101BA00015461E4603F09AFD814640B15B4632461B
:101BB0003946404601B0BDE8F04F00F057B806F195
:101BC000170080B2FFF742F8044618B306F10F037E
:101BD0000380D22300F10B0A03723B0A477283721F
:101BE0003246594650461CF019FD0AEB06032A0AF4
:101BF0000AF806505A702A0C2D0E9A70DD701122C8
:101C0000234639464046CDF8289001B0BDE8F04F54
:101C1000FFF7FABC01B0BDE8F08F0000024B034AA9
:101C2000C3F8F421704700BF64380120442B07003B
:101C3000830710B504461EBF20F003040434A4B289
:101C400004F1080080B2FFF701F808B10444046011
:101C500010BDC279012A02D1028A02B9C2715A6842
:101C600004325A601A89043A1A817047F0B507465F
:101C700085B002F10B0080B20D4616460393FEF7C5
:101C8000E5FF044698B1F31C0380522303722B0A2C
:101C900083720399457232460B301CF0BFFC00235F
:101CA00000930A22234629463846FFF7ADFC05B0CB
:101CB000F0BD2DE9F74F9DF83880DDF830A0934650
:101CC00007469DF834200D461E46B8F1000F00D09F
:101CD00062BB06F10D0398B20192FFF7A9FF04461B
:101CE00030B3D0F800901623A9F80060A9F802B02C
:101CF00003722B0A45728372B8F1000F01D0019A6A
:101D00003AB904F10D035146324618461CF086FCE0
:101D1000824623460B2229463846C9F804A0CDF84E
:101D2000308003B0BDE8F04FFFF76EBC0D20D3E765
:101D300003B0BDE8F08F37B504460A200D46FEF724
:101D400085FF034650B10222028000211822027250
:101D500045720C2200912046FFF756FC03B030BDBF
:101D6000F0B52F4D05296C692F7F85B04FF000012C
:101D700043D0CEB2B74243D84BD05F781B7803EB49
:101D800007239BB2022B47D813B16488234243D068
:101D9000441E55F82440002C40D034F8117024F82B
:101DA0001130BB4227D01421ADF80400ADF80A3041
:101DB0008DF80610AB698DF80C60ADF8082001A80D
:101DC000984718E001FB066E01F1010C34F80EE0B3
:101DD000964505D061465FFA81FC6745F2D818D078
:101DE000013855F82020CAB132F81100187032F8C5
:101DF0001120120A5A7000200CE0063C0626EAE781
:101E0000B4F800E0964501F1010CB6D00634614605
:101E1000AFE70A2005B0F0BD8020FBE71120F9E70D
:101E2000743A0120044BC3E905121877034B044AA6
:101E3000C3F8F421704700BF743A0120A83A01208A
:101E4000611D05002DE9FF471D4C451E074654F84E
:101E500025300E462BB9207F400008F08DF844F85D
:101E6000250054F82580B8F1000F20D0227F0EBB4A
:101E700052003146404604B0BDE8F0471CF0F6BBC6
:101E800036F8153028F8153063B1ADF80A308DF802
:101E90000690A369ADF804708DF80C20ADF808A089
:101EA00001A898470135237FEAB29342E8D804B0ED
:101EB000BDE8F08700254FF01409AA46F3E700BFFC
:101EC000743A012038B5054D441E55F8240020B160
:101ED00008F074F8002345F8243038BD743A012026
:101EE000094B1A7C82420ED0187408B900F04ABA25
:101EF0000022012158780132022808BF5970052AB2
:101F000003F10203F6D17047943A0120014B187C8B
:101F1000704700BF943A012002292DE9F0410C4698
:101F2000174603D100252846BDE8F0811E29F9D0C7
:101F3000184E431E06EB43024FEA4308517803292B
:101F40001CD1610618D416F813300121DB0751703B
:101F500012D40025082CE6D1BA7B7B7B03EB02234D
:101F60009BB242F62A329342DDD1337C002BD9D08A
:101F7000464402237370D5E71225EBE70129E8D127
:101F800014F04005F8D1F3685570002BE1D02946D4
:101F90009847DFE7943A0120094B58B95A78013045
:101FA000022A14BF0A46012205285A7003F10203CF
:101FB000F4D1704703EB400000F8011C704700BFEC
:101FC000943A0120012A0346084605D80349013BFB
:101FD00001EB43011CF022BB704700BF943A012083
:101FE000024B03EB400010F8010C7047943A0120BB
:101FF00007B51346002200920A461221FEF7F6FDAD
:1020000003B05DF804FB00002DE9FF418378212B2C
:10201000054657D1017A007800F00EFA044628B937
:10202000686804B0BDE8F04108F002B86B6893F846
:1020300008805E88B8F11D0F6CD1028D2AB1287816
:1020400072223146FFF7D4FFEAE72F882D7A1A88EB
:1020500020692946FEF7FEFDB8F11D0F13D122239A
:1020600094F82510A37194F824002685E684FEF7E1
:1020700005FE294BA0801B689979204604B0BDE875
:10208000F04108F0DDB8236903EB85039B7813F07A
:10209000020312D1B8F1230FF8B207D100933246F0
:1020A0001321FEF7A3FD04B0BDE8F0811A463146C6
:1020B00004B0BDE8F041FFF79BBF638D002BF2D168
:1020C0006685F0E7222BEED100880DF10F020DF1AD
:1020D0000E01FEF7D6FD9DF80E009DF80F1028802A
:1020E00000F0AAF904460028DDD0C38C002BDAD01A
:1020F0000026018DC68471229DF80E00FFF778FF3F
:1021000026852A7A236903EB82039A7842F0040237
:102110009A70C8E7428D91E75863002070B50C466D
:10212000098D0546164619B1FFF762FF0023238586
:10213000618D29B132462846FFF75AFF0023638597
:1021400070BD00008B78282BF7B5064630D1CC78CF
:1021500004B90C7AB57A174F5823013D03FB057576
:102160002034EB8CE4B223B1284608F072F8002347
:10217000EB8422462946B07AFFF7D0FFB37A582283
:10218000013B534303F12C0139441F44B7F852304B
:102190003BB10846019108F05CF800230199A7F8CB
:1021A0005230B07A224603B0BDE8F040FFF7B6BF28
:1021B00003B0F0BDA83A012010B500210446007814
:1021C00000F03AF9014628B120780022BDE810401D
:1021D000FFF7A4BF10BD0000C38C37B504464BB356
:1021E00008F037F8E08C01A900F0CAFA80B1124972
:1021F000006802221CF004FA054648B994F824004D
:10220000FFF7EEFE20B194F824002946FFF7C4FE44
:102210000023E38494F82520236903EB82039D784F
:1022200015F0020506D1218D94F824002A46FFF707
:10223000DFFE258503B030BDAA2A070010B50A4B82
:1022400093F87400094B01221C4691B20132062A10
:102250001873998083F83800198603F15803F4D174
:10226000034BC4F8E83110BDEC370120A83A012037
:102270004C2B0700024BD3F8E8315B68184700BFCE
:10228000A83A0120F7B505460D201C469DF82070A0
:1022900001911646FEF7DAFC034670B18472012202
:1022A000240A019902724672C472077305222846F5
:1022B00003B0BDE8F040FEF7CDBC03B0F0BD0000B8
:1022C00038B5074D044694F82430363305EBC30087
:1022D00007F0E8FE00B938BD07F070FEF3E700BF75
:1022E000A83A01208B78282B2DE9F047DFF8489099
:1022F00005460E4607D0D9F8E83131462846DB6856
:10230000BDE8F047184700274FF05808AC7A013C69
:1023100008FB047409EB0400FFF7D2FFA87A03F06E
:1023200003FA430704D5143409EB040007F091FFC6
:102330002C37582FEAD1DEE7A83A012038B50F4DE7
:102340002B681B680446BBB103690421987A0122FB
:1023500003F0CEF90A4B93F8743084F82030202330
:10236000A37623699B7A23832B6804F114001968F0
:10237000BDE8384007F064BF38BD00BF5863002097
:10238000EC3701202DE9F04300272A4C85B0B846F0
:102390004FF01109E368002B32D02088083080B25A
:1023A000FEF754FC054600283CD009230372122393
:1023B0004372E3685B888372E3685B881B0AC372BD
:1023C000E36803A9588800F0DBF9064600B3826889
:1023D0004168128805F10C0318461CF01FF9B26819
:1023E0002189128805F108030244D21A92B22B46C1
:1023F000042004F075FFE06807F0E0FDC4F80C80ED
:102400000837282F04F11004C4D105B0BDE8F083CB
:10241000E3680A221B880092014608222046FFF743
:1024200031FFE8E7E36808221B88CDF800900146F9
:10243000F4E700BFEC37012038B504460D4603F041
:1024400009F938B15823013C5C4303482C2313FBA2
:102450000541084438BD00BFA83A012010B50C461C
:1024600003F0E4F838B15823013858432C2313FB08
:1024700004010148084410BDA83A01202DE9D343C6
:10248000894600211746FFF7E9FF064638B33C7A34
:10249000122C03D9A4F11603082B23D84FEA5408B1
:1024A00033699B781B0702D5B8F10F0F17D196F847
:1024B00024003A462146FFF72FFD98B3BA7A7B7A7B
:1024C00003EB02239BB2022C09D01E2C07D014F080
:1024D000400104D1009030692246FFF7D3FE02B0DC
:1024E000BDE8D083522C08D0202C09D0D22C0CBFB0
:1024F0004FF011084FF00008D2E74FF00A08CFE77D
:102500004FF01008CCE70B4A12F808204A4506D8CD
:102510003A464946304602B0BDE8D0431847034624
:102520000420D0E7044B53F82830002BEBD10346AE
:102530000620C8E76C2B070008630020114B1249E6
:1025400030B50022C3F8E8111049C3F8EC11C3E913
:1025500078220F491546084601240132D2B2052AD5
:102560001961D96383F8242083F8255083F850201B
:1025700083F8514001F1100103F15803EDD1054BEF
:10258000436530BDA83A0120782A0700350B0500C5
:10259000EC3701205C2B0700014BC3F8F0017047BA
:1025A000A83A012010B504460BF086FD0B4BD3F87A
:1025B000E03100221BB1208A198A88420AD22146C2
:1025C000074807F08BFD0120FFF78AFCBDE81040AB
:1025D0000BF074BD1A461B68ECE700BFA83A012057
:1025E000883C012010B504460BF066FD0A4BD3F879
:1025F000E011002231B90120FFF772FCBDE8104064
:102600000BF05CBD0B8AA34202D00A460968F1E7D1
:10261000024807F080FDEEE7A83A0120883C01203F
:102620007FB50E46019014460BF046FD019803A9B4
:1026300000F0A6F8054698B18389B34212D321462B
:10264000406832461BF0EAFFAC7B14F0080402D06D
:10265000AB6800241E800BF031FD204604B070BD35
:102660000A24F8E70D24F6E730B589B04FF4A81333
:102670000446806804930025102306938DF81C50AF
:10268000ADF81E5010B107F099FCA56060681021EC
:1026900007F0A1FE6368059303AB019302AB0093BF
:1026A00002220A4B4FF6FF71012000F0C5FA18B163
:1026B000059A1021FFF7B4FF0020FFF711FC044B2F
:1026C00004A8DB6E984709B030BD00BFA22A0700FE
:1026D000EC37012010B48378202B06D100785DF808
:1026E000044B0022042103F003B8222B06D80B4B25
:1026F000D3F8E8319B685DF8044B1847232B03D1CE
:10270000064BD3F8EC31F6E7242B03D15DF8044BEC
:10271000FFF7AABF5DF8044B704700BFA83A01203D
:1027200010B504461346A27B0068D20709D40229DB
:102730000CD10A4619461BF063FFB0FA80F040093D
:1027400010BD1029F5D00146184602E01029FAD133
:102750001946BDE81040FEF739BA022903460CD1EC
:1027600000781178884206D158785378C31A5842B5
:102770005841C0B270470020FBE71146FEF726BA69
:1027800010B5094BD3F8E03153B11A8A824209D807
:102790005C8A844206D30B605B68801A03EB0013EB
:1027A000184610BD1B68EFE7A83A012030B50B4B67
:1027B000D3F8E0310BB918460FE01C8A844204D9E3
:1027C0008C4201D91B68F5E720465D8A8542F9D322
:1027D0005B68041B03EB0413136030BDA83A0120AF
:1027E0000B4273B506460D461C4605D101290CBFA8
:1027F0000220032002B070BD102908BF1C0914F08C
:102800000E0F01D10020F5E7019202F067FF14F0EE
:10281000080F019A00D088B104F00A030A2B01D1F5
:1028200001280BD96307EDD5064BD3F8F0313BB146
:102830002946304602B0BDE8704018470520D9E768
:102840000820D7E7A83A0120F0B585B00446154620
:1028500090F8240001220DF10F01FFF7B3FB9DF862
:102860000F309B070AD50623009394F825102069A2
:1028700000230222FFF706FD05B0F0BDAB7A6E7AA9
:10288000154D06EB0326B6B22B68172E9F8838BF6E
:102890001726FCF7C5FF0438874218DA2B689D8895
:1028A0000B20FEF7D3F9034648B1290A032202722E
:1028B0004572817294F825102069FEF7CBF994F8DF
:1028C000251020692B463246FEF7ACF9D4E7FCF719
:1028D000A7FF043885B2E3E7586300202DE9F04FE5
:1028E000937A92F8098008EB03281FFA88F885B0DC
:1028F0000646B8F1000F77D0137BD17A01EB0321A4
:102900008CB2A04570D8036990F8252033F822A036
:102910000AF1080A1FFA8AF0FEF798F9054600281E
:1029200064D0052303720123437200F10E09AA4407
:1029300040464FF6FF7B03AA2146A9F10407FFF7A3
:1029400035FFD0B1039B9B7BDB072FD505F10A0335
:102950009F4212D10223040A07F8013C38707C70B0
:10296000039B1B6805F10C0203F1100153F8040BE3
:1029700042F8040B8B42F9D1123705F10A039F424A
:1029800036D1284607F054FB0A243046FFF7D6FC20
:1029900096F8251074BB05F10803FA1A30692B4626
:1029A00092B2FEF757F905B0BDE8F08FD1454A461F
:1029B000E3D8030A09F8040C09F8033C039B1B68DD
:1029C0001B7809F8023C039B1B6858455B7809F8A3
:1029D000013C07D0431C98B2844209F10409AAD2F1
:1029E0001746CAE74F46C8E70124CEE71124CCE7D3
:1029F0000024CAE73069009443460422FFF742FCF2
:102A0000D1E700002DE9FF41D0F8108090F8253083
:102A1000557A38F82370937A05EB0325ADB2044656
:102A200003A92846FFF7ACFE0646002855D0C37B15
:102A300098F80A002A460121FFF7D2FE034680B922
:102A4000B27B510716D50399D1F80880B8F1000F71
:102A500010D022692946907A00960A22C047034680
:102A600050B1009394F8251020692B460A22FFF7F5
:102A700009FC11E0930612D4B368B3F80080013F5B
:102A8000B845A8BFB8461FFA88F707F1090080B219
:102A9000FEF7DCF8054678B904B0BDE8F081104BCC
:102AA000D3F8F481B8F1000FE6D020697368807A1A
:102AB0002A460521C047D2E70B23037271681FFA2B
:102AC00088F209301BF0AAFD7A1C94F825102069C1
:102AD0002B4692B2FEF7BEF8DEE70123C1E700BF46
:102AE000A83A01202DE9F04F0369174690F82520F8
:102AF00033F8223089B0044603F1080080B20D4655
:102B00000593FEF7A3F8804600287CD0013DABB2C8
:102B10004FF0000B039300F1090A0B37D9465D46CD
:102B2000039B1BB9BBF1000F61D02DE017F8013CEE
:102B300017F8025C05EB0325039BADB2023B9BB289
:102B400007A928460393FFF71BFE064600286ED010
:102B50002069F37B807A2A460121FFF741FE049029
:102B6000002860D1B37B5A071CD5079AD2F808B069
:102B7000BBF1000F16D023692022987A049B00969F
:102B80002946D847834678B140462121FEF7E6F82A
:102B900094F825102069CDF800B02B462022FFF7CD
:102BA00071FB30E09B0631D4059BA3EB0902B368AF
:102BB0001B88093A9A42A8BF1A465346C2F3072116
:102BC00003F8022B1FFA82FB8AF80110184671687D
:102BD0005A461BF023FD09F102031BFA83F31FFA87
:102BE00083F9B3681B88DA465B4582441BD92123ED
:102BF00088F8083009F1010294F82510206943464D
:102C000092B2FEF727F809B0BDE8F08F094BD3F870
:102C1000F4B1BBF1000FC7D020697368807A2A46EF
:102C20000521D847AEE7DDF810B0023778E74FF05E
:102C3000010BA9E7A83A01202DE9F0479A461A4B63
:102C4000089FD3F8E0510E46904604464FF6FF79B0
:102C50000DB92C4625E0288AA0420FD9B0420CD9E4
:102C60002D68F5E74C45FBD03B68103301343B60E1
:102C70006B8AA4B2A34209D2F2E704466B8AA3424C
:102C8000EED36968201A01EB00113960B442E7D82D
:102C9000386852464146FFF743FD0028E2D0099BC1
:102CA0001D602046BDE8F087A83A01202DE9F341D8
:102CB0004FF42053ADF8003042F60103ADF8043074
:102CC0004FF6FF739842074605D14FF6FF76304620
:102CD00002B0BDE8F0811B4B441CD3F8E081A4B2E4
:102CE000B8F1000FF1D0B8F81030B8F812209C42BB
:102CF00038BF1C46A24221D3D8F80450E31A05EB92
:102D000003153E466A46022128462746FFF708FD7E
:102D10000028DCD101AA02212846FFF701FD002886
:102D2000D5D14FF6FF739C42CFD0B8F812300134A2
:102D3000A4B2A34205F110053E46E3D2D8F80080C4
:102D4000CEE700BFA83A01202DE9F043036990F8CF
:102D50002510567A33F82170937A92F80B8092F806
:102D60000C9006EB032685B0B6B2044603A93046A4
:102D7000FFF706FD054600285ED02069EB7B807AD0
:102D800032460121FFF72CFDC0B9AB6808EB0928DA
:102D90001B881FFA88F8434550D3AB7B5A0716D5DA
:102DA000039AD2F80890B9F1000F10D023690C22D1
:102DB000987A009543463146C84750B1009094F840
:102DC0002510206933460C22FFF75CFA12E09B06BF
:102DD00013D4AB681A88013FA2EB08029742A8BF40
:102DE00017461FFA87F909F1090080B2FDF72EFF97
:102DF000064678B905B0BDE8F083114BD3F8F491DD
:102E0000B9F1000FE5D020696B68807A3246052160
:102E1000C847D2E70D2303726968BAB2414409304A
:102E20001BF0FCFB09F1010294F8251020693346E0
:102E300092B2FDF70FFFDDE70120BFE70720BDE7F6
:102E4000A83A01202DE9F04F2DED028B937A92F8EC
:102E5000099009EB03291FFA89F987B080460F46CC
:102E60001646B9F1000F7FD0137B92F80BA00AEB46
:102E7000032A1FFA8AFAD14576D8036990F82520EB
:102E800033F8223003F1080B1FFA8BF0FDF7DEFE5A
:102E9000054600286AD006F10D0308EE103A06F147
:102EA0000F0308EE903A073F072205EB0B0300F1F2
:102EB00009040272BFB24846039305AB019304AB09
:102EC0000093022218EE103A5146FFF7B5FE8346F2
:102ED000E0B905F109039C424AD1284607F0A8F859
:102EE0000A264046FFF72AFA98F82510002E41D10D
:102EF00005F10803E21AD8F810002B4692B2FDF74C
:102F0000A9FE07B0BDEC028BBDE8F08F0499CA7B27
:102F1000D30721D557B18A681288BA421CD14968B3
:102F200018EE900A3A461BF06BFBA8B9727BCAB93F
:102F3000B27B282A584601D1FFF7B8FE039B221D19
:102F40009A42C6D84FEA1B236370030A84F800B084
:102F5000A070E37083461446D345BAD20BF1010347
:102F600098B2AAE75846E9E70126BAE71126B8E77A
:102F70000026B6E7D8F8100000964B460622FFF769
:102F800081F9BEE72DE9F04F2DED028B0369547AEC
:102F900092F80B90054690F82500053933F820602B
:102FA000937A5FFA81FA04EB0324BAF1020F137BE0
:102FB00089B0A4B203D0BAF1100F40F00281002C06
:102FC00000F0018109EB03291FFA89F94C4500F251
:102FD000FA8002F10D0308EE103A07AB019306AB3D
:102FE0000093204618EE103A52464946FFF724FE59
:102FF0000446002800F0E9802869069B807ADB7B84
:1030000022460121FFF7ECFB034670B9069A917B3B
:103010004F0711D50798876877B12969887A009298
:1030200021460822B847034640B1009395F8251081
:103030002869234608227BE0880654D4654918EEA7
:10304000100A02221BF0DCFA002858D006F1080B07
:103050001FFA8BF0FDF7FAFD0746002800F0B78055
:1030600009230372069B9A68B2F800808472043EBA
:10307000B04528BFB0465FFA88F808F102024272F4
:103080000492220AC27200F10C0659683046424688
:103090001BF0C4FA049B01341E4407EB0B03A0B2DF
:1030A0000593B31E039307AB019306AB00935246FF
:1030B00018EE103A4946FFF7BFFD0446002842D0FB
:1030C000069B28699A7B510735D50799D1F808B036
:1030D000BBF1000F2FD0807A0093082200232146F5
:1030E000D84750B32FE03C4BD3F8F471002FA5D054
:1030F00028695368807A22460521B84793E7FEF78E
:1031000005FF0028A2D004202E6906F035FFF060EC
:103110002869C36833B11C805C8009B0BDEC028BA8
:10312000BDE8F08F112395F825100093082223465F
:10313000FFF7A8F8F1E7920611D4069B28699A6870
:103140001288424517D0039A95F82510286907F18F
:103150000803D21A92B23B46FDF77CFDDDE71E4A1A
:10316000D2F8F4B1BBF1000FE7D05B68807A224659
:103170000521D847B5E7DB7B807A22460121FFF79E
:103180002FFB0028DFD1059B08EB060B9B45DAD807
:10319000230A06F8024C06F8013C069B4246596891
:1031A00030461BF03BFA4FF6FF739C4206D00134C9
:1031B000049BA0B281451E44BFF473AFCDF80CB0A0
:1031C000C1E7042331E701232FE70A232DE7112369
:1031D0002BE700BFA22A0700A83A01202DE9F04FF3
:1031E0000369174690F8252033F822A00AF1080A4F
:1031F00087B004461FFA8AF00E46FDF727FD054604
:10320000002866D00836BB1903930F23093700F155
:1032100009090372039B9F420BD305F10803A9EB35
:10322000030294F8251020692B4692B2FDF712FD97
:1032300059E07B7817F8026B06EB0326B6B205A9B6
:103240003046FFF79DFA804600284FD0206998F855
:103250000F30807A32460121FFF7C2FA0346002878
:1032600045D198F80E20510723D50599D1F808B01B
:10327000BBF1000F1DD022693146907ACDF8008055
:103280000E22D847034690BB05EB0A024A45C1D936
:10329000A2EB090293B2D8F80820D8F804101688D7
:1032A0009E4228BF1E46484632461BF0B7F9B1443D
:1032B000B0E79306E8D5114BD3F8F4B1BBF1000F9A
:1032C000E2D02069D8F80430807A32460521D84708
:1032D000D8E711230646009394F825102069334659
:1032E0000E22FEF7CFFF07B0BDE8F08F012328467E
:1032F000039306F09DFE039BEDE700BFA83A012073
:103300002DE9F04F2DED028B8BB04FF4205392F846
:103310000980ADF81C300539937A5FFA81FB08EB20
:103320000328BBF1020F81461FFA88F803D0BBF1D6
:10333000100F40F0B080B8F1000F00F0B080117BAA
:10334000D37A03EB01239BB29845029300F2BE802F
:10335000D9F8103099F8251033F8216002F10D03E7
:103360001A46594607A808EE103AFFF7F6F9002862
:1033700000F0AE8009AB019308AB0093029918EE00
:10338000103A5A464046FFF757FC0446002800F022
:10339000A180D9F81000089B807ADB7B22460121AE
:1033A000FFF71EFA0746002840F0968006F1080352
:1033B0000493BDF81000FDF749FC112305460028D1
:1033C00000F08C800372089B9B68B3F800A08472A5
:1033D000063EB24528BFB2465FFA8AFA0AF10403F4
:1033E00043720393230AC3722046FFF75FFC0899D8
:1033F0002873020A6A7305F10E0605904968304683
:1034000052461BF00BF9039B1E44049B2B44049370
:10341000059B4FF6FF729342A6F1040442D001339C
:1034200098B2029B83423DD309AB019308AB009352
:103430005A4618EE103A0299FFF7FEFB024688B38F
:10344000089B9968098851452CD1D9F81000DB7B7D
:10345000807A05920121FFF7C3F918BB049A0AEBA1
:1034600006039A423DD3059A06F8042C130A06F87F
:10347000033C1046FFF71AFC020A06F8020C06F895
:10348000012C089905904968304652461BF0C6F851
:10349000039B1E44BCE704270024254602E00127C5
:1034A000444645464846FEF749FF99F82510D7B9E6
:1034B00005F10803E21AD9F810002B4692B2FDF785
:1034C000C9FB0BB0BDEC028BBDE8F08F0127E3E731
:1034D0001027E1E70A27E0E7A046DDE704461F469C
:1034E000E0E70746DEE7D9F81000009743461022D0
:1034F000FEF7C8FEE5E70000F0B5436887B0064672
:103500000C4643B34D890735ADB2284606F034FD6D
:10351000B4600746F8B100237168102202A8CDE913
:103520000233CDE9043306F049FF2A4604F10D01C8
:10353000384606F043FF23230193237B00930A4B75
:103540002A4693F87430394602A8FDF777F940B956
:10355000384606F033FD204607B0BDE8F04006F0DF
:103560002DBD07B0F0BD00BFEC3701202DE9F347BA
:10357000937A567A06EB0326B6B20546894630465C
:1035800001A99046FFF7FCF800283ED0817B4F064A
:103590003BD52B69204F9B7A013B07EB03135A68FD
:1035A0009AB3C27B12F0900F2FD0940601D51B7BEB
:1035B0005BB3A9F10F0A0A0783891FFA8AFA22D49A
:1035C0009A4522D109F10F0080B206F0D5FC0446DD
:1035D000D8B12B6943600681A0F80AA095F8243081
:1035E000037308F108014A460D301BF017F895F8EF
:1035F0002430013B07EB03102146836843B10748A1
:1036000006F03EFD01E09A45DCD902B0BDE8F08746
:10361000FFF772FFF9E700BFA03C0120F03C01205A
:103620002DE9F0478378232B88B0064657D1002335
:10363000CDE9063303783B4D4168013B1F0105EBA3
:10364000031308229C6806A806F0B8FEB4F80AA086
:1036500004F10D090AF107010822494406A81AF0ED
:10366000CFFF804650BB09EB0A035A79197912043F
:1036700002EB0122D9789B790A4402EB0362EB59F1
:103680009A421BD30132EA51208905A9FFF778F845
:10369000814698B1817B880704F1100322D5059AF1
:1036A000D2F80CA0BAF1000F1CD02189207BCDE903
:1036B000013963890093D2224346D047204606F061
:1036C0007DFCB06806F07AFC174806F0EBFC01467A
:1036D00020B3007B013805EB0010FFF70DFF08B0A9
:1036E000BDE8F0878A060AD5104AD2F8F481B8F10D
:1036F000000F04D02289207B0921C047DEE76289C0
:10370000D9F8040019461AF089FF99F80E301B0702
:1037100042BFD9F8083062891A80CFE73D44A860DB
:10372000DDE700BFA03C0120F03C0120A83A0120C9
:10373000054B0022C3E91422044B054AC3F8EC21CF
:10374000044B054A5A647047A03C0120A83A012066
:1037500021360500086300206D350500034B013854
:1037600003EB001359601A73704700BFA03C01209F
:10377000024B03EB001040F8101C7047A03C0120E6
:10378000024B03EB001050F8100C7047A03C0120D6
:103790002DE9F047937A92F8099092F808A009EB86
:1037A000032986B01FFA89F905460E46484605A941
:1037B0009046FEF7E5FF074600284FD02869FB7BBF
:1037C000807A4A461021FFF70BF80446002854D1AE
:1037D000BB89033EB6B2B3424DD3B97B880708F12B
:1037E0000B0324D5059AD2F80C80B8F1000F1ED037
:1037F0002A694946907A0096CDE901375246234618
:10380000C0470446002838D1BAF1120F0CD1092064
:10381000FDF71CFA034638B11322027295F8251001
:1038200028690122FDF716FA06B0BDE8F0878A067E
:1038300009D5194AD2F8F4412CB128694A46092120
:10384000807AA047DDE71946786832461AF0E6FE2E
:10385000BB7B1B07D8D5BB681E80D5E70124BAF116
:10386000120FE1D195F82510286900944B461222D9
:10387000FEF708FDD8E70D24F1E7BAF1120FD3D116
:103880007A2C2B6995F82520ECD103EB82039A78EA
:1038900042F008029A70C7E7A83A01202DE9F04FDC
:1038A000937A547A92F80B8092F80C9004EB0324EC
:1038B00087B0A4B206468A46204605A91546FEF7FB
:1038C0005FFF0746002800F08780C37B96F824003E
:1038D00022461021FEF784FF00285DD108EB09285D
:1038E0001FFA88FBBB7BBBF1000F01D0D90675D551
:1038F000AAF105091A071FFA89F902D4BB894B45B9
:103900006ED396F82400394B363003EBC00006F036
:103910001AFC374B1B68DB79834263D90AF1060036
:1039200080B206F029FB804600285DD0BB7B9B0758
:1039300005F10D051ED44A462946A8F80490A8F8BA
:103940000640A8F808B008F10A001AF067FE96F8D9
:103950002400264B363003EBC000414606F090FBB6
:103960000AF1080080B2FDF771F90746E8B907B01F
:10397000BDE8F08F059BDB689C46002BDBD0CDE9D2
:10398000015796F82400CDF8009000231622214616
:103990006746B8470028CED0009096F825103069C9
:1039A00023461622FEF76EFCE1E7172303724472EA
:1039B0004FEA1B23240A847280F80BB003734A4633
:1039C00029460D301AF02AFE96F8251030693B463C
:1039D0005246FDF73FF9CAE70120DDE70B20DBE7A0
:1039E0000D20D9E70920D7E71120D5E7A83A012013
:1039F000586300202DE9F041537A86B0064683B91A
:103A0000FEF75EFC0920FDF721F90346002836D0B9
:103A10001922027296F8251030690122FDF71AF971
:103A20002DE0012B7DD190F824303F4F363357F8ED
:103A300033405CB996F82400363007EBC00006F03E
:103A400031FB054610BB002CDCD010E0E08804A957
:103A5000FEF796FEC0B121898289914212D8A388CF
:103A60000B44934210DD0D243046FEF729FC96F8F6
:103A700025103069009400231822FEF703FC06B0DD
:103A8000BDE8F0810724EFE72468D2E7E88805A9BC
:103A9000FEF776FE804620B90E243046FEF710FC75
:103AA00019E0C37BD8063AD598F80E20910705F1A6
:103AB0000A0314D50599CC688CB12A89E98896F84F
:103AC0002400CDE90138AB88009313461822A047A3
:103AD00004460028E1D1284606F070FAAAE79206CB
:103AE00008D5D7F8F4412CB1EA8896F824000921CA
:103AF000A047EDE72C89D8F80400AA88204419468D
:103B00001AF08CFD98F80E4014F00804E3D0AB884E
:103B10002989D8F808200B4413800024DBE703240C
:103B2000BBE70424A3E700BFA83A01200C4B1A18F6
:103B3000FF2110B5117700F108014FF4C86423F894
:103B4000114003EB41034FF4F061D9800723D37791
:103B5000044B03440021597482F8231010BD00BFA8
:103B6000F83C0120CC3E012008B50020FFF7DEFF25
:103B70000120FFF7DBFF0220FFF7D8FF034B044AC9
:103B8000197B117300229A7308BD00BFCC3E01203F
:103B9000F83C012030B58BB004460D4624220021AC
:103BA00001A81AF063FD0E498DF8085002238DF824
:103BB000063001238DF80C300B190DF10E0093F82F
:103BC0003F308DF80D30062303FB04112D318DF8A5
:103BD000075006F07FFB01A802F0BAF80BB030BD29
:103BE000F83C0120F7B506460E200F461546019316
:103BF00006F012FA044680B1002383704771067103
:103C000085710199073006F065FB054B187B21464D
:103C100003B0BDE8F04006F014BA03B0F0BD00BF39
:103C2000CC3E01202DE9F34180460F4603F1080008
:103C30000899019116461D4606F0EEF9044698B122
:103C400001230199837080F8048047718671C571E2
:103C50002A4608301AF0E2FC054B187B214602B0D8
:103C6000BDE8F04106F0EDB902B0BDE8F08100BF5B
:103C7000CC3E01202DE9F041054612200E461746A4
:103C8000984606F0C9F90146D8B102238370057140
:103C900001F1080305300024E2B2954205D80A4B31
:103CA000BDE8F041187B06F0CCB9325D00F8012B7D
:103CB00037F8142023F8022B18F80420027201347C
:103CC000EAE7BDE8F08100BFCC3E012038B50546EB
:103CD00008200C4606F0A0F9014690B1032383703A
:103CE00005712346421D2544AB4205D1054B187B87
:103CF000BDE8384006F0A5B913F8010B02F8010B36
:103D0000F2E738BDCC3E012010B50446062006F08F
:103D100083F9014640B104238370044B0471BDE86C
:103D20001040187B06F08DB910BD00BFCC3E0120BD
:103D300008B5042006F070F9014638B105238370F8
:103D4000034B187BBDE8084006F07BB908BD00BFF7
:103D5000CC3E012037B505460C20019106F05CF9F8
:103D6000044670B10623837005710199053006F091
:103D7000B1FA054B187B214603B0BDE8304006F090
:103D800060B903B030BD00BFCC3E012070B5044621
:103D90000E4615460AF090F904F10800044B23F88A
:103DA000106003EB4003DD80BDE870400AF086B987
:103DB000F83C012038B505460C460AF07DF9034869
:103DC0002844C477BDE838400AF078B9F83C0120AF
:103DD00010B504460AF070F9024B9C73BDE8104020
:103DE0000AF06CB9CC3E01200A4A0E23584313183E
:103DF000FF211154002201217F2059709A70DA703E
:103E0000187159719A71D9711A725A729A725A73D9
:103E1000704700BF3C3D0120064A06235843131853
:103E20004FF4C86111524FF4F0625A8000229A8018
:103E3000704700BF663D012010B5084C43189942F9
:103E400001D1002010BD11F8012B2244107F012860
:103E5000F8D00428F3D10120F4E700BFF83C01209A
:103E600010B50A490A4A002311F8014B012C01D070
:103E7000042C02D1547B844205D00133DBB2032BE6
:103E800002F10E02F0D1184610BD00BF143D012012
:103E90003C3D012008B5FFF7E3FF02280BD8064B95
:103EA0000344FF221A77002283F82320034B0E21BC
:103EB00001FB00335A7308BDF83C01203C3D012052
:103EC000064B93F8230093F8242093F825301043F1
:103ED0001843012894BF002001207047F83C0120BE
:103EE000084B5A79012A08D8DA7A012A07D85B7C6C
:103EF000012B8CBF02200320704700207047012057
:103F0000704700BF663D0120704700008378034A78
:103F100003F0070352F82330184700BF8C2B07002B
:103F20008378034A03F0070352F82330184700BF91
:103F3000B82B0700F7B54E230D4D0E4FADF80230EC
:103F400000246B7903F0FD03012BE6B206D1BB68B8
:103F50008DF80460ADF8004068469847304601345B
:103F6000FFF75AFF032C05F10605EAD103B0F0BDB7
:103F7000663D0120CC3E0120F0B585B048230024E9
:103F80000F4E104FADF806308DF8084016F8013B83
:103F90001A1F012AE5B201D9012B06D1BB688DF8A1
:103FA0000950ADF8044001A8984728460134FFF7AE
:103FB0001BFF032CEAD1FFF7D7FD05B0F0BD00BF12
:103FC0001B3D0120CC3E0120411D0079FBF7A4B828
:103FD0002DE9F04F8BB006798DF80B6082460DF11C
:103FE0000B010120FFF728FF0546002840F0A980BB
:103FF0009AF80540DFF8E0819AF80690012C1BBF83
:104000000E2303FB068327465F781C22002103A8AA
:104010000AF1070A1AF02AFB002F00F09580042C01
:1040200098BF694B4FF0010798BF195D8DF822705A
:1040300088BF0021BC4241F0100103D0251F18BFEA
:10404000012514B1A21E5742574111F0080F5F4BD2
:10405000ADF80C1008D106F1080233F812100491E3
:1040600003EB4202D2880592DFF864B133449BF837
:104070000E00DB7F8DF8183001F0C0FE0BEB06035D
:104080008DF81A905B7C8DF820300E23734308EB7B
:1040900003098DF8190099F804208DF8212099F86A
:1040A0000A208DF8252099F80820CDF81CA08DF85D
:1040B00026207DB999F80B2062B118F80330FF2B48
:1040C00008D000952B462A4603213046FBF776F8A8
:1040D00089F80B508FB90E23734308EB03052A7B35
:1040E0005AB118F80330FF2B07D000973B463A46E9
:1040F00003213046FBF786F82F7303A93046FBF700
:1041000020F80E23734308F803409BF80E30012B70
:1041100009D19BF8053003F0C003C02B03D12C4913
:104120003046FAF7F9FF002C46D0013CE4B2042CEB
:1041300044D8284B1B57DBB2324602210E2001F037
:1041400077FD0BB0BDE8F08F94B3052C31D0012C76
:1041500036D0042C34D0022C01D0072C0AD10025F3
:10416000012702216FF0D2032341DB0706D441F07F
:10417000040103E04FF001053946F3D90E2303FB98
:10418000068292780AB141F0200103FB0683DB78B6
:104190000BB141F040010E2303FB06835A798DF8E1
:1041A00022209A79DB798DF823208DF824304CE792
:1041B000052401252946E1E70123BCE70023BAE7EE
:1041C00001210D46D3E700BF812B0700F83C0120F9
:1041D000CC3E0120862B07003C3D01202DE9F04319
:1041E00087B001AE9DF838E0DFF844909446002592
:1041F00032464FF00A08ECB2A04206D80146012030
:10420000FBF724F807B0BDE8F0835C5D34713CF83F
:1042100015404F5D377024B1013CB4FBF8F4013414
:10422000A4B24F44748087F823E001350636E2E7F4
:10423000F83C0120F0B5104E87B060B986F8232015
:1042400086F8242086F82520014601AA0020FAF7E6
:10425000FDFF07B0F0BD002301AC1F46CD5C25700B
:104260003544013385F82320DDB2A84267802771E9
:1042700004F10604F2D8E7E7F83C012010B4007915
:10428000074C062141436218615A13795DF8044BCB
:104290005288003B18BF01239B01FBF732B800BFD7
:1042A000663D012082794179C31D0079FBF746B84C
:1042B00008B50146FFF714FE02280BD90979064B11
:1042C000062202FB013302225A71BDE80840012098
:1042D000FBF755B808BD00BF663D012008B5014693
:1042E000FFF7FEFD02280BD90979064B062202FBD7
:1042F000013303225A71BDE808400020FBF73FB8A4
:1043000008BD00BF663D0120012A10B518D1B8B91B
:104310000E4B93F82320012A08D193F82420012A78
:1043200004D193F82500431E5842584110BD11F89E
:10433000013B234493F82330934203D00020F5E758
:10434000024C08448142F2D10120EFE7F83C012001
:1043500030B585B00446FFF7B3FD024600BB2579B2
:10436000611D28460391FFF7CFFFC8B10399284686
:10437000FFF762FDA0B90B4A0399507F137F0340FA
:10438000907F0340FF3B18BF012382F82C300323AA
:10439000009304F1080204F10E032846FFF71EFF04
:1043A00005B030BDF83C012073B5194B19491B8885
:1043B000ADF80430002305798DF8063005301C4631
:1043C000DAB2954216D8FFF77BFD88B9012201A920
:1043D0002046FFF799FF58B101A92046FFF72CFDB1
:1043E00030B905B124B1052201A92046FFF722FF0B
:1043F00002B070BD10F8012B8E18367FFF2E05D04D
:10440000661C08346C4404F8042CF4B20133D7E77A
:104410007E2B0700F83C012013B5012204798DF8AA
:1044200007400DF107011046FFF76EFF50B1FFF78F
:1044300047FD28B906220DF107010120FFF7FAFE1A
:1044400002B010BD2046FAF742FF2046FFF76EFB90
:10445000204602B0BDE81040FFF7C6BC00B5837827
:10446000382B9BB001460ED1FFF73AFD02280AD83F
:10447000144B0A680192062101FB00335979022985
:1044800004D0032912D01BB05DF804FB120E4FF0CC
:104490004D018DF808008DF806100CBF0122002296
:1044A0005A71094B01A89B689847ECE7120E4FF030
:1044B0004E018DF808008DF8061014BF012200226D
:1044C000EEE700BF663D0120CC3E012008B5164B4B
:1044D00093F82320012A10D193F82420012A0CD12B
:1044E00093F82530012B08D1FFF7EAFC0146D0B93B
:1044F000BDE808400722FFF79DBE0020FFF716FB2E
:104500000020FFF771FC0120FFF710FB0120FFF7EF
:104510006BFC0220FFF70AFB0220FFF765FCBDE8F9
:104520000840FAF7E2BE08BDF83C012073B5014629
:104530000079224B8E790E2242439C189A5C657852
:104540004C6804F0FF24DEB9B4F5407F04D095B187
:10455000012A0ED0042A0CD00E2404FB003401F1F1
:1045600008030093CB79627A4979FAF727FE012391
:10457000E37202B070BD12F0FD0FFAD0072AEAE72D
:10458000B4F5407F03D085B112F0FD0FF1D10E22BA
:1045900002FB003401F108030093CB79627A497978
:1045A000FAF730FE01232373E3E7072AE1D88524D5
:1045B00024FA02F2D207DCD5E9E700BF3C3D012036
:1045C00008B50020FFF710FC0120FFF70DFC0220CA
:1045D000FFF70AFCBDE80840FFF7C6BA08B500209F
:1045E000FFF71AFC0120FFF717FCBDE80840022086
:1045F000FFF712BC2DE9F04F5A4D5B4C0368DFF812
:104600006CB19BB026460193A84600274FF0FF0AE5
:1046100016F8013B043B012BFAB226D89DF807306F
:1046200016F8089CADF80AA08DF808308DF809201E
:10463000002B4BD106F808AC06F8013C88F80D3089
:1046400048210D2001F0F4FAB9F1FF0F0DD0B9F1B6
:10465000010F0AD0B9F1040F07D04FF048038DF8CD
:10466000063001A8DBF8083098470137032F08F11E
:104670000E08CDD100268DF80860B0463746B14609
:1046800014F8013B032B5FFA86FA23D8012B24D9B7
:104690009DF80830591C68336B448DF8081003F8F6
:1046A0005FAC9DF8073093BB524647210C2001F0C8
:1046B000BFFA2B7804F8083C012304F8013C2B785E
:1046C000012B0AD0042B18BF472706E0012306F868
:1046D000013CB9E7063B012B1BD90136032E05F13E
:1046E0000E05CDD1B8F1000F07D0FAF7FEFD00237B
:1046F0001A4604210E2001F09BFA2FB11B4B8DF8B6
:1047000006709B6801A898471BB0BDE8F08F002396
:10471000D3E79DF807B0BBF1000F1ED15046FFF75D
:1047200005FA5046FFF760FB14F8011C062911D169
:104730005046FAF7CCFD5B46524603210E2001F0AD
:1047400077FA4FF0FF3304F8083C04F8019C85F831
:104750000D90C2E74FF00108F3E74FF0010304F8B2
:10476000013CBAE73C3D01201B3D0120CC3E01202D
:1047700083782E2B70B504462ED145791D491E4AEB
:104780002944FF230E7F0B77002381F823300E216D
:1047900001FB05220D20537348212A4601F048FAF7
:1047A000FF2E26D0012E217910D0042E0ED04823C2
:1047B000A37029B9E08800F03DFB08B1037C238099
:1047C0000E4B9B682046BDE87040184789B12846CB
:1047D000BDE87040FFF7DEB92F2B04D14923837069
:1047E000064B9B68EFE7372B03D1BDE87040FFF71E
:1047F00001BF70BDF83C01203C3D0120CC3E0120B2
:104800007FB5154604468DF80F10ADF80C30FFF754
:1048100057FB024628BB0DF10F010120FFF774FD85
:10482000F8B1012D0CBF0223032303AA00930DF15D
:104830000F0108AB0120FFF7D1FC9DF80F500A4E85
:104840000A992D23062010FB0530304405F042FD67
:104850009DF8243086F83F30044B0E2202FB0533CE
:104860005C7304B070BD00BFF83C01203C3D0120EA
:1048700007B50146FFF724FB90B90846FFF7F0FAA9
:1048800002288DF807000BD8074B03440DF10701F0
:104890001B7F012B0CBF042205220120FFF7CAFC5D
:1048A00003B05DF804FB00BFF83C0120FFF7F2BA4B
:1048B000FFF7F0BA10B50446062005F0ADFB01463F
:1048C00040B150238370044B0471BDE81040187B45
:1048D00005F0B7BB10BD00BFCC3E0120F7B50746C1
:1048E00002F108000E461546019305F095FB0446BB
:1048F00088B15123019983700771467185712A46E9
:10490000073019F08BFE054B187B214603B0BDE83C
:10491000F04005F096BB03B0F0BD00BFCC3E0120D7
:1049200010B50446062005F077FB014640B152233E
:104930008370044B0471BDE81040187B05F081BB07
:1049400010BD00BFCC3E012010B50446062005F086
:1049500063FB014640B153238370044B0471BDE8EF
:104960001040187B05F06DBB10BD00BFCC3E012090
:1049700038B505460C4609F09FFB04480E2202FBA1
:1049800005004470BDE8384009F098BB3C3D01206B
:1049900038B505460C4609F08FFB04480E2202FB91
:1049A00005008470BDE8384009F088BB3C3D01201B
:1049B00070B5064614460D4609F07EFB04480E22EB
:1049C00002FB0600C5700471BDE8704009F076BBBB
:1049D0003C3D01202DE9E84180461D460F46164624
:1049E00009F06AFB05480E2303FB08004771867136
:1049F000C571BDE8E84109F061BB00BF3C3D012045
:104A000038B505460C4609F057FB04480E2202FB58
:104A100005000472BDE8384009F050BB3C3D012060
:104A200038B505460C4609F047FB04480E2202FB48
:104A300005004472BDE8384009F040BB3C3D012010
:104A400070B5154604460E4609F036FB054B0622A6
:104A500002FB04F01A181E525580BDE8704009F0A0
:104A60002DBB00BF663D012038B505460C4609F058
:104A700023FB0448062202FB05000471BDE8384010
:104A800009F01CBB663D012008B509F015FB0C4B75
:104A90000C4A1A600C4A9A62FFF792FDFFF79EFDDE
:104AA0000A4B0B4A1A600020FBF7DEFD01224FF48F
:104AB00040500021F9F772FEBDE8084009F0FEBA47
:104AC00078630020AC2B0700C82B0700C83E0120EC
:104AD00019F10400704700008378034A03F00703CC
:104AE00052F82330184700BFD42B0700034603F1C8
:104AF00008019B79C0790BB9FAF707B9FAF7B1B990
:104B000007B50C4B93F82320052A04D0012A0CD1B9
:104B10001B7F012B09D0074805F09BFB2223ADF832
:104B20000630054B01A89B689847FFF71DF803B0B6
:104B30005DF804FBF83C0120CC3E01202DE9F04358
:104B4000134D95F8233087B00446F3B92B7F012B22
:104B50001BD0042B19D00F4F467990F80690E98AA4
:104B6000B87BB5F81080059101F048F97A7C039282
:104B70000734EA7F02920346CDE900940599324654
:104B80004046FAF7DFF8044B1E7007B0BDE8F0832B
:104B9000F83C0120CC3E0120783D0120084B93F8E1
:104BA000232062B91A7F012A09D0042A07D00322E0
:104BB00083F823200289DA840120FAF798B8704735
:104BC000F83C0120084B93F82320012A0AD11A7FD0
:104BD000012A07D0042A05D0052283F823200020CB
:104BE000FAF785B8704700BFF83C01208378352B71
:104BF0002DE9F04106462CD1294C94F82330032BA3
:104C000024D8012B25D9C5782DBB032B254F0AD1DC
:104C1000E18C21B107232046A37105F017FB3B78F7
:104C2000042B18BF212500231A4621210C2000F057
:104C3000FFFF3B782377012384F823304DB11A4BD3
:104C4000B57030469B68BDE8F04118471A1F012A2D
:104C500005D9BDE8F081002384F82330F9E7C57851
:104C6000E5B9052B08D1204605F0F3FA0D4B1B786A
:104C7000042B0CBF0225222500231A460D202221D9
:104C800000F0D6FFFF230020022D237784F82300B5
:104C9000D4D1BDE8F0413C21FEF77CBF0123DBE726
:104CA000F83C0120783D0120CC3E01207047704740
:104CB000054B93F82320012A05D1052283F82320F0
:104CC0000020FAF714B87047F83C0120F7B50E4CF5
:104CD0000E46194694F82330074615468BB9012035
:104CE0000191FAF704F8012F0CBF02230323019965
:104CF00084F8233004F12D00E68405F0EBFA84F803
:104D00003F5003B0F0BD00BFF83C0120084A92F8C4
:104D10002330013B022B0AD8064B1B78012B0CBF1A
:104D20000423052382F823300020F9F7E0BF704701
:104D3000F83C0120783D012010B5084C204605F0D4
:104D400088FA00231A4622210D2000F071FFFF236C
:104D50002377002384F8233010BD00BFF83C0120E6
:104D6000FFF7EABF08B509F0A7F9074B074A1A6031
:104D7000FEF7FAFE064B0020186009F08DF9BDE839
:104D8000084009F09BB900BF78630020F42B0700AE
:104D9000C83E01207047000029238B70024B084653
:104DA000D3F8FC30184700BF7C3D01200979808989
:104DB000F9F7A6BD13B50C46019009F07DF90198ED
:104DC00001F03FF8074B61680C2202FB00332068BA
:104DD00003F5827303C3A068186002B0BDE81040F9
:104DE00009F06CB97C3D012070470000F8B5104C0B
:104DF00007460025A67D0135EDB29EB93022314629
:104E0000204619F033FC3946204605F063FA4FF688
:104E1000FF73A381012325746674A37584F82C6045
:104E20002046F8BD052D04F13004E3D10024F7E756
:104E30007C3D0120074B0522997D11B19989814262
:104E400006D0013A12F0FF0203F13003F4D1134609
:104E5000184670477C3D01201FB504460088FFF7C7
:104E6000E9FF58B1A378282B1CD8222B08D80A2B8D
:104E700000F086800B2B64D0072B1BD004B010BD34
:104E8000233B052BFAD801A252F823F0DB4E050094
:104E9000FF4E05007D4E05007D4E05000B4F0500C1
:104EA0002F4F0500472BE9D181892379227A007C95
:104EB000682405E08189007C237994F9082039244D
:104EC0008DF80240ADF800008DF803308DF8043005
:104ED000ADF806108DF8082023E0027C8389ADF838
:104EE00000204022ADF80430ADF80220E288A3890A
:104EF000ADF80620A2680292ADF80C3011E0027CF9
:104F00008389ADF800204122ECE7017C2379E28817
:104F1000ADF800104221ADF80210ADF806208DF872
:104F20000430214B6846D3F8FC309847A6E7027C52
:104F3000A388ADF800204322ADF80220ADF804307C
:104F4000EFE7A37A627A1B0403EB0223227A13446D
:104F5000E27A03EB02638362012380F82C30037C46
:104F6000ADF800305723ADF8023023798DF80430C6
:104F7000A068E388E168ADF8063002AB03C3D0E770
:104F8000037CADF800305823ADF8023023798DF85A
:104F90000430E388ADF80630237A8DF80830638951
:104FA000ADF80A30A389A7E77C3D012070B50A4C13
:104FB00006460525A37D43B9013D15F0FF0504F123
:104FC0003004F7D12C46204670BD3146204605F00E
:104FD00086F90028F0D0F6E77C3D012070B5857891
:104FE0006B1E012B044631D800F10A052846FFF755
:104FF000DDFFD8B9194B05224FF6FF76997D39B1FF
:10500000597D022920D0042902D19989B1421BD0AF
:10501000013A12F0FF0203F13003EFD1E3782BB92C
:10502000237A012B02D12846FFF7E0FEE378002B1C
:1050300014BF1B251C25A57070B1037C238021465D
:10504000BDE8704000F09ABD1846EFE700881A35B9
:10505000FFF7F0FEEDB2EEE770BD00BF7C3D012032
:10506000F0B585B00323ADF8063000238DF8083085
:10507000174D16238DF80C300524AB7D3BB1AB8961
:10508000ADF80A3001A8ADF80430FFF7A7FF013CE6
:1050900014F0FF0405F13005EFD10E4A0E4C1068F4
:1050A00051689768A4F594750323302624F8026BA1
:1050B00005F58272A68003C2013B13F0FF0317605F
:1050C00005F10C05F2D1054A5375537305B0F0BDD7
:1050D0007C3D0120302C0700A43E0120CC3E012065
:1050E00001380649C3B2302202FB0312907D18B189
:1050F00003EB430301EB0310704700BF7C3D01202D
:1051000010B504460078FFF7EBFF20B12146BDE85B
:10511000104000F033BD10BD1FB504460078FFF706
:10512000DFFFD0B1A378213B052B16D8DFE803F0D1
:105130000309171E262D808904B0BDE81040F9F739
:10514000ECBEE38980890293A3890193638900936C
:10515000E2882389A188F9F788FC04B010BD217981
:10516000808904B0BDE81040F9F7B5BCE288A18899
:10517000808904B0BDE81040F9F7BFBCA1888089E0
:1051800004B0BDE81040F9F711BF808904B0BDE854
:105190001040F9F7B1BF0000064A05230020917DB9
:1051A00009B10130C0B2013B13F0FF0302F130023C
:1051B000F5D170477C3D012070B5064D06460524AB
:1051C00055F8043B0BB130469847013C14F0FF04FE
:1051D000F6D170BD6C3E012073B50D4604460A3110
:1051E00005F078F8EB88A381687A00F013FEE0748C
:1051F0002A7A1E4B6276AABB5B7B2375A61D9BBBDE
:10520000FAF7F8FA0146304605F064F805F117019F
:1052100004F11A0005F05EF805F11D0104F120000B
:1052200005F058F80023E381637E7BB91A4601211B
:105230000E20019300F0FCFCFFF7AEFF0128019B5C
:1052400004D11A4627210C2000F0F2FC217C2720F3
:1052500000F002FD27232846AB7002B0BDE8704085
:10526000FFF7AABF9B7BC8E70049CCE7CC3E0120F3
:1052700010B500238375437E0C466BB91A46012195
:105280000E2000F0D5FCFFF787FF034620B9024649
:1052900028210D2000F0CCFC2823A37000232372CA
:1052A000E3802046BDE81040FFF786BF38B50446CE
:1052B0000D46017C282000F0CFFC0023A375637EFF
:1052C00043B9FFF769FF034620B9024628210D20A4
:1052D00000F0AEFC2823AB702846BDE83840FFF74D
:1052E0006BBF00002DE9F84F0D9F9DF838B00646C2
:1052F0008A469146984608F0DFFE3846FFF756FE8C
:10530000044618B93846FFF771FD044608F0D6FE8A
:10531000ACB3242004F080FE054648B3237C038010
:10532000BBF1000F0CBF18231A238370BDF828307F
:1053300003819DF82C30837280F804A080F80590DA
:1053400080F8068039460B3004F0C4FF9DF83030F9
:105350006B740C4BAE74187B294604F072FE08F097
:10536000ABFE84F819B008F0A9FE207CBDE8F88FE8
:1053700008F0A2FEA57508F0A1FE2846F6E7204633
:10538000F4E700BFCC3E01208B780A4A03F0070304
:1053900010B4D35C084A1C0952F8242032B103F03F
:1053A0000F035DF8044B52F8233018475DF8044BA7
:1053B000704700BF402C0700B03E012010B50446E6
:1053C0000078FFF78DFE38B1437D032B04D12146D1
:1053D000BDE81040FFF7D8BF10BD000008B508F0C9
:1053E0006BFE084B084ADA60084A1A61084A9A6359
:1053F000084B094A1A60094B094A1A60BDE808407F
:1054000008F05CBE78630020242C0700002C070005
:10541000442C0700BC3E01200C2C0700B03E0120AC
:105420003C2C070038B504460D463C3408F044FED9
:10543000034B43F82450BDE8384008F03FBE00BF9E
:105440007C3D012070B5054624200E46144604F02C
:10545000E3FD014658B119238370054B06800471A2
:10546000C4704571BDE87040187B04F0EABD70BDA2
:10547000CC3E012038B5054624200C4604F0CCFD76
:105480000146C8B10D4B6A1E302000FB02330A46AC
:105490005B7E002B0CBF702371238B7022F8045BA2
:1054A00023684B6063685360A3689360044B187B68
:1054B000BDE8384004F0C5BD38BD00BF7C3D0120CB
:1054C000CC3E012038B505460C4608F0F5FD01201C
:1054D00000F0B7FC054B00F1940223F8125003EBE7
:1054E0004203DC80BDE8384008F0E8BD7C3D012087
:1054F0002DE9F74F0025164E8046894692462C46E8
:10550000012748FA05F3DB0718D539F814203AF8D3
:1055100014B0019208F0D0FD07FA05F0C0B200F017
:1055200090FC00F19403019A26F8132006EB430344
:105530000134A3F806B008F0C1FDE4B2072D03D092
:10554000032C05F10105DCD103B0BDE8F08F00BFED
:105550007C3D012001460120FFF72CBC2DE9F041E4
:10556000002506460F462C464FF0010846FA05F383
:10557000DB070AD504EB440108FA05F007EB8101CB
:10558000C0B2FFF717FC0134E4B2072D03D0032C9F
:1055900005F10105EAD1BDE8F081000038B5054606
:1055A00010200C4604F038FD014680B1024622234B
:1055B000837022F8045B2368436063685360A368C8
:1055C0009360034B187BBDE8384004F03ABD38BD0A
:1055D000CC3E012038B5054606200C4604F01CFDE3
:1055E000014648B123238370044B05800471187B66
:1055F000BDE8384004F025BD38BD00BFCC3E0120D9
:1056000038B5054606200C4604F006FD014648B1B3
:1056100025238370044B05808480187BBDE83840C7
:1056200004F00FBD38BD00BFCC3E0120084A052361
:10563000917D29B19189814202D1137C184670472E
:10564000013B13F0FF0302F13002F1D1F6E700BF96
:105650007C3D0120034B0138302202FB0033987D52
:10566000704700BF7C3D0120034B0138302202FB14
:105670000033D87C704700BF7C3D0120024B3022B4
:10568000013802FB003070477C3D0120034B01389C
:10569000302202FB0033187D704700BF7C3D0120A3
:1056A000034B3022013802FB00300630704700BF48
:1056B0007C3D0120034B3022013802FB00302030BA
:1056C000704700BF7C3D0120034B3022013802FBB4
:1056D00000301A30704700BF7C3D0120034B013879
:1056E000302202FB0033D87D704700BF7C3D012093
:1056F00070B5054616460C4608F0DEFC094B302214
:10570000013D02FB05339A7D22B1D98936B921EAE0
:105710000401D981BDE8704008F0D0BC0C43DC81A5
:10572000F8E700BF7C3D012013B5044608F0C4FC37
:10573000054B3022013C02FB0433D889019008F06C
:10574000BDFC019802B010BD7C3D0120034B013827
:10575000302202FB0033587E704700BF7C3D0120A1
:1057600080890431F9F7FFB838B50D4604468189C0
:10577000287A002201F0ECFD6968A089BDE8384074
:10578000F9F7F1B810B5F9F764F90023BDE8104056
:105790001A4601210E2000F04BBA30B5044685B000
:1057A00008461546FFF746FB40B1722301A98DF864
:1057B000063002958DF80C40FFF7E6FD05B030BDD0
:1057C00010B586B00024CDE90334CDE90142009440
:1057D00023462246FFF786FD06B010BD10B50446ED
:1057E00008F06AFC024B5C73BDE8104008F066BC30
:1057F000CC3E01202DE9F043284B4D7C5A7D587B4F
:105800000F79274E91B00C468DF8042000F0F6FA7F
:105810000B348DF80650002502948DF805008DF8A4
:105820000C702C464FF001094FF00C0847FA05F3B5
:10583000DB071FD509FA05F0C0B200F002FB10AB80
:1058400003EB840200F1940308FB006036F81310A8
:1058500022F8301C06EB430300F58270DB8822F847
:105860002E3C07C810AB08FB0433243B83E8070039
:105870000134E4B2072D03D0032C05F10105D5D185
:1058800007AA04A901A8F9F7E7FD00231A4619465B
:105890000E2000F0CDF911B0BDE8F083CC3E012020
:1058A0007C3D012008B508F007FC054B054A5A600D
:1058B000054B064A5A60BDE8084008F0FFBB00BF30
:1058C000BC3E0120582C0700B03E0120502C0700A0
:1058D0002DE9F04188B04B7C079301200C4600F085
:1058E000A7FADFF8588000F19402064638F81270E3
:1058F000114808EB42020C25D188427D407B06917D
:10590000059200F07BFA4FF4827C15FB06C54544F6
:105910000B34DDE90521CDE90105079B00943846EC
:10592000F9F750F800231A4619460E2008B0BDE8D2
:10593000F04100F07DB900BFCC3E01207C3D01204C
:1059400008B508F0B9FB054B054A5A60054B064AF5
:105950005A60BDE8084008F0B1BB00BFBC3E012062
:10596000602C0700B03E0120502C07001FB52923F2
:105970008DF80230074BADF80600D3F8FC30ADF8D7
:1059800000108DF803208DF804206846984705B074
:105990005DF804FB7C3D0120437C43B18A880023F1
:1059A000437422B1017C8089D2B2FFF7DFBF704718
:1059B00038B5836A9A0704460D4609D5F9F72AFFD8
:1059C000830705D5A089291DBDE83840F8F7CBBF6E
:1059D000637CA08933B901236374291DBDE8384075
:1059E00001F08ABD217C0C22BDE83840FFF7BEBF24
:1059F00013B50C46FFF71EFA38B1732369468DF8CC
:105A00000230ADF80440FFF7BFFC02B010BD00004B
:105A100007B57623ADF80230054BADF80600D3F894
:105A2000FC30ADF804106846984703B05DF804FBFD
:105A30007C3D012010B586B0012404940A9C039497
:105A40009DF8244002949DF82040CDE9003413468F
:105A50000A460021FFF746FC06B010BD1FB501F154
:105A60000B03007C02934B7C01938B7A00930B8990
:105A70008A794979FEF7C4FE05B05DF804FB13B5D9
:105A80000446007C0191FEF7F3FE0199204602B026
:105A9000BDE81040FFF7ECBB13B50446007C019154
:105AA000FEF704FF0199204602B0BDE81040FFF761
:105AB00093BB13B50446007C0191FEF7F9FE0199F2
:105AC000204602B0BDE81040FFF7D2BB08B508F091
:105AD000F3FA054B054A9A60054B064A9A60BDE801
:105AE000084008F0EBBA00BFBC3E0120702C070054
:105AF000B03E0120682C070008464A7C807901F1FD
:105B00000B030989FFF7E2B807B5CDE90010FFF7ED
:105B1000FDF8DDE9001003B05DF804EBFFF7A8BB6A
:105B200007B5CDE90010FFF707F9DDE9001003B074
:105B30005DF804EBFFF750BB07B5CDE90010FFF7A8
:105B40000FF9DDE9001003B05DF804EBFFF790BB3F
:105B500008B508F0B1FA054B054A9A60054B064AAC
:105B60009A60BDE8084008F0A9BA00BFBC3E012019
:105B7000802C0700B03E0120682C07008B78427D06
:105B800030B403F007030B4D03EBC20305EB4302F4
:105B900015F81330527843751409074B53F8243025
:105BA0002BB102F00F0230BC53F82230184730BC42
:105BB000FFF7F0B8902C0700BC3E01208278142A31
:105BC000034612D003D82AB1132A09D07047562AA7
:105BD0000DD0704707490A748B68202282701847DD
:105BE00079229A70034B9B68F9E77822F9E77A22C9
:105BF000F7E700BFCC3E012038B50A4B1A7C7AB9D2
:105C00000122094D1A74152455F8043B013C1B6808
:105C1000984714F0FF04F7D1BDE83840F8F7B0BD5D
:105C200038BD00BFCC3E012078630020FFF7E4BF01
:105C300007B58DF80530074B8DF802005B68ADF8AD
:105C400000109B688DF804206846984703B05DF803
:105C500004FB00BF7863002007B56F238DF8063082
:105C6000054B8DF807005B6BADF804109B6801A82D
:105C7000984703B05DF804FB7863002008B5042062
:105C800004F0CAF9014638B138238370034B187BFE
:105C9000BDE8084004F0D5B908BD00BFCC3E0120E6
:105CA00010B501460446044804F014FB2046BDE844
:105CB0001040F9F794B800BFCC3E0120F8F732BE8F
:105CC000F9F700B8F8F743BE03291ED8DFE801F062
:105CD00002090F14032A08D80D4B184442740121FD
:105CE00003E0032A11D80A4B1A7508467047012AA7
:105CF0000BD8074B5A75F2E7012A06D804498B7D69
:105D000023F001031A438A75E9E70021EDE700BF9C
:105D1000CC3E01200A4601460020FFF7D5BFFFF721
:105D2000D3BF0000064A8378127C02B133B9054A1A
:105D3000D25C054B53F822305B681847704700BFB0
:105D4000CC3E0120F82C0700786300207047704794
:105D5000014BDB685B6818477863002010B5094B7E
:105D6000094C1A6A094BA0609A429AB008D0F9F718
:105D700057FD442804D8064B019301A8A36898470F
:105D80001AB010BD78630020CC3E0120EC2C070037
:105D90000000770130B521B1137873B18B429CB20A
:105DA00002D30022104630BD55788542FAD0091B37
:105DB0000139013389B21A44EDE71A46F2E70000CF
:105DC000034B002218730348DA751A7401F0C4B942
:105DD000CC3E0120255D0500084649B1054B1B7CE2
:105DE00033B98B78044ADB0852F823309B68184794
:105DF000704700BFCC3E012078630020044BDB7D60
:105E00002BB118B1012808BF03207047022070474A
:105E1000CC3E0120054BDB7D33B1022803D00328A3
:105E200008BF012070470020704700BFCC3E012012
:105E3000012804D002280CBF012002207047002056
:105E40007047012804D002280CBF012002207047AF
:105E50000020704730B583782A2B85B0044610D1D6
:105E6000452203798DF806200022ADF804208DF834
:105E700007308DF80830164B01A8D3F8FC3098474E
:105E800008E00088FEF7D6FF20B1A378292B03D0C5
:105E90002B2B16D005B030BD8589007C2379217A63
:105EA000627A44248DF80640ADF804008DF807307E
:105EB0008DF80830ADF80A508DF80C108DF80D20D3
:105EC000D9E785892379217A627A007C4624E9E73B
:105ED0007C3D012013B5019008F0EEF80198FFF722
:105EE000FFF8044608F0EAF82CB1A08902B0BDE83A
:105EF0001040F9F7B4BB02B010BDF9F7C0BB30B524
:105F000085B0CDE90210CDE90032BDF8205008F08F
:105F1000D3F80398FFF7E4F8044608F0CFF84CB143
:105F2000DDE90032A0890299089505B0BDE830404E
:105F3000F9F7B7BB05B030BD08B508F0BDF8064BA2
:105F4000064A5A624FF4106001220021F8F726FC3D
:105F5000BDE8084008F0B2B878630020502D070073
:105F60008378034A03F0070352F82330184700BF31
:105F70005C2D0700024A0023D370024AD375704794
:105F8000E43E0120CC3E01208378034A03F007035E
:105F900052F82330184700BF782D07004268094B9C
:105FA0001188818092788271074A5189A0F8071080
:105FB000117B4172D17821F00201D17038224280E8
:105FC0009B681847CC3E0120E43E0120F0B5174EF7
:105FD000174FF57815F0010187B004461DD1838A6B
:105FE000B0F817203380837DB370ADF80820437E6E
:105FF0008DF80A300D220DF10B0018F037FB45F03B
:10600000010520467823F570009330F8043B3A7B75
:1060100002A9FAF741FB07B0F0BD40F237734380A5
:10602000BB6807B0BDE8F040184700BFE43E012060
:10603000CC3E0120416810B5032204460A4818F0FE
:10604000DFFA0028084A0CBF00230523E370D37849
:1060500023F00103D3703723A370044B20469B68C1
:10606000BDE81040184700BFE43E0120CC3E0120AF
:10607000064A90F82B301372034633F81B1B9180AD
:1060800000F10B02411D0079F8F7A4BFE43E0120A6
:106090000146034B31F8052BDA800079F8F7CABFC7
:1060A000E43E0120F8F7DBBF024B00795872F8F7A5
:1060B000EEBF00BFE43E0120C27A411D0079F9F72E
:1060C00004B80000F7B5174E174FF17811F002042D
:1060D00005461FD106F10A000321FAF7C5FC337B00
:1060E0000D2203F03F0343F040032146B018337301
:1060F00018F0BCFAF3783A7B43F00203F3702846B9
:106100007923009330F8043B06F10A01FAF7C4FA48
:1061100003B0F0BD4FF4E7634380BB6803B0BDE854
:10612000F0401847E43E0120CC3E01208378153B27
:1061300010B50446052B44D8DFE803F003141F2AEA
:106140002D2F3A2383701F4B9A880280197AC278C8
:1061500069B11D49C97D0A4309D101205872F8F778
:1061600096FF04E03B238370164BDB880380164BBD
:1061700020469B68BDE8104018473C238370C078D8
:106180000028F4D1104BDB7D002BF0D00D4BE5E760
:106190003D23A370EBE73E23FBE73F238370C378E7
:1061A000002BE4D1074A0849527ACA75002A18BF61
:1061B00001211A460ABF00210D200C20FFF738FDEF
:1061C000D5E710BDE43E0120CC3E012008B507F024
:1061D00073FF044B044A9A61044ADA63BDE808403D
:1061E00007F06CBF786300208C2D0700802D07001E
:1061F00073B505461A200191164603F00DFF0446BB
:1062000098B130238370019920F8046B04F0A7F84B
:10621000294604F1140004F05DF8054B187B214673
:1062200002B0BDE8704003F00CBF02B070BD00BF0B
:10623000CC3E01202DE9F74307462C209DF828800D
:10624000BDF82C90019116461D4603F0E5FE04466C
:10625000E0B131238370A0F80090077101990530F7
:1062600004F038F8314604F10B0004F078F82946C0
:1062700004F11B0004F073F8064B84F82B80187BA4
:10628000214603B0BDE8F04303F0DBBE03B0BDE838
:10629000F08300BFCC3E012073B505460C20019170
:1062A000164603F0B9FE044678B1322383700680A7
:1062B00005710199053004F00DF8054B187B214656
:1062C00002B0BDE8704003F0BCBE02B070BD00BFBC
:1062D000CC3E012008B52C2003F09EFE014638B1CB
:1062E00033238370034B187BBDE8084003F0A9BE3D
:1062F00008BD00BFCC3E012010B504462C2003F0A1
:106300008BFE014650B13423837000230380044B7D
:106310000471BDE81040187B03F093BE10BD00BFB0
:10632000CC3E0120F8F7C1BE73B506460C200191A2
:10633000154603F071FE044678B13523837006716B
:106340000199053003F0C6FF054BE572187B214625
:1063500002B0BDE8704003F074BE02B070BD00BF73
:10636000CC3E012070B5054614200E4603F054FEC5
:10637000044668B136238370294620F8046B03F085
:10638000EEFF044B2146187BBDE8704003F059BE78
:1063900070BD00BFCC3E0120064A074B107B18732E
:1063A00000214FF03010C3E904001175986119778E
:1063B000D1737047CC3E0120003F01202DE9F84FFA
:1063C000064610208846BDF828B0BDF82CA091469E
:1063D0001F4603F021FE014608B3102300258370F9
:1063E00006712C4646FA05F3DB0705D50B1919F89B
:1063F00004205A710134E4B2072D03D0032C05F1B7
:106400000105EFD1074B81F80880A1F80AB0A1F887
:106410000CA08F73187BBDE8F84F03F012BEBDE8E7
:10642000F88F00BFCC3E012008B5042003F0F4FD36
:10643000014638B111238370034B187BBDE8084037
:1064400003F0FFBD08BD00BFCC3E01202DE9F74F92
:106450000025164E8046894692462C46012748FA6A
:1064600005F3DB0718D539F814203AF814B0019277
:1064700007F022FE07FA05F0C0B2FFF7D9FC00F1E1
:106480000803019A26F8132006EB43030134A3F80E
:1064900006B007F013FEE4B2072D03D0032C05F17C
:1064A0000105DCD103B0BDE8F08F00BF003F012043
:1064B00010B5044607F000FE024BDC73BDE8104047
:1064C00007F0FCBDCC3E0120704700008378034AF2
:1064D00003F0070352F82330184700BF982D070038
:1064E00083782C2B2DE9F041044643D13B4D2B7F83
:1064F000022B2ED195F82130394EABB1394F3B7874
:1065000093B18388A3F11A02012A03D903F0180377
:10651000082B20D195F8203023B1012333700023BC
:1065200085F8203000233B7033782BB94C23A370BF
:106530002D4B20469B68984795F821304BB1A38896
:10654000C3F34113012B04D000233370254B0122E8
:106550001A70BDE8F081026A818B0120FFF71AFCF6
:1065600010B901233370DBE7827895F821301A42A5
:10657000F7D0D7E72D2B0FD1184A002313774B21E3
:106580001A460D20FFF754FB4B23A370164B2046F1
:106590009B68BDE8F0411847362BDAD10F4A137FCC
:1065A000012B0BD0032B12D0A17800234A291A46C5
:1065B0000CBF0C200D20FFF73BFBE7E74A2383705D
:1065C000C378B3FA83F35B095B001377ECE74B23E3
:1065D0008370C378003B18BF0123F5E7003F01201B
:1065E000243F0120CC630020CC3E012007B5084B9E
:1065F0001B7F023B012B05D82D2301A8ADF80630E7
:10660000FFF76EFFFFF7C8FE03B05DF804FB00BFA5
:10661000003F01202DE9F043274E347F87B0054627
:10662000002C45D127464FF001084FF006092B7981
:106630003B41DB0717D508FA07F0C0B2FFF7F8FBBC
:106640002A1906AB09FB04330830527903F8102CE1
:1066500036F8102023F8142C06EB40000134C288D1
:1066600023F8122CE4B2072F03D0032C07F1010703
:10667000DDD1124CE07BFFF7C1FB01AB2A79217D14
:10668000F8F78DFE2B7A012B03D0022B14BF0023C9
:10669000032386F821300120002386F8203030774C
:1066A0006989AB890A22B1FBF2F2A97BF8F7B9FE3E
:1066B00007B0BDE8F08300BF003F0120CC3E0120C1
:1066C000064B1A7F022A07D103221A7700231A46A3
:1066D00019461846F8F7A5BE704700BF003F0120D5
:1066E00008B507F0E9FC054B054A9A60FFF754FE30
:1066F00000F0D0FCBDE8084007F0E0BC7863002063
:10670000A42D07008378034A03F0070352F82330CF
:10671000184700BFB02D0700F0B51B4C85B00546EB
:106720000120FFF785FB227F03465ABB08332A1856
:1067300034F81310154E5779F07B039104EB4303A3
:10674000DA880292FFF75AFB0346307D0090DDE9BC
:1067500002213846F8F766FB2B7A012B03D0022B77
:1067600014BF0023032384F82130002384F8203051
:1067700001206B892077A97BE38305B0BDE8F04059
:10678000F8F740BB05B0F0BD003F0120CC3E012032
:1067900013B50A4C237F023B012B0BD8204603F094
:1067A00058FD2523ADF80630054B01A89B68984796
:1067B00000232377FFF7F0FD02B010BD003F01205A
:1067C000CC3E0120054B1A7F022A05D1002103226D
:1067D00008461A77F8F716BB704700BF003F012044
:1067E000FFF7F0BF8378062B70B5044625D1294DFD
:1067F0002B7F022B0BD195F82130B3B1837A042B78
:1068000006D195F8203083B1002385F8203070BD83
:106810004268017A0120FFF7BDFA08B90123F4E7C5
:10682000827895F821301A42F8D02623A3701A4BAB
:1068300020469B68BDE870401847342BE7D1154DC2
:106840002B7F012B0BD0032B19D0A17800232429F7
:106850001A460CBF0C200D20FFF7EAF9E7E7C378D2
:106860005BB9E98B21B112232846AB7103F0EEFC32
:1068700002232B772423A370E7E70023F9E7C678E8
:106880002EB9284603F0E5FC2E772523F3E70226F0
:10689000FAE700BF003F0120CC3E012008B507F019
:1068A0000BFC044B044A9A60FFF776FDBDE80840F4
:1068B00007F004BC78630020BC2D070070B50546C6
:1068C0000078FEF70DFC044620B1AB78282B02D0EF
:1068D000292B12D070BD007C01220221FEF708FF97
:1068E000AB7F23760123A374AA8BA0892B1D05F10E
:1068F0001401BDE87040F8F7D1BA2A7D3AB16B7D3A
:106900000376291D8089BDE87040F8F784B9007CC2
:106910000221FEF7EDFEA089BDE87040F8F76BB9E3
:1069200001F0BEB983782A2B07B501D02C2B06D1F4
:10693000064BD3F8F03013B1019098470198044BFF
:106940009B6803B05DF804EB184700BF7C3D012055
:10695000CC3E0120F7B505460088FEF76BFA0446E9
:10696000C8B1AB78102B33D1EB89077CABB92C497C
:106970000822A81D17F044FE064670B9694638463D
:1069800001F0B8FC014698B19DF800302376A6745A
:106990002888F8F740F903B0F0BD384601F09EFCB6
:1069A000012805D1288803B0BDE8F040F8F723B9E5
:1069B000207C01220221FEF79BFE0123A374237C8D
:1069C0002B803023AB70174B28469B689847E2E733
:1069D0000E3B012BDFD8007C00220221FEF788FE4F
:1069E000237CADF80030EB788DF80330A3B92C236D
:1069F0008DF80230237EE375A37C8DF80430684661
:106A0000FFF790FF237CADF800306846EB788DF8F7
:106A1000033001F0EDFCBEE72D238DF80230EEE7E8
:106A20000B370700CC3E012038B5054604200C4644
:106A300003F0F2FA38B103228270C4700580BDE819
:106A4000384001F031BC38BDF8B5074616200E4677
:106A5000154603F0E1FA044670B104238370078001
:106A6000067525B132462946184417F0D7FD204651
:106A7000BDE8F84001F018BCF8BD0000044B054A21
:106A80005A61054B054AC3E90022FF229A737047F9
:106A900078630020C82D0700283F01200B3707002E
:106AA00010B5044607F008FB024B5C60BDE81040DF
:106AB00007F004BB283F012010B5044607F0FCFA9C
:106AC000024B1C60BDE8104007F0F8BA283F0120D7
:106AD00038B504460D4607F0EFFA054821468573A0
:106AE000083003F0F7FBBDE8384007F0E7BA00BF15
:106AF000283F0120014B5868704700BF283F012004
:106B0000014B1868704700BF283F01200348837B72
:106B1000FF2B01D1F8F76EBE08307047283F0120E7
:106B2000024B987BFF2808BF00207047283F0120B8
:106B300010B58378412B8AB0044607D13423837083
:106B40000F4B9B680AB0BDE810401847402B15D189
:106B5000806803F033FA61680A4C332302A8ADF869
:106B6000063003F0FCFB216806A803F0F8FB206860
:106B700003F024FA024B01A89B6898470AB010BDA5
:106B8000CC3E0120383F012038B5044606200D4692
:106B900003F042FA38B11722057182700480BDE813
:106BA000384001F081BB38BD02F012BAF0B504469E
:106BB0008DB010200D4603F0DFF91A4E1A4F3060E9
:106BC00008B3214603F0CBFB412003F0D5F904467E
:106BD000B0B12022294602F033F92022294602F0E2
:106BE0002FF9002303704022CDE9003230683B7B4F
:106BF00041222146F9F722FE88B9204603F0DEF94A
:106C0000306803F0DBF92422002103A817F02EFDE1
:106C100040F23373ADF80E3003A8BB6898470DB04F
:106C2000F0BD00BF383F0120CC3E012008B5014631
:106C30006022024817F0F2FC08BD00BF3C3F012073
:106C4000004870473C3F012070B5054616200E46AF
:106C500003F0E2F9044670B1058036B11623837063
:106C60002046BDE8704001F01FBB01460C222846BB
:106C700002F0EAF9F4E770BD437B827B1B0403EB6F
:106C80000223C27B1344027B03EB0263024AB3FB81
:106C9000F2F002FB1030704740420F00014B024AF5
:106CA0001A62704778630020D42D070013B50C4694
:106CB0000192FEF715FA50B1002204768274019B0E
:106CC0000449808902B0BDE81040F8F7E7B802B087
:106CD00010BD00BF0B3707002DE9F84380460820A0
:106CE0009DF82060894617461D4603F095F980B14E
:106CF000012305F0070506F00706837080F804906D
:106D000047718571C671A0F80080BDE8F84301F0B5
:106D1000CBBABDE8F883000070B5064620200D46CA
:106D2000144603F079F90146B0B128238370034675
:106D3000224623F8046B04F1180052F8044B43F880
:106D4000044B8242F9D112881A80044B8D77BDE83A
:106D50007040187B03F075B970BD00BFCC3E0120B8
:106D60002DE9F843804608209DF8206089461746A3
:106D70001D4603F051F980B1022305F0070506F026
:106D80000706837080F8049047718571C671A0F87A
:106D90000080BDE8F84301F087BABDE8F88338B554
:106DA000054606200C4603F037F938B105228270FB
:106DB00004710580BDE8384001F076BA38BD0000A6
:106DC000F7B5074616200D461646019303F024F941
:106DD000044688B12923019983700780057546759B
:106DE00015B1043003F0BBFA044B187B214603B005
:106DF000BDE8F04003F025B903B0F0BDCC3E012062
:106E0000044A537B23B1118981420CBF13460023EE
:106E1000184670479C3F01207047000000234373D1
:106E200050238B70014B08469B681847CC3E0120CD
:106E30000023437351238B70014B08469B6818470E
:106E4000CC3E01200023437353238B70014B084633
:106E50009B681847CC3E01201FB50B7C0293CB8961
:106E600001938B89054800934A79807D8B1D0979B0
:106E7000F8F767FB05B05DF804FB00BFCC3E0120CE
:106E800013B5044600890191F8F793FB0199204658
:106E900002B0BDE81040FFF7CBBFF8F77EBB0000A3
:106EA00070B50B7A0C4605460A3100F8013B03F039
:106EB00011FA607AFEF7AEFFE871E3882B814F2369
:106EC000A370034B20469B68BDE87040184700BF85
:106ED000CC3E012070B50B7B0C4605460E3100F808
:106EE000013B03F0F7F9607BFEF794FFE8716389DB
:106EF0002B815223A370034B20469B68BDE8704052
:106F0000184700BFCC3E012070B50C4C0D46617B8C
:106F1000064689B90E22204617F0A8FB20462946CE
:106F200000F8016B03F0D6F94FF6FF7323810123BC
:106F3000A3726373204670BD0020FCE79C3F0120D4
:106F400010B5074C637B33B12378834203D1601CB7
:106F500003F0C5F908B9002010BD2046FCE700BFCA
:106F60009C3F012001380649C3B20E2202FB0312E6
:106F7000507B18B1C3EBC30301EB4300704700BF64
:106F80009C3F012030B4037B8C78084D04F007044B
:106F9000C3EBC303234405EB430415F813306478B3
:106FA0000373034B53F8243030BC1847102E0700EE
:106FB000E02D070037B58478312C054607D15623DC
:106FC0008370224B9B6803B0BDE830401847302CDB
:106FD00020D100F10A01007AFFF7B2FF58B91C4B2B
:106FE0005A7B42B11A7B032A05D119894FF6FF72E9
:106FF000914208BF1846EB78002B14BF5A245B243B
:10700000AC7000B3837A2B80294603B0BDE83040D2
:10701000FFF7B8BF3A2C10D100F10E01007B0191AF
:10702000FFF78EFF019910B9287BFFF76DFFEB7812
:10703000002B14BF5D245E24E2E700882A34FFF7AA
:10704000DFFEE4B2DCE703B030BD00BFCC3E012080
:107050009C3F012007B53223ADF80230064B5A7B26
:107060003AB11B89ADF804306846ADF80030FFF73F
:10707000A1FF03B05DF804FB9C3F012010B504465E
:107080000078FFF76FFF20B12146BDE81040FFF701
:1070900079BF10BD014B024ADA6270477863002065
:1070A000042E07002DE9F843164607468946984600
:1070B00007F002F831463846FFF742FF044620B990
:1070C00031463846FFF720FF044606F0F7FF2CB3A1
:1070D000122002F0A1FF0546C8B1A37A038058230D
:1070E0008370077180F805903146063003F0F2F89E
:1070F000BDF82030EB8100232B74094BA5F80C80E0
:10710000187B294602F09DFFA07ABDE8F88306F0BF
:10711000D3FF657306F0D2FF2846F6E72046F4E772
:10712000CC3E012010B50446042002F075FF014654
:1071300040B159238370044B0480187BBDE8104094
:1071400002F07FBF10BD00BFCC3E0120F8F741BA6E
:10715000F8F756BAF8F76BBA014B9860704700BF62
:10716000AC3F0120014BD860704700BFAC3F01200D
:10717000014BC3E904017047AC3F0120034B0022DF
:10718000C3E9002283F82000F7F7D8BAAC3F01200A
:10719000F8F7FABA704770477047000037B50C46E9
:1071A000FEF744FA80B2ADF8040078B1084D8DF8CE
:1071B0000640EB6801A898472B698DF8064001A8A6
:1071C00098476B698DF8064001A8984703B030BD19
:1071D000D03F012013B50446CDE90021FEF726FA81
:1071E00088B1FEF7B3FADDE9002138B9074B9B6996
:1071F0004BB1204602B0BDE810401847012802D12B
:10720000024BDB69F4E702B010BD00BFD03F0120A4
:1072100070B5C278837803EB02239BB2032B04463C
:107220001ED94279017901EB022189B20A1D9342EC
:1072300016D143780078A57900EB0320E37905EBBC
:107240000325ADB2052D0D4BC0F30B0005D0062D67
:107250000BD0042D0BD11B6800E09B682246984799
:107260002046BDE8704002F0E3BE5B68F6E71E6AA8
:107270000A4623462946B047F2E700BFD03F012027
:10728000002102F0D1BE0000094B0A4A0A490B480E
:10729000C3E900220A4A9A600A4A5A61C3E90322F2
:1072A000094A1A62012283F82420FFF761BF00BF58
:1072B000D03F0120957105009D71050011720500F8
:1072C000D57105009971050097710500034B0428DD
:1072D00007BF1960DA6059601A617047D03F01201A
:1072E00010B41970D4B2090A5970211D9970111D7A
:1072F0000912120A9871000A1C71D8715DF8044BCA
:10730000D9705A711846F7F75BBA70B505460E206A
:107310000E461446FFF7B4FF034680B10122027205
:107320000222827204730022240AC27246724473DB
:1073300029460622BDE870400520FFF7D1BF70BD89
:10734000014B024A9A617047D03F01208B730500C0
:1073500037B505460E2001911446FFF791FF03460D
:1073600088B1132202720222827204730022240A5C
:107370000199C272457244730622052003B0BDE82C
:107380003040FFF7ADBF03B030BDF0B5D57A937A8A
:10739000147A03EB05239BB21D1DA942064685B056
:1073A000507A3BD1122C39D1082B39D1537B117B28
:1073B000947B157CD77C01EB0321D37B04EB032466
:1073C000537C89B205EB0325937CADF804100022B1
:1073D00003928A1F03EB072392B240F67A47A4B2C6
:1073E000ADB29BB2BA42ADF80640ADF80850ADF868
:1073F0000A300DD8A1420BD8B4F5486F08D8B5F5BE
:10740000FA7F05D20A3B9BB240F6764293420FD9EF
:1074100001223146FFF79CFF05B0F0BD012CFBD0E7
:1074200001460022304605B0BDE8F040FFF76DBFD1
:1074300001AA3146FEF7B1F9EEE70000F8B50546BE
:107440000F461446FEF7F2F8002841D0617A002971
:107450003ED0431E1F48267AA27A94F80BC000EB58
:10746000030E9EF816E08E452AD102EB0C2292B252
:1074700002F1040C674523D1132E19D1022A21D120
:10748000184400238375477C637B247B114804EBFD
:10749000032402F0DEFE122FA4B20BD1012E18BF7E
:1074A0002146284608BF0121BDE8F840FEF7A0BAF2
:1074B000012EE4E721462846BDE8F840FEF7A8BAC9
:1074C000012E05D028460022BDE8F840FFF71DBF79
:1074D000F8BD00BFF83F0120044B054ADA61054BB7
:1074E0000022DA821A839A76704700BFD03F0120CB
:1074F0003D740500F83F01202DE9F04106460C4699
:10750000FEF794F800283DD01F4F451E3D444FF034
:1075100012081E21384685F8118002F091FE1420D1
:10752000BE80FFF7ADFE034660B3184980F80880BF
:1075300091F824204272FF2AAA751ABF0132D2B2F2
:10754000012281F82420082282720022C27222883D
:1075500002732288120A4273628882736288120A56
:10756000C273A2880274A288120A4274E2888274EA
:10757000E288120AC27431460C22BDE8F0410520AF
:10758000FFF7AEBEBDE8F081F83F0120D03F0120FB
:10759000024B01229A71187318747047F83F01204A
:1075A0000B4629B18978012902D11888FEF720BA43
:1075B00070474EF20F13C3801E2102F041BE704788
:1075C00010B50446006B18B102F0F8FC00232363E9
:1075D000204602F03EFE04F1100002F03AFE94F85C
:1075E0003A2000239A4214BF0B22012284F83B3038
:1075F00084F83F2084F8433010BDFFF7E1BF38B571
:1076000004460A200D4600F04BFE014638B1052322
:10761000037245722046BDE8384000F0FDBD38BD1C
:1076200038B505460C46FFF7CBFF95F83D00002224
:107630000121FEF75DF82B23A3702046BDE83840FA
:10764000FFF770B938B505460C46C978FFF7D7FF84
:1076500021462846BDE83840FFF7E2BF38B50C4662
:107660000A7D05460431006B16F0D8FF237D032BFD
:1076700007D1286B0D22BDE838400021033016F0F9
:10768000F5BF38BD10B50446FFF7E8FF206B1021A9
:107690003030F9F7E9F9216B204601F13002BDE8FD
:1076A000104000F05DBC4A68016B00F0DDBC38B5ED
:1076B00090F83A30002B14BF0323042380F83F30A6
:1076C00004460D46FFF775FF192000F0E9FD90B163
:1076D000032303726B6800F1090203F1100153F8F0
:1076E000045B42F8045B8B42F9D101462046BDE8B9
:1076F000384000F091BD38BD4B68016B03F10902C1
:1077000030B410311446193354F8045B41F8045B6B
:107710009C42F9D130BC016B00F022BCFFF7C3BF23
:10772000F0B55E4F97F890318BB004460E465BB3D0
:10773000836C1B7843B390F843502DBB90F83D0009
:10774000FEF704F800280CBF022301238DF8223035
:107750002F238DF80630204694F83D30ADF80430E4
:1077600000F0AAFDCDE90655A36C8DF823009969B8
:10777000ADF82050103102A802F0F1FD01A8FFF78A
:10778000D1F8072384F84330002E00F08480012EC6
:1077900094F8433004D1072B04D130460BB0F0BD30
:1077A000032E01D8092B76D00A2B74D094F83C30E4
:1077B0000BB10026F1E7192000F072FD0546002804
:1077C000F7D094F843306BB9F00738D5204600F075
:1077D000F3FC06232B72216B043105F1090002F042
:1077E000BEFD11E0062B2AD107230372236B9B8B6E
:1077F0004372236B9B8B1B0A8372226B5369C0F805
:107800000B309369C0F80F302B7A84F84330294647
:10781000204600F001FD94F83C60002EC9D1042000
:1078200002F0FAFB01460028C3D00C23837094F8C1
:107830003D30038097F8840102F003FCADE7B10707
:1078400008D50BB1072B05D108232B72FFF758F988
:107850000146C2E7082B0CD109232B72FFF760F910
:107860006872FFF753F9014605F10A0002F032FD94
:10787000CAE772070CD5092B0AD840F2812222FAF6
:1078800003F3DB0704D50A232B72FFF733F9DFE795
:10789000284602F0CDFB01267FE700BF6C400120A7
:1078A00070B50546107A06280C461E4602F10901FD
:1078B00004D1201D02F053FD002123E007380328E6
:1078C000FAD801A353F820F0D9780500B378050061
:1078D000297905003D790500917A537A03EB01235C
:1078E000A383D2F80B306361D2F80F30A36195F80F
:1078F000403013F0040F14BF02230123E377022367
:10790000A377012195F83F20062A01D0082A1AD131
:10791000013285F83F20002521B12F23A370204696
:10792000FFF700F8284670BD537AA37602F10A01EA
:1079300004F1140002F0CEFC0423E1E7201D02F064
:107940000EFD0823DCE7B00705D5072A03D108237D
:1079500085F83F30DFE7730705D5072A01D0092AEC
:1079600001D10A23F4E70125D6E700BF10B504468C
:10797000FFF768FE94F83D0000F0C8F910230146B7
:10798000A375E01802F062FC002384F8423010BDB9
:10799000012380F84230704740F62B1308464B8095
:1079A000FEF7C0BF4EF22B1308464B80FEF7BABF5E
:1079B00038B590F8423004460D4683B1002380F874
:1079C00042300921FFF71BFE40F62B1328466B803F
:1079D000FEF7A8FF2046BDE83840FFF7F1BD38BDEF
:1079E00013B50446FFF7ECFD94F83D000022012199
:1079F000FDF77EFE94F840308DF8043094F83D3069
:107A0000ADF8003068462A238DF80230FEF78AFF71
:107A100002B010BD70B5044690F83D000D46FDF76C
:107A200095FE134B94F83E10AE78D3E95F230128FE
:107A300018BF1A46136853F821100B461978B14243
:107A40000BD1597884F83E1099785368204653F842
:107A500021302946BDE87040184713F8031F00295C
:107A6000ECD1916801F10C008342E6D170BD00BFFA
:107A70006C40012013B5044690F83D000191FDF7DC
:107A80002DFE019928B9204602B0BDE81040FFF74D
:107A9000C7BD1F2320468B7002B0BDE81040FFF722
:107AA000B9BF000013B5002313700B7090F822309B
:107AB000012B2AD190F82930012B26D10B7090F898
:107AC000233090F82A20134043F00403002180F86B
:107AD000403090F83A30002B4FD090F82330314AA4
:107AE000126800294CD0117A0B405B0748D590F8FA
:107AF0003D30ADF8043040F2033301A9ADF8063053
:107B0000FFF788FF002002B010BD90F823104B074C
:107B100003D490F82A305C070BD590F82140032C51
:107B200007D090F82830032B03D0012C08D8012B64
:107B300021D890F82A300B4003F0FB030121C6E75F
:107B4000042C16D1022B16D0191F4B424B41DBB22D
:107B5000137090F82810022903D190F821100229FF
:107B6000ADD090F83A10002908BF83F001031370DC
:107B7000A5E70023EBE70123E9E790F82A30AEE719
:107B8000537990F824209A4203D390F82B209A42FC
:107B900006D290F83D30ADF8043040F20363ACE714
:107BA0000120B0E75C63002010B590F8403090F8F9
:107BB0003D4086B013F00403ADF800400BD02E23F7
:107BC00068468DF802308DF804108DF80520FEF718
:107BD000A9FE06B010BD0422ADF804308DF80630C1
:107BE000694603238DF802208DF81430FFF712FF49
:107BF000EFE7C37933B9C36823B90089003818BFE8
:107C00000120704701207047F8B50446FDF72CFDB0
:107C1000FEF700F906462046FDF730FD174C0546F5
:107C200002272046FFF7E5FF28B9012F04F11804C9
:107C30000CD00127F5E7A379B342F6D129462046B7
:107C400002F04DFB0028F0D02046F8BD0B48FFF7AE
:107C5000D0FF78B10A48FFF7CCFF68B9084C18226A
:107C60000021204616F002FDA6712946204602F0AA
:107C700031FBE9E7014CF2E7024CE5E72C4001203B
:107C80004440012014400120044890F8553023B9A5
:107C90004FF47A71483002F0D9BA7047144001208D
:107CA00010B50B4C94F85530012B03D104F148006A
:107CB00002F0CFFA06485822002116F0D7FC054BF7
:107CC00093F8843184F85430202384F84E3010BD6A
:107CD000144001206C40012008B5FFF795FFC068F3
:107CE00008BD000010B50C46FFF78EFFC4711CB133
:107CF000024B1B68DB68436110BD00BF5C63002062
:107D000008B5FFF781FFC07908BD000010B5FFF787
:107D10007BFF01890C4A0446A1B113689B8A13FBBF
:107D200001F39BB211680A68C8685A43824298BF3F
:107D300023810B698CBFE060E2602361FFF7A4FF41
:107D4000E06810BD0123EDE75C63002008B5FFF794
:107D50005BFF024B1B681B69036108BD5C6300206D
:107D6000F8B51E4C1E4E03252046FFF742FF70B3A8
:107D70002269E368B2F57A7F38BF4FF47A72B3F5BF
:107D80007A7F38BF4FF47A73A3F57A73E36063693F
:107D9000B3F57A7F38BF4FF47A73A2F57A72A3F500
:107DA0007A732261636152B932682089918AB0FB8B
:107DB000F1F7884228BF1269278128BF226103B9E1
:107DC000E3712046FFF715FF08B1FFF75DFF013DA6
:107DD00015F0FF0504F11804C6D1F8BD14400120C8
:107DE0005C630020F7B505460078AB783A4E272B48
:107DF00000F1FF344CD1FDF7A9FC4C2101FB0464D8
:107E0000002814BF01230B23287884F83F304FF05B
:107E10000007EB88238714BF0022012284F83A2050
:107E200084F83D0084F83B7084F83C70FFF768FFED
:107E300084F8437084F8420084F83E7084F84470FB
:107E40002C782046FFF748FF0546002842D096F8D8
:107E500090312046ABB1FDF779FC01280CBF2622FA
:107E600024224C23013C5C433319294683F83E20ED
:107E70001022144430199A7503B0BDE8F04002F0A6
:107E8000E5B9FDF763FC01280CBF0D220C22E8E7E1
:107E90004C2202FB046494F83D20DAB1282B19D15E
:107EA00094F84210FFF71EFF2B88ADF804300A2328
:107EB0008DF806302B7A2046203301A98DF8073043
:107EC000FFF7A8FD606B002584F83D5010B102F06B
:107ED000AFF8656303B0F0BD6C40012008B5FDF755
:107EE000A5FB20B1024B01384C2202FB003008BD3B
:107EF0006C40012030B587B00D461446FFF7EEFF09
:107F0000D8B1237A5A1E0D2A17D8104AD25CAA4239
:107F100013D190F83F209A4211D0052B0DD10723A1
:107F20008DF80230637A8DF8033090F83D30ADF86B
:107F3000003069460194FFF76DFD07B030BD052A9A
:107F4000EDD006238DF80230EFE700BF482E070082
:107F5000024B4C22013802FB003070476C4001207C
:107F6000F0B5044689B094F83A3090F83D000F46D9
:107F70001646002B5BD0FDF7A7FB02F0BDF90028E9
:107F800053D094F83D00FDF781FB054694F83D0081
:107F9000FDF790FB02F0B0F9002860D094F83D00A6
:107FA000FDF762FB33460DF1120113F8022B554029
:107FB00072788DF8105080EA02058DF8115004F1A6
:107FC000200006F1090513F801CB10F8012BAB4294
:107FD00082EA0C0201F8012BF5D104F127001036DA
:107FE0000DF1190113F8015B10F8012BB34282EA7D
:107FF000050201F8012BF5D10B231A4A009392F8E0
:10800000842194F83D3004A93846F8F745FBFF2851
:1080100084F8410007D140F6030303A92046ADF8D8
:108020000E30FFF7F7FC09B0F0BD0125AEE7FDF714
:1080300041FB02F061F980B194F83D00FDF714FBBB
:10804000054694F83D00FDF73FFB02F055F930B1CD
:1080500094F83D00FDF71AFBA4E70125F1E70120A4
:10806000A0E700BF6C4001202DE9F041044688B034
:1080700094F83A3090F83D0088461746002B58D0C7
:10808000FDF722FB054602F037F920B194F83D00D8
:10809000FDF706FB054694F83D00FDF70BFB064691
:1080A00002F02AF920B194F83D00FDF7E7FA064600
:1080B00004A8BB1D3A46014616F801CB12F801EBA5
:1080C0008CEA0E0C9A4200F801CBF5D107F10C06B0
:1080D0000DF1160015F8012B13F801CB82EA0C0202
:1080E000B34200F8012BF5D13B7B8DF81C307B7B34
:1080F0008DF81D30BB7B8DF81E30FB7B8DF81F305B
:10810000184A0B23009392F8842194F83D3040469E
:10811000F8F7C2FAFF2884F8410007D140F60303BC
:1081200003A92046ADF80E30FFF774FC08B0BDE897
:10813000F081FDF7BFFA054602F0DEF820B194F8B1
:108140003D00FDF79BFA054694F83D00FDF7BCFAAB
:10815000064602F0D1F80028AAD094F83D00FDF7B9
:108160009FFAA4E76C40012070B588B0164604461B
:108170000D4604A8194602F0FBF8314606A802F0A5
:10818000F7F80B230B4A009392F8842194F83D30C2
:1081900004A92846F8F780FAFF2884F8410007D19F
:1081A00040F6030303A92046ADF80E30FFF732FC7A
:1081B00008B070BD6C40012070B5046B261D94F8AA
:1081C000201005463046F8F74FFC94F820000021B7
:1081D000C0F11002304416F049FA94F8312094F8B6
:1081E000303003EB0223A383D4F832306361D4F838
:1081F0003630A3610123A37795F8403013F0040FC4
:1082000014BF02230123E3772F23A3702046BDE888
:108210007040FEF787BB000070B590F83C30044614
:108220000D462BB1406B08B101F002FF656370BDD4
:108230000A7A0B460349BDE870408A5C018F06202C
:10824000FFF74EB8482E0700F8B50778134E013FE8
:108250004C2404FB0764054694F83D30E3B1837871
:10826000012B0CBF0123002384F83C3014D0616B38
:1082700021B1002363632046FFF7CEFF4C2303FBAD
:10828000076696F83E303BB10C23AB70294620467A
:10829000BDE8F840FFF7BEBBF8BD00BF6C40012051
:1082A000002101F0C1BE0000024B014693F8840199
:1082B00001F0C7BE6C40012090F840305B070BD541
:1082C00090F8243090F82B20934228BF1346102BAF
:1082D0000CBF03200220704701207047044B013877
:1082E0004C2202FB0033986C00B10078704700BF4D
:1082F0006C40012038B5144B421E4C2404FB023460
:1083000094F8440070B193F8900160B1A06C0578C6
:108310004DB1806938B12046FFF7CEFF0870A36CDD
:108320009869103038BD4C2000FB0233186B0028D0
:10833000F8D093F8402012F0040F14BF022201225B
:108340000A70186B2030EDE76C40012070B50E4CC0
:10835000064684F88401FFF7A3FC01202346451C50
:1083600098809882A8B206281E731E7703F14C03EA
:10837000F5D10649064AFEF7A9FFBDE87040054958
:108380000120FDF74FB800BF6C400120F57E0500CD
:1083900049820500E57D050010B50C4629B38B78B0
:1083A000202B03D1BDE81040FFF7DABC1C2B03D112
:1083B000886808B101F002FE23780C48013B4C228A
:1083C00002FB030292F83D1079B1A1780B2904D188
:1083D00092F84110E278914207D14C22214602FBEB
:1083E0000300BDE81040FFF715BB10BD6C40012035
:1083F000C378002B0CBF082309230146837000209B
:10840000FFF7CABFF7B5074690F83D000C46FCF7EA
:1084100067FE0546B8B197F83A30661CB3B100F173
:108420001A010846019101F067FF20B90123019963
:108430002370062203E02B7D23700622A918304604
:1084400001F0BCFF0734204603B0F0BD00F120016D
:108450000846019101F050FF0028E7D0EB7C237023
:1084600006222946EBE7F7B5074690F83D000C4693
:10847000FCF736FE0546B8B197F83A30661CB3B142
:1084800000F120010846019101F036FF20B90123D7
:1084900001992370062203E0EB7C23700622294613
:1084A000304601F08BFF0734204603B0F0BD00F1E9
:1084B0001A010846019101F01FFF0028E7D02B7D2B
:1084C00023700622A918EBE7F7B5002313700B7091
:1084D00090F8233090F8225013F0080F04463FD054
:1084E00090F82A301B073BD5012D03D090F8293096
:1084F000012B3CD101230B7000250B789BB994F81C
:1085000023305F0703D494F82A305E070BD594F824
:108510002100032807D094F82830032B03D001282A
:1085200027D8012B41D894F8237094F83DC03B071D
:1085300040F1D08094F82A00060740F1CB807C4BB4
:1085400093F890619EBB40F2033301A92046ADF839
:1085500004C0ADF80630FFF75DFA304603B0F0BD59
:10856000012D04D194F82930012BC6D1C2E7012591
:10857000C3E7042817D1022B17D0181F43424341E9
:10858000DBB2137094F82800022803D194F821007C
:10859000022806D094F83A00002808BF83F00103AF
:1085A00013700025BFE70023EAE70123E8E7A36C87
:1085B00040F201161E8012781A710978002957D0EE
:1085C00002225A702046ADF804C000F054FB002887
:1085D0007BD0A36CDE68FEF733FB334600F120024C
:1085E00050F8041B43F8041B9042F9D1A36CDE68D9
:1085F000FEF726FB203600F120023346403052F8C9
:10860000041B43F8041B8242F9D1A36C1E69FEF7D8
:1086100017FB334600F14002603052F8041B43F868
:10862000041B8242F9D1112301A920468DF806309E
:10863000FFF7F0F994F8231094F82A3003EA0102C6
:10864000002D5FD142F0040284F8402094F83A20D3
:10865000002A18BF0B46374A1268002D55D0117AF0
:108660000B405B0751D594F83D30ADF8043039E04C
:1086700094F82820CDB90321042A597007D194F821
:108680002120012A01D0042A06D1042299E7012AD7
:1086900002D194F82120F6E717F010070FD010F060
:1086A00010000ED001229A708CE7012A8AD194F82A
:1086B0002100012807D104225A700D4682E73D4669
:1086C00080E705467EE715467CE708238DF80730EE
:1086D0000323A9E7174B1B681B7A13F008030BD081
:1086E000ADF804C040F2033301A92046ADF80630CE
:1086F0000026FFF78FF930E7A26C1370ADF804C0C5
:10870000122391E702F0FB029EE7537994F82420AC
:108710009A4203D394F82B209A4206D294F83D3023
:10872000ADF8043040F20363DEE7012615E700BF31
:108730006C4001205C63002030B5846C90F83D30C3
:10874000257887B0A5B990F84040640713D4ADF8F8
:10875000003004238DF802300023ADF804308DF88A
:108760000630694603238DF81430FFF753F90EE005
:108770006478022CEBD1ADF8003068462E238DF8DA
:1087800002308DF804108DF80520FEF7CBF807B005
:1087900030BD10B50446FEF730FF2046BDE810405E
:1087A00000F09CBA38B504460D46FFF7F2FF2946A3
:1087B0002046BDE83840FEF733BF38B505460C46C5
:1087C000C978FEF71CFF21462846BDE83840FFF770
:1087D000E9BF37B5836C4D6804462022986805F1DF
:1087E000090101F0EBFDA36C9868202205F1290135
:1087F000104401F0E3FD94F83D30ADF80430A36C73
:108800005B78013B032B0ED8DFE803F002120B026A
:10881000132301A920468DF80630FFF7FBF803B0BB
:1088200030BD1423F5E708238DF807300323F0E764
:108830001523EEE77FB5836C0022DA70032180F800
:108840003F108DF8042090F83D101B79ADF8001012
:1088500068462E218DF802108DF80530FEF762F87B
:1088600007B05DF804FB37B5836C90F83A40D3E964
:1088700002525B69103301933CB10023009313460D
:108880002A4600F087FA03B030BD00942B46F8E783
:1088900073B50A4604460E460146502000F06AFAB7
:1088A0000546C8B194F83A20A36CBAB1D968202221
:1088B00000F0C6FAA36C9968202200F0C1FAA36CFC
:1088C0005969103100F0C3FAA06C00964069234644
:1088D0005022294600F02EFA02B070BD996820227D
:1088E00000F0AEFAA36C2022D968E6E710B5836CDD
:1088F0005B78042B86B004460FD102A8496801F0CA
:108900002EFD94F83D30ADF8043001A83523ADF8C4
:108910000630FEF707F806B010BD90F83D30ADF810
:10892000043001A91623ADF80630FFF773F8F2E71B
:1089300037B54D682C7A0E2C0ED16B7A8DF8043039
:1089400090F83D30ADF8003068463623ADF802307F
:10895000FDF7E8FF03B030BD032CFBD11E224A8097
:1089600003B0BDE83040FFF755B838B5836C9B784D
:1089700004460D46C3B1FEF71CFE0A20FFF790FC2B
:10898000014640B10E2303722B7943722046BDE8A5
:108990003840FFF741BC40F603036B802946204670
:1089A000BDE83840FFF736B838BD0000F0B5D0F864
:1089B00048C0DCF8103099B004460D4610AE03F103
:1089C000200718685968324603C20833BB4216466E
:1089D000F7D1DCF808306A4603F1200E1746186814
:1089E0005968164603C6083373453246F7D1DCF89A
:1089F00008200DF1200C02F120034032186859685C
:108A0000664603C608339342B446F7D1094994F841
:108A10003D2091F8841119233846F7F77DFF30B9CE
:108A20004EF203036B8029462046FEF7F3FF19B090
:108A3000F0BD00BF6C400120F0B5CB7887B0054693
:108A40000C4633BB0A460146202000F093F9064647
:108A5000E8B1164B02AA03F1100E94461868596843
:108A6000174603C7083373453A46F7D1231D3246EC
:108A700004F1240153F8040B42F8040B8B42F9D1A2
:108A800000942B4620223146604600F053F907B08F
:108A9000F0BD90F83D000B2200F0D6FA21462846A2
:108AA00007B0BDE8F040FEF7B5BF00BF572E070086
:108AB000836CF7B5044698690E461030496801F09A
:108AC0004EFC32462146352000F054F9054618B3D5
:108AD00000270422114900F8017B00F0B1F9A36CD2
:108AE000596900F0B4F9A36C5969103100F0AFF97D
:108AF00001462046FFF786FC01462046FFF7B3FCFF
:108B0000012303704770A36C9869009623463522B1
:108B10002946103000F00EF903B0F0BD682E0700B2
:108B2000836CF7B504460E469869496801F017FC56
:108B300032462146352000F01DF9054618B30127BD
:108B40000422124900F8017B00F07AF9A36C5969FC
:108B500000F07DF9A36C5969103100F078F90146F5
:108B60002046FFF74FFC01462046FFF77CFC002320
:108B700007704370A36C98690096234635222946F6
:108B8000103000F0D7F803B0F0BD00BF682E07002A
:108B9000836C73B504469869102210440D464968E9
:108BA00001F00CFC2A462146412000F0E3F806467D
:108BB00030B3A36C596900F04AF9A36C59691031BC
:108BC00000F045F9A36C5969303100F040F994F890
:108BD0002330037094F82230437094F8213083706E
:108BE000C11C2046FFF70EFC01462046FFF73BFC68
:108BF000A06C0095806923464122314600F09AF826
:108C000002B070BD73B50A4604460D4601464120C8
:108C100000F0B0F8064630B3A36C5969103100F08B
:108C200016F9A36C596900F012F9A36C5969203147
:108C300000F00DF994F82A30037094F8293043704D
:108C400094F828308370C11C2046FFF70CFC0146C5
:108C50002046FFF7D7FBA06C009580692346412290
:108C6000314600F067F8A36C6968586902B0BDE846
:108C7000704001F074BB38B5856C6B6904461BB954
:108C8000602001F079F96861A56CAB681BB94020E0
:108C900001F072F9A860A56CAB691BB9202001F046
:108CA0006BF9A861A56CEB681BB9402001F064F971
:108CB000E860A56C2B691BB9202001F05DF92861E3
:108CC000A36C586948B1986838B1986928B1D868D8
:108CD00018B11869003818BF012038BD836C10B571
:108CE0000446586920B101F069F9A36C00225A6169
:108CF000A36C986820B101F061F9A36C00229A601E
:108D0000A36C986920B101F059F9A36C00229A6113
:108D1000A36CD86820B101F051F9A36C0022DA608D
:108D2000A36C186920B101F049F9A36C00221A6103
:108D300010BD000073B51C461C23019394F83D3010
:108D400000930B4B069E93F884310D46F7F776FDA2
:108D500060B9284601F032F940F603033146204657
:108D6000738002B0BDE87040FEF754BE02B070BD23
:108D70006C40012070B50E46154601F0FDF8044622
:108D800030B940F603036B8029463046FEF742FEB9
:108D9000204670BD2DE9F04706460F4615460A46A7
:108DA000014641209DF82090DDF824801C46FFF705
:108DB000E1FFF8B12A46034605F1200152F8045BB1
:108DC00043F8045B8A42F9D1234600F1200204F102
:108DD000200153F8044B42F8044B8B42F9D180F840
:108DE000409033460897014641224046BDE8F0478F
:108DF000FFF7A0BFBDE8F0870D4A0E4B02F11C0142
:108E0000C3F8941002F138019A64C3F8E01002F13B
:108E100054017032C3F87821074AC3F88821074A01
:108E2000C3F88C210122C3F82C1183F890217047DC
:108E3000004201206C400120C984050039870500EB
:108E400038B50546144615F0E9FB281938BD10B5AC
:108E5000044601F084FA04F1100010BD70B501223F
:108E600004460E4690F83D001146FCF741FC2046B2
:108E7000FEF79FFB4920FFF713FA0546A8B10C2324
:108E80000372A36C2022D968093001F097FAA36C11
:108E9000D968202205F12900114401F08FFA2946F2
:108EA0002046BDE87040FFF7B7B940F60303738072
:108EB00031462046BDE87040FEF7ACBDF8B5174618
:108EC000012204460E4690F83D001146FCF710FCC6
:108ED0002046FEF76EFB1920FFF7E2F9054660B168
:108EE0000D23037239460930102201F067FA294632
:108EF0002046BDE8F840FFF78FB940F603037380C2
:108F000031462046BDE8F840FEF784BDF8B5174667
:108F1000012204460E4690F83D001146FCF7E8FB9E
:108F20002046FEF746FB1920FFF7BAF9054660B167
:108F30000423037239460930102201F03FFA294612
:108F40002046BDE8F840FFF767B940F60303738099
:108F500031462046BDE8F840FEF75CBDF8B517463F
:108F6000012204460E4690F83D001146FCF7C0FB76
:108F70002046FEF71EFB1920FFF792F9054660B167
:108F80000323037239460930102201F017FA2946EB
:108F90002046BDE8F840FFF73FB940F60303738071
:108FA00031462046BDE8F840FEF734BD836CDA78E0
:108FB0005969D308C3F10F0351FA83F302F0070292
:108FC00093F82000104100F0010040F0800070474D
:108FD000F8B50D46FEF7BCFF826C90F83A300446B7
:108FE00005F11001506905F1300705F12006B3B114
:108FF000503001F0B4F9A36C58692946203001F0D3
:10900000AEF9A36C58693946403001F0A8F9A36C59
:10901000586931463030BDE8F84001F0A0B9403021
:1090200001F09DF9A36C58692946303001F097F999
:10903000A36C58693946503001F091F9A36C586916
:1090400031462030E7E70000F8B50C4617460646E3
:10905000FEF77EFF90F84230013380F8423005463B
:109060002680E7703046FEF771FE054B1A6895F8CA
:109070004230D27993420CBF0D230323A370F8BD75
:109080005C63002013B504220DEB0201044690F846
:109090003D00FFF7D9FF01A92046FEF7BBFC02B057
:1090A00010BD000038B5012204460D4690F83D0081
:1090B0001146FCF71DFB022384F83F302046FEF7E3
:1090C00078FA402000F058FF20630F20FFF7E8F8FF
:1090D0000146D8B1012303720D4B1B681A79427205
:1090E0002A7982726A79C2729B790373AB7943736E
:1090F000EB798373836823628389A384837B84F8F9
:1091000026302046BDE83840FFF786B838BD00BF9E
:109110005C63002090F83B202AB1002280F83B20BD
:10912000C978FEF76CBA704707B5012380F83B3069
:109130004B685B7A8DF8043090F83D30ADF8003024
:10914000684632238DF80230FDF7ECFB03B05DF882
:1091500004FB000037B54B6890F825509A68C0F8BA
:1091600027209A89A0F82B209A7B80F82D205A7B03
:10917000AA43044604D190F826209B7B934308D051
:1091800040F6032320464B8003B0BDE83040FEF795
:1091900041BC094D0DF10702D5F888310DF10601EA
:1091A000984738B1D5F88C319DF807209DF8061006
:1091B0002046984703B030BD6C40012038B5026BA3
:1091C0004B68044603F109012032193351F8040BAE
:1091D00042F8040B9942F9D10425204684F83F5007
:1091E000FEF7E7F91920FFF75BF8014680B1057239
:1091F000236B093003F13002403352F8045B40F82E
:10920000045B9A42F9D12046BDE83840FFF704B824
:1092100038BD000070B5066B0D4604461022686824
:1092200006F1200115F0ECF9D0B10423EB7094F8AD
:10923000423094F83D00013384F84230FEF786FD59
:109240000C4B1A6894F84230D27993420CBF0D232C
:109250000323AB7029462046BDE87040FEF7DABB19
:1092600006F1300306F1100231462046BDE8704099
:10927000FEF77ABF5C63002030B590F82B5090F871
:10928000243049689D4285B028BF1D4604462A46C1
:10929000684615F0C3F90021C5F110020DEB050079
:1092A00015F0E4F9012384F8443094F8403094F840
:1092B0003D0013F0040F6A4614BF02210121FDF79F
:1092C000F5FC05B030BD000038B504460D46FEF78C
:1092D00070F9236B94F83D201A8094F8402012F026
:1092E000040F14BF02220122DA7794F82B2094F89D
:1092F00024108A4228BF0A4683F82020002394F8CD
:109300002D2084F83F3094F826301340D80710D52C
:109310000E4A92F8902192B1A26C12787AB1990714
:1093200011D40C23AB7029462046BDE83840FEF727
:1093300071BB9A0707D45B07F3D50A2300E0062325
:1093400084F83F3038BD0823FAE700BF6C400120A5
:1093500038B590F8262090F82D300D4613404A6815
:10936000016B0446FEF79CFA50B1002384F83F30AD
:109370000C23AB7029462046BDE83840FEF74ABBB7
:1093800038BD38B590F83F2090F82C300D46044693
:1093900090F825105AB91940FEF7C2F938B10E23DA
:1093A000AB7029462046BDE83840FEF733BB38BDD8
:1093B000FFF70FBA0C2380F83F30FFF74FBD0000D6
:1093C000836C10B5044610215869F7F74DFBA36C68
:1093D00007495869203000F0C2FFA36C044958695E
:1093E000303000F0BCFF032384F83F3010BD00BFD5
:1093F0000B37070038B5836C04460D465869496839
:1094000010220931403000F0D9FF042384F83F30A6
:10941000A36C29465A692046BDE83840FFF776BD5F
:1094200038B5836C04460D465869496810220931E5
:10943000104400F0C3FF29462046BDE83840FFF73E
:1094400012BA38B5836C044658690D461022496833
:10945000403015F0D5F820B12046BDE83840FFF780
:1094600011BE29462046BDE83840FFF711BA00007A
:1094700030B5836C04465869DB7885B00D46D3B9A6
:109480001949203000F06BFFA36C17495869303040
:1094900000F065FF2A7D032A0DD8A36C5869291DA9
:1094A0002D30029100F08AFFA36C2A7D5869029941
:1094B0003D3000F083FFA36C10215869F7F7D4FA10
:1094C000A36C2046DA689B6803920293FFF76EFD57
:1094D000A16C4969DDE90232CDE900012946204647
:1094E000FFF758FC05B030BD0B37070030B5836C73
:1094F00004460D4658694968102285B00931104468
:1095000000F05CFFA36C20469A68DB68039202932C
:10951000FFF74CFDA16C49691031CDE90001DDE98F
:10952000023229462046FFF735FC05B030BD4A68B7
:10953000FFF714BDFFF75EBF37B5856C4968044679
:1095400068691022403015F05BF828B1204603B05E
:10955000BDE83040FFF796BDEB780133DBB2132B4B
:10956000EB709BBF032384F83F301B231A238DF835
:10957000063001A994F83D30ADF804302046FEF7DE
:1095800049FA03B030BD000030B590F82930012B06
:1095900087B004460D4605D0836C144958692030C5
:1095A00000F0DDFEA36C94F822205869012A00F136
:1095B00030000AD19B6801900022009229461A4689
:1095C0002046FFF7E7FB07B030BD084900F0C7FEB3
:1095D00094F83D30ADF80C301C238DF80E3003A903
:1095E000002320460593FEF715FAECE70B3707003A
:1095F00070B5836C5E6990F82230012B04460D46ED
:109600000BD14968102206F1400014F0F9FF20B197
:109610002046BDE87040FFF735BD042384F83F3095
:1096200030461021F7F720FAA36C294620465A69E4
:10963000BDE87040FFF76ABC38B5836C04460D4640
:109640005869496810220931104400F0B7FE2946D4
:109650002046BDE83840FFF7A9B938B5836C044609
:10966000586910220D461044496800F0A7FE0D23EA
:1096700084F83F30A36C29465A692046BDE838403B
:10968000FFF71CBCF0B5876C04467B694868102264
:1096900085B09918093014F0B3FF064610BB94F852
:1096A0002B5094F82430B9699D4228BF1D462A46A4
:1096B0001031684614F0B2FFC5F1100231460DEBCF
:1096C000050014F0D3FF012384F84430204694F8B9
:1096D0003D50FEF7F1FD6A4601462846FDF7E6FAE1
:1096E00005B0F0BD0B238DF8033094F8423094F8A8
:1096F0003D00ADF80000013384F84230FEF726FB50
:10970000074B1A6894F84230D279694693420CBFED
:109710000D231D2320468DF80230FEF77BF9DFE78D
:109720005C630020024B034AC3F88021FFF764BB4F
:109730006C400120382F0700054B064AC3F88021F2
:10974000054AC3F88821054AC3F88C21704700BF39
:109750006C4001209C310700A57A0500A97B05001B
:1097600038B50D460446FDF724FF0A20FEF798FDA4
:10977000014640B10B2303722B7943722046BDE8AA
:109780003840FEF749BD38BD036B37B504460D467A
:1097900073B9402000F0F0FB206348B940F60303A2
:1097A000294620466B8003B0BDE83040FEF732B951
:1097B0000122114694F83D00FBF79AFF6B689A6806
:1097C00022629A89A2849A7B84F826209A7A8DF85C
:1097D0000520DA7A8DF804205A7B9B7B8DF80730C0
:1097E00094F83D30ADF80030684631238DF80620FE
:1097F0008DF80230FDF796F803B030BD73B5022343
:1098000080F82730234B244E1B681A7980F82820D3
:109810000A7980F829204A7980F82A209B7980F8F3
:109820002B308B7980F82C30CB7980F82D300D4699
:10983000D6F888310DF107020DF10601044698476C
:1098400030B36A7994F82330134013F0080F14BF33
:109850000C23032384F83F302046FDF7AAFE0F2097
:10986000FEF71EFD014658B1D4F827308360B4F8E6
:109870002B30838194F82D3083732046FEF7CCFC87
:10988000D6F88C319DF807209DF8061020469847A1
:1098900002B070BD5C6300206C40012010B54B68C5
:1098A000026B03F109012032193351F8044B42F8DD
:1098B000044B9942F9D1002380F83F3010BD10B518
:1098C000FFF7ECFF0446006B10213030F7F7CCF8BF
:1098D000216B204601F13002BDE81040FEF740BB8D
:1098E00070B5066B0D4604461022686806F120012B
:1098F00014F086FED0B194F8423094F83D00013364
:1099000084F84230FEF722FA0423EB700C4B1A68FD
:1099100094F84230D27993420CBF0D230323AB70ED
:1099200029462046BDE87040FEF774B806F11003E2
:1099300006F1300231462046BDE87040FEF714BC07
:109940005C63002038B590F82B5090F824304968BB
:109950009D420446006B28BF1D462A46203014F065
:109960005DFE206B20300021C5F11002284414F068
:109970007DFE012384F844302046FDF71AFE1920AD
:10998000FEF78EFC014688B104230372236B093075
:1099900003F13002403352F8045B40F8045B9A4212
:1099A000F9D12046BDE83840FEF736BC38BD00008E
:1099B00070B590F83F6090F82D300D46044690F851
:1099C0002610C6B91940FDF7ABFEA0B194F82530BA
:1099D00094F82C2084F83F601340D8070ED50E4A27
:1099E00092F8902142B1A26C12782AB199070BD556
:1099F000082384F83F3070BD0623FAE79A07F7D4AE
:109A00005B0701D50A23F4E70E23AB7029462046F5
:109A1000BDE87040FDF7FEBF6C40012013B5002388
:109A2000044680F83F300191FDF7C3FD236B94F8A5
:109A30003D201A8094F84020019912F0040F14BFC1
:109A400002220122DA7794F8240094F82B20824233
:109A500028BF0246204683F8202002B0BDE810400F
:109A6000FFF7A6BF38B590F8252090F82C300D46AA
:109A700013404A68016B0446FDF712FF38B10E230C
:109A8000AB7029462046BDE83840FDF7C3BF38BD5E
:109A900037B5836C5A78032A04460D461ED158699F
:109AA0000F49203000F05BFCA36C0D495869303041
:109AB00000F055FC2A7D032A10D8A36C5869291D93
:109AC0002D30019100F07AFCA36C2A7D5869019930
:109AD0003D3003B0BDE8304000F070BC03B030BD95
:109AE0000B37070038B504460D46FEF772FE2946CF
:109AF0002046BDE83840FFF7B1B9000038B5836CA7
:109B0000044658690D4610210844F6F7ADFFA36CD2
:109B100009495869203000F022FCA36C06495869B5
:109B2000303000F01CFC042384F83F3029462046E6
:109B3000BDE83840FEF797BE0B3707004A68FFF7CD
:109B40000DBA38B5836C0D46496804460931586929
:109B5000102200F033FC29462046BDE83840FEF7CD
:109B600097BE38B50D2380F83F30836C5A690446A0
:109B70000D461032FFF7CAF929462046BDE83840A5
:109B8000FEF7B4BE836C4968586910220931503021
:109B900000F014BC30B5836C044658690D461021A2
:109BA00085B00844F6F760FF042384F83F30A36CC7
:109BB0002046DA689B6803920293FFF7F7F9A16CDD
:109BC00049691031CDE90001DDE90232294620461C
:109BD000FFF7E0F805B030BD38B504460D46FFF795
:109BE000D1FF29462046BDE83840FFF7D3BF38B53E
:109BF00004460D46FFF74CFF29462046BDE8384095
:109C0000FFF7C8BFFFF79ABF30B5836C0D464968B0
:109C1000044685B058690931102200F0CFFBA36CCF
:109C200020469A68DB6803920293FFF7BFF9A16CA4
:109C30004969DDE90232CDE9000129462046FFF7F6
:109C4000A9F805B030BDF7B5866C776904460D46B6
:109C50001022496807F1500014F0D2FC28B12046C8
:109C600003B0BDE8F040FFF70DBAF3780133DBB283
:109C7000132BF3700CD91B238DF8063094F83D306C
:109C8000ADF8043001A92046FDF7C4FE03B0F0BDD5
:109C9000032384F83F3007F110021A232946204697
:109CA0008DF80630FFF732F9E8E7042380F83F30FB
:109CB0007047000030B5836C0D464968044687B094
:109CC00058691022093100F079FB94F82230012BF9
:109CD00005D0A36C14495869303000F040FBA36CE8
:109CE00094F829205869012A00F120000AD19B68C4
:109CF00001900022009229461A462046FFF74AF8B2
:109D000007B030BD084900F02AFB94F83D30ADF8AB
:109D10000C301C238DF80E3003A900232046059338
:109D2000FDF778FEECE700BF0B37070070B5836CDA
:109D30005E6990F82930012B04460D460BD1496825
:109D4000102206F1500014F05BFC20B12046BDE863
:109D50007040FFF797B90D231021701884F83F3039
:109D6000F6F782FEA36C5A69294620461032BDE8F8
:109D70007040FFF7CBB80F23496880F83F30836C01
:109D8000586910220931503000F018BB0D22836C45
:109D900080F83F205A78032A03D15A691032FFF71E
:109DA000B5B8704738B590F83F300D2B04460D46D6
:109DB00007D1836C4968586910220931503000F08E
:109DC000FDFA29462046BDE83840FEF7EFBD000009
:109DD000836C73B5044658690D461030496800F02D
:109DE000BEFAA66C7169102201F1500014F008FC53
:109DF0000146D0B994F82B3094F82420B0699342EE
:109E000028BF13461030C3F11002184414F02EFC82
:109E1000012384F84430A36C5A6929461032204645
:109E200002B0BDE87040FFF749B80B238DF807304A
:109E300094F8423094F83D00ADF80400013384F802
:109E40004230FDF783FF084B1A6894F84230D2790C
:109E500001A993420CBF0D231D2320468DF8063027
:109E6000FDF7D8FD02B070BD5C630020024B034AD1
:109E7000C3F87C21FEF7C0BF6C40012060330700AF
:109E8000054B064AC3F87C21054AC3F88821054AD8
:109E9000C3F88C21704700BF6C40012000360700DA
:109EA000A57A0500A97B05002DE9F84F06460F4667
:109EB00000F0A6F8DFF8BC802C4BC8F8000006EBD9
:109EC000460400EB84041E70043700F10C0AD8F835
:109ED000005000F09BF820F007000544AC4202D986
:109EE0000020BDE8F88FD6B337F8043C072B25D9FE
:109EF0005A0703D023F0070308339BB22AF80C3C1F
:109F000017F8029C0AF80A9C4AE90244DB08DD00C3
:109F1000B9F1010FD8F800B012D800F077F820F0AE
:109F2000070083445C4507F104070AF10C0AD7D8FF
:109F3000013E00232360F6B22C44C8E70823DDE786
:109F400000F064F820F0070058448442C8D8631930
:109F500009F1FF3223605FFA82F91C46D8E7D8F88E
:109F60000000034B201A1860BBE700BF9442012099
:109F7000904201208C420120F8B50E4B1E680E4B1A
:109F80001C7807460CB925460CE03388BB420DD33C
:109F900004F08AF8B5683DB12B68B36000236B60AC
:109FA00004F084F82846F8BD04F080F8013CE4B2DF
:109FB0000C36E7E78C4201209442012038B50D4A67
:109FC0000D4B14781B680C22054602FB04340C3C34
:109FD000A34200D938BD6268AA42F8D804F064F8F8
:109FE000064B6B60A3682B60A560BDE8384004F0A9
:109FF0005DB800BF944201208C4201200DD0ABFA25
:10A00000014B1868704700BFD8420120014B186807
:10A01000704700BFD4420120083008B580B2FFF776
:10A02000ABFF00B1083008BD084480B2FFF7F4BFB1
:10A030000838FFF7C3BF02F8041CA2F1080100F0C2
:10A040001FB813B50446019104F068F82146019A3F
:10A05000FFF7F1FF0121204602B0BDE8104004F0F7
:10A060004BB810B50C4600F01DF810B10379237001
:10A07000083010BD006810B103790B7008307047CC
:10A0800038B5002304460B600D4604F00DF8236834
:10A090002BB925606560BDE8384004F007B86368F7
:10A0A0001D60F7E738B5044603F0FEFF25681DB1D3
:10A0B0002B68236003B9636003F0F8FF284638BDBE
:10A0C00038B504460D4603F0EFFF23682B6003B953
:10A0D00065602560BDE8384003F0E8BF70B506460E
:10A0E0000D46144603F0E0FF336813B17368A342D2
:10A0F00007D129463046FFF7C3FFBDE8704003F0A3
:10A10000D5BF24B929463046FFF7DAFFF5E72368C3
:10A110002B602560F1E770B504460D46164603F046
:10A12000C3FF2368AB4209D12B6823606368AB424D
:10A1300008BF6660BDE8704003F0B8BF002EF5D0E0
:10A140002B683360F2E713B5044603F0ADFF2368D4
:10A15000002290B201322BB9019003F0A7FF0198C1
:10A1600002B010BD1B68F4E710B5044603F09CFF75
:10A170002468B4FA84F4640903F098FF204610BD03
:10A18000D0E90020131A584258417047084B10B5C7
:10A190001C68002204B910BD844202D02246246803
:10A1A000F8E703482146FFF7B6FF00236373F2E7A1
:10A1B000A042012038B504460D4603F07DFF637BC5
:10A1C00013B12046FFF7E2FF01236373094BA5603B
:10A1D0001B68002213B19968A94207D92146054896
:10A1E000FFF77CFFBDE8384003F068BF1A461B68E4
:10A1F000F0E700BFA042012010B5044603F05CFF69
:10A20000064A13682BB923701C4603F057FF2046FB
:10A2100010BD0123237013689C68F6E7A04201205B
:10A22000044A0023C2E90033034A1360034A13605F
:10A23000704700BFA0420120984201209C420120AB
:10A240004FF47A7359430131FFF7B4BF0131FFF77F
:10A25000B1BF07B5019003F02FFF0198FFF796FFFC
:10A2600003B05DF804EB03F029BF000070B50546AC
:10A2700003F022FF0A4B1C6800261CB9BDE87040A1
:10A2800003F01CBFA368AB4203D95B1BA360246827
:10A29000F3E7207BA660022103F02EFFF7E700BF63
:10A2A000A042012038B503F007FF0948046854B103
:10A2B000A56845B92A462146FFF72DFF657303F0CF
:10A2C000FDFE204638BD03F0F9FE0024F9E700BF8B
:10A2D000A04201200B6803608B888380704708B51B
:10A2E000062214F08DF9B0FA80F0400908BD002371
:10A2F000036083800630704707B500230622694655
:10A300000093ADF8043014F07BF9B0FA80F0400906
:10A3100003B05DF804FB0346006859687047110AF2
:10A3200002704170110C120EC2701A0A0371427150
:10A330001A0C1B0E81708271C371704703794179C9
:10A34000006843EA01217047110A027041700371ED
:10A35000110C1B0A120E8170C2704371704701F11B
:10A36000100351F8042B40F8042B9942F9D170479F
:10A370000B6803604B684360704710B500F1100232
:10A3800010F8013B11F8014B824283EA040300F804
:10A39000013CF5D110BD000010B5074C11448A42B4
:10A3A00001D1C04310BD12F8013B4340DBB254F869
:10A3B000233083EA1020F2E71C37070070B5002431
:10A3C000551E23B2934204F1010400DB70BDCE5C44
:10A3D000EB1AC654F5E710B5431800EB510188425B
:10A3E00000D110BD13F8012D04781C7000F8012B6A
:10A3F000F5E703680BB10846184770470068036823
:10A400009B691847006803689B6A184700680368DF
:10A41000DB6A184713B504460BF03CFF237E23B1DB
:10A4200002B0BDE810400BF04BBF012323760BF0C8
:10A4300047FF6368201D1BB12369019401A9984758
:10A4400002B010BD10B50446002244F8041B42605F
:10A45000C4E90122024942610161027610BD00BFD8
:10A46000F3A3050037B5174C174D2368BFF35B8F77
:10A4700013F0010F09D120460CF05EFA28B100F06C
:10A48000B1FD286020460CF079FA2B682BB90F49F2
:10A490000F4800931A460CF077F80E4C2368BFF370
:10A4A0005B8FDB070AD420460CF046FA30B12968EE
:10A4B0000948FFF7C7FF20460CF060FA064803B0D2
:10A4C00030BD00BFAC420120CC4201201C3B070044
:10A4D00043011880A8420120B0420120006804F026
:10A4E00093BC006803F0C1BF006805F061BA014683
:10A4F000006801F04FBB006806F0BCBB006805F0C7
:10A5000039BE006806F0C4BA0020704770470220C8
:10A510007047F4F713BD0000064BD3F8C0309A061D
:10A5200005D5054B1B689B0601D5F4F735BBF4F741
:10A530008DBB00BF88360120F0620020024A026015
:10A540000022C0E904217047BC3B070010B5044657
:10A55000406903689B689847236820461B6ABDE8EA
:10A5600010401847036810B504465B6A9847606955
:10A570000368BDE81040DB681847000007B501918B
:10A58000FFF770FFFFF73AFF0199FFF7AAFF20B12D
:10A59000034904486D220BF0D3FD03B05DF804FBC2
:10A5A0003F3B07008B3B070030B50B780E2B85B087
:10A5B00005460C461DD10A79CB7803EB022399B2EC
:10A5C00042F20F03994204F106025CD8B1F5005F34
:10A5D00011D840F66343994200F0A88032D840F683
:10A5E0000143994200F0968040F60343994200F0FF
:10A5F000888005B030BDA1F50053013B0E2BF8D883
:10A6000001A252F823F000BF21A7050047A70500CB
:10A610007BA70500F3A505003DA70500F3A50500F0
:10A62000F3A50500F3A50500F3A50500F3A50500B6
:10A63000F3A50500F3A50500F3A50500F3A50500A6
:10A6400069A7050041F2010399424BD041F2090389
:10A650009942CED16E4811466C46FFF73BFE00236F
:10A660000093A3802B6821465B6928469847002801
:10A6700061D094E803000290ADF80C10284602A9BE
:10A68000FFF77CFFB5E742F22403994200F0A18076
:10A6900012D842F21803994200F0AD8042F21C0336
:10A6A0009942A6D1D4F8060051685A4B03C305B0AD
:10A6B000BDE83040F4F7FABA42F22F03994279D05C
:10A6C00008D842F22A03994293D1534BA27983F8D6
:10A6D000C9206AE042F23B0399420DD842F23903A5
:10A6E000994286D94C4BD3F8D830002B81D01046F4
:10A6F00005B0BDE83040184742F24A039942F1D014
:10A7000077E7464B464800221A7005B0BDE8304056
:10A71000F4F726BC434805B0BDE83040F4F74CBB25
:10A72000414805B0BDE83040F4F72DBC05B0BDE8A8
:10A730003040F4F7DABBF4F795FA5AE705B0BDE814
:10A740003040F4F78FBAE179A279334B02EB012262
:10A75000A3F8B620227A83F8BB2083F8BA2005B08C
:10A76000BDE83040F4F796BAA2792B4B83F8BC20B1
:10A7700005B0BDE83040F4F781BAE279A37903EB84
:10A780000223254A0021C2F8C4105906C2F8C0307D
:10A7900008D5264B1B685B0604D505B0BDE83040E4
:10A7A000F4F769BC002382F8C93005B0BDE8304039
:10A7B000FFF7B2BE627A237AA07903EB0223E27933
:10A7C00000EB022099B280B205B0BDE83040F4F74A
:10A7D000ACB9114BD3F8D82022B105B0BDE8304058
:10A7E000F4F78FBBA3F8CA20A3F8CC2005B0BDE8CE
:10A7F0003040F4F72BBA094A1378022B02D8013300
:10A800001370F3E705B0BDE8304003F031BC00BF82
:10A81000283701202037012088360120D04201202E
:10A820000B2907001B29070013290700F0620020ED
:10A83000406910B404682469A4465DF8044B60477D
:10A84000036913B504462BB9084909484FF49B72B4
:10A850000BF076FC04301B68019098470198D4F700
:10A8600093F80023236102B010BD00BF3F3B0700F7
:10A87000A13B0700F8B5084F05460C4604B9F8BDE2
:10A88000FF2C264628BFFF2628463B68F1B2A41BB2
:10A890009847A4B23544F1E7D063002008B520B949
:10A8A0000349044830220BF04BFC034B186008BDF1
:10A8B000E43B0700AB3B0700D063002070477047C4
:10A8C00070477047704770477047704770477047D0
:10A8D0007047704770470079831E5842584170474F
:10A8E000004870474C3E0700FEE703680BB108467E
:10A8F0001847704708B5FFF7B5FDBDE80840FFF7FA
:10A9000089BD38B50446406808B9204638BD056998
:10A9100014210CF025FA2846F6E70000094B10B583
:10A9200003F1800203609033044642608360C06A92
:10A9300010B103685B68984704F10C00FFF7E1FF72
:10A94000204610BDC845070010B50446FFF7D9FFE3
:10A9500020460C210CF004FA204610BD38B5044600
:10A96000406808B9204638BD056914210CF0F8F993
:10A970002846F6E710B50446FFF7F0FF20460C2105
:10A980000CF0EEF9204610BD38B50446406808B911
:10A99000204638BD056914210CF0E2F92846F6E797
:10A9A00010B50446FFF7F0FF20460C210CF0D8F953
:10A9B000204610BD38B50446406808B9204638BD69
:10A9C000056914210CF0CCF92846F6E710B50446C9
:10A9D000FFF7F0FF20460C210CF0C2F9204610BD15
:10A9E00038B50446406808B9204638BD05691421C9
:10A9F0000CF0B6F92846F6E70B4B10B5036014339C
:10AA0000044643603030FFF7EBFF04F12400FFF70A
:10AA1000D1FF04F11800FFF7B7FF04F10C00FFF7B6
:10AA20009DFF204610BD00BF0C45070010B5044631
:10AA3000FFF7D6FF20460C210CF092F9204610BDFE
:10AA400038B50A4C00F0A8FF2368BFF35B8FDB0723
:10AA5000054608D420460BF06FFF20B1044B20467A
:10AA60001D600BF08BFF024838BD00BFE44201209F
:10AA700064440120FFF7E4BF034600789B78272B4E
:10AA800002D0282B03D070470021F7F7DBB9F7F786
:10AA900019BA0022026082807047CB68C3600BB194
:10AAA0005B681847704738B50446A06800B938BDE0
:10AAB0000569D3F769FFA068FFF780FAA560F4E79E
:10AAC00010B5074B044640F8183B08F0B1FE20468D
:10AAD000044B40F8083FFFF7E6FF204610BD00BFDB
:10AAE000043E0700F43D070010B50446FFF7E8FFF9
:10AAF000204638210CF034F9204610BD30B505460B
:10AB000087B040680191E8B11420FFF735FA019948
:10AB1000044620B90F4910484E220BF011FB02A841
:10AB2000FFF7BBFF02A92046FFF7B7FF0023236111
:10AB300002A8D3F729FFAB6833B9AC60284601F00F
:10AB400045FD012007B030BD1A461B69002BFBD123
:10AB50001461F3E7393C0700853C070010B5064B4C
:10AB6000044640F8183BD3F70FFF04F10800D3F771
:10AB70000BFF204610BD00BF8446070010B5034BF5
:10AB800003600446D4F786F9204610BDB449070097
:10AB900037B50D460446019206F0A0FB019B2A46FC
:10ABA000214603B0BDE83040FFF742BE10B506F0C5
:10ABB00095FB0368BDE81040DB68184707B50190B6
:10ABC00006F08CFB036801991B6903B05DF804EB88
:10ABD000184708B5D3F73CF808BD000010B50D4C78
:10ABE0002368BFF35B8FDB0711D420460BF0A4FE74
:10ABF00068B101F085FA0146074806F011FA074AE4
:10AC0000074905480BF085FE20460BF0B7FE0248C9
:10AC100010BD00BFF0420120E04401200060002090
:10AC20005DAB050038B50E4C2368BFF35B8FDB07C7
:10AC3000054612D420460BF07FFE70B12846FFF780
:10AC4000CDFF0146074804F0D3FD074A07490548F0
:10AC50000BF05FFE20460BF091FE024838BD00BFAE
:10AC6000F44201200C45012000600020F9A90500F4
:10AC700038B50A4CFFF7D6FF2368BFF35B8FDB07BD
:10AC8000054608D420460BF057FE20B1044B204661
:10AC90001D600BF073FE024838BD00BFE04201208A
:10ACA0006044012038B50F4C2368BFF35B8FDB078E
:10ACB000054615D420460BF03FFE88B102F032FD68
:10ACC0004FF46173014605F10802074804F0F4FEF1
:10ACD000064A074904480BF01CFE20460BF04EFEC6
:10ACE000014838BD0043012060460120006000207B
:10ACF00041FB050030B5124D2B68BFF35B8FDB07BE
:10AD000085B0044619D428460BF016FEA8B101F010
:10AD100087FF03902046FFF7C5FF0A4B039A009078
:10AD200004F10801084803F0A5FE084A084906484E
:10AD30000BF0EFFD28460BF021FE034805B030BDB7
:10AD4000DC420120D4630020204301200060002069
:10AD5000B9ED050038B50A4CFFF7CCFF2368BFF307
:10AD60005B8FDB07054608D420460BF0E5FD20B1DC
:10AD7000044B20461D600BF001FE024838BD00BFA9
:10AD800004430120E046012038B50379022B044634
:10AD900019D1FFF755FEFFF7AAFB2046FFF768FF22
:10ADA000FFF7A2FB2046FFF7D5FFFFF797FB04F163
:10ADB0000800FFF778FE054B002518682571FFF79E
:10ADC000D1FB284638BD0920FCE700BF084301201D
:10ADD000FFF7C0BF70B54E4B196888B029B94D490F
:10ADE0004D4840F2F9120BF0ABF90B684B4E9B68E3
:10ADF0004B4D04A89847049B059C06999DF81C00A0
:10AE000033602C60FFF750F883B223B941494548BD
:10AE100040F20D22E7E7336882B213FA80F02B6824
:10AE200030609B1A94422B6006D900233E493F486C
:10AE30000093A21A0BF0A0FBFFF7F2F9F5F7F6FD6D
:10AE4000F5F706FEF5F75CFCF5F73CFDF5F78CFD34
:10AE5000374803F067F9FCF791F9364803F062F9D7
:10AE60000390F9F77FFFFBF719FDFAF7B7FAFAF746
:10AE700067FDFAF76DFEFBF701FEFBF75DF8FBF7E8
:10AE80000DFFFBF7A3F90398FAF79AFF2A4803F09E
:10AE900049F9FCF77DFBFCF7F7F9FCF71DFBFCF724
:10AEA0004FFA264803F03EF9F5F7F2FEF7F746FBB6
:10AEB000F7F7C4F92248F7F76FFBF8F739FCF6F714
:10AEC000EDF9F6F7ABFE1F4803F02CF9FDF73EFA5B
:10AED000FEF7D6FFFEF7CAFFFEF72EFCFEF722FCB8
:10AEE000194803F01FF9194B18704620F3F750FC6E
:10AEF0001748FAF733FF16490320FAF793FA154873
:10AF0000F5F71EFF144808B0BDE87040F5F7FEBE27
:10AF1000084301209A3C0700EA3C0700D842012080
:10AF2000D442012072140700013D0700050118807A
:10AF300091710500D95D0500A1750500D50C0500CE
:10AF4000E1BD05009983050015B00500E446012028
:10AF5000CDB3050079AA050001C2050038B50C4A39
:10AF60000C4B036000230446C0E902230371036114
:10AF700018300D4608F0EBFC00220023C4E90C2336
:10AF8000054B20461D60FFF725FF204638BD00BF5A
:10AF9000F43D0700043E07000843012010B50D4CA6
:10AFA0002368BFF35B8FDB0711D420460BF0C4FC92
:10AFB00068B106F093F901460748FFF7CFFF074A4B
:10AFC000074905480BF0A5FC20460BF0D7FC0248CA
:10AFD00010BD00BFEC420120A84401200060002009
:10AFE000C1AA0500FFF7DABF07B50191FFF7D6FF49
:10AFF000FFF718FE036801991B689847FFF7CEFF1B
:10B0000000F0CAFC036801991B6803B05DF804EB0B
:10B010001847000013B50C46A9B302F0A1FD204665
:10B0200002F0BEFD78BB02F07DFB204602F07EFB05
:10B0300048BBA378202B07D07A2B26D0204602B01D
:10B04000BDE8104002F0EEB8CDE90000FFF70AFAC3
:10B050000090F4F7DFFBC30407D5F9F715FDFBF704
:10B060003FFBFAF71FFCFAF731FDFFF797FF00F0FF
:10B0700093FC00F051FBFFF791FF022303710F488F
:10B080006946C368984702B010BDE378002BFAD137
:10B09000228842F21F039A42F5D1A379627921797D
:10B0A00002EB0322064BB1FA81F1186892B249090A
:10B0B00002B0BDE81040FFF7C3BB00BF0C43012046
:10B0C0000843012008B5044B1868FFF73FFABDE8B4
:10B0D0000840FAF7D3BD00BF0843012073B50479D7
:10B0E000012C05460E461BD0022C1BD0E4B91830AB
:10B0F000019008F0FEFB019808F0A4FB0B4BED60FB
:10B100009E421EBF96E8070083E80700F2682846C3
:10B1100018BFC3E90324FFF7D5FF204602B070BD76
:10B120000924FAE70024F8E70B24F6E70C43012092
:10B1300070B5044688B02569002D65D104F1180565
:10B140002946684608F0B1FBD4E90C31009A9B18F7
:10B15000019A42EB0102C4E90C32284608F0C9FB0F
:10B16000D4E90C014FF47A72002312F08FFC0E46E2
:10B17000054670B1FFF77AF84FF47A72A5FB0253D7
:10B1800002FB0631D4E90C325B1B62EB0102C4E91D
:10B190000C322B4C02F0DCFF2368BFF35B8FDB0724
:10B1A0000ED420460BF0C8FB50B1264808F030FB07
:10B1B000254A264923480BF0ACFB20460BF0DEFB6A
:10B1C00003A80AF00FFB02F0B9FFC0B10DF10F00A8
:10B1D000FFF712F89DF80F3053B31D4B07931D4B2B
:10B1E00004930023CDE905334FF47A73A0FB0323C6
:10B1F00004A9144808F0B3FA04A8D3F7C5FB03A8C0
:10B200000AF0F8FA08B070BD2B692361EB682BB91E
:10B21000114912484FF4FD720AF092FF1B6828464C
:10B2200098472846D3F7B0FB2846FEF7C7FE82E7CB
:10B230000AF0EAFA0A4B186803689B699847DEE748
:10B24000E842012068440120006000207DAB050039
:10B2500008140700D3AB0500643D0700933D0700C9
:10B2600008430120FFF764BF10B5102204460021F7
:10B2700013F0FCF9204610BDF8B5044636480568C1
:10B28000BFF35B8F15F0010564D10BF055FB00286F
:10B2900060D002F065FC07462046FFF72BFD06460E
:10B2A0002046FFF7FFFC2D4C2D4B236003F180025D
:10B2B0009033A3602B4B6260C4E903352A4B2063B3
:10B2C000C4E90737294BA5610436C4E90A3566622B
:10B2D00004F13400FFF7DDFB04F13A00FFF7D9FB7E
:10B2E00004F14000FFF7C0FF04F15000FFF7BCFF7E
:10B2F00004F16000FFF7B8FF04F17000FFF7C9FB2D
:10B3000004F17600FFF7B0FF4FF47063A4F88630C5
:10B310004FF48073A4F8883084F88A5004F18C06C6
:10B320007019143504F031FD642DF9D1206A104DE7
:10B330000368A5619B6FA5F11C01984701230D4A85
:10B340000D4984F86030A5F11C000BF0E2FA0248C8
:10B350000BF014FB0148F8BDFC42012070450120B0
:10B36000C8450700E43D0700A83D0700D86300205A
:10B370008C450120006000201DA9050038B50A4C4D
:10B380002368BFF35B8FDB0705460BD420460BF029
:10B39000D3FA38B12846FFF76FFF044B18602046F8
:10B3A0000BF0ECFA014838BDF84201206C45012051
:10B3B000044B0022C3E900229A601A61024ADA6053
:10B3C000704700BF0C430120EBA8050070B543880F
:10B3D000412B04460DD101F023FC01F019F980B195
:10B3E0000368E2885D6821886389AC46BDE87040E7
:10B3F0006047FFF7D3FD21460020BDE87040FFF70E
:10B4000009BE70BD8167704703680BB108461847D5
:10B410007047814210B503460C4606D007C983E841
:10B420000700E268DA6000221A6110BD38B50446F0
:10B430000D46002100F8011B102213F017F9658258
:10B44000204638BDB1F8E9210280B1F8EB214280F5
:10B45000B1F8ED218280B1F8EF21C28070470B88EE
:10B46000A0F8E9314B88A0F8EB318B88A0F8ED31DA
:10B47000CB88A0F8EF317047B0F858220346F3B4F8
:10B480000021C0F85011501CA3F860014748C3F8D0
:10B4900058014748C3F85C0103F5B270C3F8540182
:10B4A0004448C3F864014448444DC3F8680103F5B7
:10B4B000B870C3F86C01571DD01CA3F8D501A3F8D0
:10B4C000DD7128883E4FA3F8D70103F5EA70B7F87D
:10B4D00000C0C3F87801C3F8845103F5C07003F5C8
:10B4E000ED75C3E96215C3F87C01A3F8DFC13548E7
:10B4F000354D364C364EC3F8905103F5EE7C02259F
:10B50000C3F898C103F5D07CC3E967C0C3F8706184
:10B51000C3F87441C3F88001A3F8DA11C3F8944169
:10B52000A3F8E21183F8DC5103F5D871C3F8A471D4
:10B53000C3F8B061274EC3F8AC1103F5F171C3F83D
:10B54000A8113188A3F8E71103F5F271C3F8B81117
:10B5500003F5E071C3E96F101F49C3F8B4410868EF
:10B56000496883F8E4516C4603C46C4603CC03F28B
:10B57000E917C3F8ED1103F5E871C3E972710732F9
:10B580001649C3F8E90192B203F5A870A3F858224E
:10B59000A3F8E521C3F8C461C3F8D01183F8D451EE
:10B5A000A3F8622102B0F0BCF6F7FCBFE5BA0500D3
:10B5B000D9B90500A82A0700A02A07009E2A07007B
:10B5C000982A070005000001F80008019A2A0700E0
:10B5D00002000001A62A0700443F070008000001FE
:10B5E000B0F85812394A4B1C70B5A0F80432384BE9
:10B5F000C0F8FC31374BC0F8003200F50273C0F8D8
:10B60000F831354BC0F80832344BC0F80C3200F535
:10B610000573C0F81032324BC0F81432CB1C04460C
:10B6200000259BB2C0F8F451A0F85832A0F8493276
:10B630001088A4F84B022B48C4F8180204F51270C5
:10B64000C4F81C0204F50970C4F820022648C4F8A6
:10B650003452C4E9890204F50D72C4E98B52234ABD
:10B66000C4F8382294F8442102F17A0004EB400037
:10B67000C4F83C0204F51170C4F840021C48C4F838
:10B680004402202084F84802062000FB02400226E3
:10B69000A0F87C30A0F87E6080F8805004EB420077
:10B6A00031440132A0F81C1184F8442104F5FA70E9
:10B6B000A4F80632F6F776FF94F844010D4A04F137
:10B6C0007C01BDE87040F6F7ADBB00BFAA2A0700B9
:10B6D000E5BA0500D9B90500A82A0700A42A070081
:10B6E000020000019A2A0700050000019C2A0700B9
:10B6F000020020116DBD050090F85A3210B50446C5
:10B700004BB9012380F85A32FFF7B6FE2046BDE858
:10B710001040FFF765BF10BD10B504460348F6F7AB
:10B720003BFF2046BDE81040FFF7E6BFE1BD050046
:10B73000D0F8480100B97047838D8B42FBD0806AF6
:10B74000F8E730B500230625137090F844419C4279
:10B7500001D8002030BD05FB0304B4F87C408C42C6
:10B7600002D00133DBB2EFE70120F3E737B515462E
:10B770000DF107020446FFF7E4FF30B19DF80730F2
:10B7800004EB4304B4F81C312B8003B030BD38B552
:10B79000044640680D4610B103689B689847E0690D
:10B7A000206200B938BDC36829469847236A002B38
:10B7B000F5D01869F4E738B5044640680D4610B175
:10B7C0000368DB689847A06AE06200B938BDC368C7
:10B7D00029469847E36A002BF5D01869F4E738B595
:10B7E0000446406808B9606038BD056914210BF053
:10B7F000B7FA2846F6E7000010B5034B036004468D
:10B80000FFF7EDFF204610BD3C3F070010B5044692
:10B81000FFF7F2FF20460C210BF0A2FA204610BDE4
:10B8200038B50446406808B9606038BD0569142120
:10B830000BF096FA2846F6E710B5034B0360044672
:10B84000FFF7EEFF204610BD0C3F070010B5044681
:10B85000FFF7F2FF20460C210BF082FA204610BDC4
:10B8600038B50446406808B9606038BD05691421E0
:10B870000BF076FA2846F6E738B50446406808B972
:10B88000606038BD056914210BF06AFA2846F6E7B6
:10B8900010B50A4B044640F8303BFFF7ADFF04F10A
:10B8A0002400FFF75BF804F11800FFF76DF804F1CE
:10B8B0000C00FFF7C1FF204610BD00BF543F07003A
:10B8C0000022C0E901220261014A0160C2607047A2
:10B8D00009B405002B4B70B503602B4B0025C0E964
:10B8E00003352A4B4560C0E90635294B0581C0E97F
:10B8F0000935284B0446C0E90C3529463C30FFF792
:10B90000DFFF294604F15000FFF7DAFF294604F172
:10B910006400FFF7D5FFA56704F1820304F1FA0282
:10B9200023F8065C23F8045C03F8025C06339A42B1
:10B930004FF00006F4D12822002104F1F40012F0A7
:10B9400095FE2822002104F58E7012F08FFE84F8F7
:10B950004451C4F8485184F84C61A422002104F5F4
:10B96000A87012F083FE5C22002104F5FA7012F038
:10B970007DFEC4E99455A4F8585284F85A622046D2
:10B9800070BD00BF543F07000C3F07001C3F07007D
:10B990002C3F07003C3F070010B50B4C2368BFF35A
:10B9A0005B8FDB070ED420460AF0C6FF50B1074874
:10B9B000FFF790FF064A074904480AF0AAFF20460D
:10B9C0000AF0DCFF014810BDE846012000470120D5
:10B9D0000060002091B805002DE9F04F87B00F46B8
:10B9E0001D46DDE9119ABDF8408006461446FFF772
:10B9F000D3FF3946FFF79CFE0346A8B15A691430BD
:10BA000092B1002203921B6A05920196ADF808706C
:10BA1000ADF80A50ADF80C80CDF8109001A9984708
:10BA20009DF8140000283BD1BAF80C3008EB050B48
:10BA30009B4505DD29492A4840F2CB420AF080FBAC
:10BA4000162C2CD002F038FBDAF8040042464946A6
:10BA5000284412F0E3FD9AF80E301A0744BFDAF8D2
:10BA60000830A3F800B002F029FB522C30D01AD8CD
:10BA7000182C2FD030D8A4F112035A425A41019603
:10BA8000ADF808708DF80A20ADF80C50ADF80E80B6
:10BA9000CDF81090FFF780FF01A9FFF778FE002096
:10BAA00007B0BDE8F08FD22C16D1FFF775FF836F7A
:10BAB00063B1FFF771FF846F23683046D3F800A0AD
:10BAC000F7F75EFE314602462046D0470322D6E70E
:10BAD0000222D4E70622D2E70022D0E75B3E07002D
:10BAE000A63E07002DE9F04186B00E46DDF8308015
:10BAF00007461D46FFF750FF3146FFF719FE0028A5
:10BB000046D0046834B3B8F80C3001970024CDE96E
:10BB100003440594ADF80C30ADF80860C368ADF887
:10BB20000A5001A998479DF814405CBB0499D8F8C5
:10BB3000040079B1BDF80C20B8F80C30934225D33D
:10BB400012F06CFDBDF80C30D8F80820AB4238BFBD
:10BB500007241380D8F80830ADF80860ADF80A5013
:10BB60001B88ADF80C30002CD8F8043004930CBFBF
:10BB70000023032301978DF81430FFF70DFF01A96F
:10BB8000FFF719FE204606B0BDE8F0810E24E1E77C
:10BB90000446DFE7F0B50446406887B00E4610B1B2
:10BBA00003681B69984704F13007656BA563002D96
:10BBB0004FD13846FFF713FE04F10C00258184F8BD
:10BBC0005A52FFF72DFE04F11800FFF749FE04F169
:10BBD0002400FFF751FE294601A8FFF771FE01A9D5
:10BBE00004F13C00FFF715FC294601A8FFF768FEA9
:10BBF00001A904F15000FFF70CFC294601A8FFF74A
:10BC00005FFE01A904F16400FFF703FCD4F8505271
:10BC100045BBD4F8545285BBB4F86001F6F7E2FC9A
:10BC2000B4F80402F6F7DEFCD4F8880112F08CFCBC
:10BC30002846154AA4F8585284F8445184F84C51C7
:10BC4000C4F8485104F17C01F6F7ECF8284607B037
:10BC5000F0BDEB68314628469847A36B002BA4D073
:10BC60001D69A3E76B69288AC4F85032F6F7BAFC5D
:10BC7000182128460BF074F8C8E72B68C4F8543232
:10BC8000284612F061FCC4E76DBD050038B50446D6
:10BC90000D466068A06000B938BDC3682946984762
:10BCA000A368002BF5D01869F4E7000003297FB5DD
:10BCB000044616461D4613D0042935D001290DD15E
:10BCC000406830B1ADF80C30036802925B6802A99D
:10BCD0009847012104F10C00FFF7D8FF04B070BDB4
:10BCE0000DF106021946FFF741FD28B940F2DF6267
:10BCF0001C491D480AF024FA606850B1BDF80630AE
:10BD0000ADF80E30036802965B69ADF80C5002A9DD
:10BD10009847E36B04F13C00002BDFD0A36C29466D
:10BD200004B0BDE8704018470DF106021946FFF750
:10BD30001DFD10B94FF4DE62DAE7606850B1BDF85E
:10BD40000630ADF80E30036802969B69ADF80C50D2
:10BD500002A99847236D04F15000002BBED0E36D7B
:10BD6000DDE700BF5B3E0700C43E070013B5C38894
:10BD700013F0030F044614BF032104210191FFF7C0
:10BD80000BFEA3882288019902B0BDE81040FFF79E
:10BD90008DBF10B54388162B04460AD1FFF7FCFD72
:10BDA000406888B10368E28921881B68BDE81040BB
:10BDB0001847122B08D1FFF7EFFD63892288012174
:10BDC000BDE81040FFF772BF10BD000008B542F695
:10BDD00002110248FFF72AFB08BD00BFEC46012014
:10BDE0001FB50190FFF7DAF8FFF7C8FA00230199B1
:10BDF0008DF80C3003AAFEF781FB38B99DF80C30A2
:10BE0000042B18BF052005B05DF804FB0520FAE7F8
:10BE1000D0E90320B2FBF0F07047C068800870479B
:10BE2000836803EB810233F82130002063F30F00B5
:10BE3000538882B063F31F4002B07047037CC06830
:10BE400090FBF3F07047037CC06890FBF3F0704701
:10BE500000207047704770477047704708B5044B23
:10BE60001B680846C0B29988F5F779FC002008BD28
:10BE70005863002010B5C8B21446F4F767FF20805D
:10BE8000002010BD07B50846114601920023120C90
:10BE900089B2C0B2F5F710FC002003B05DF804FBD6
:10BEA00070B586B000240A9D02942E680196AD8874
:10BEB0000592084611460095120C89B2C0B2F5F7FA
:10BEC000D4FC204606B070BD30B51C7885B0C8B231
:10BED000039291B2120C54B903F11204022300250B
:10BEE000CDE90045F5F7F2FC284605B030BD5C1CF5
:10BEF0001023F4E708B50846C0B21146F5F7F4FB85
:10BF0000002008BD08B50846C0B211461A460023F5
:10BF1000F5F70AFD002008BD08B51346084612686B
:10BF20001979C0B2F5F71AFD002008BD30B51C78AC
:10BF300085B0C8B2039291B2120C54B903F1120445
:10BF400002230025CDE90045F5F733FD284605B06D
:10BF500030BD5C1C1023F4E708B5084611461A46AC
:10BF6000C0B21B689288F5F7D7FB002008BD08B562
:10BF7000084611461A46C0B21B689288F5F776FE4D
:10BF8000002008BD13B50446084611461A68009201
:10BF90009B886268C0B2F5F7FDFD6368002001333D
:10BFA000636002B010BD30B5002485B0CDE9014416
:10BFB000084611461A46089B1D6800959B88C0B22A
:10BFC000F5F777FE204605B030BD08B50846C0B28B
:10BFD0001146F5F7B0FE002008BD10B51421044647
:10BFE0000AF0BEFE204610BD10B5102104460AF02E
:10BFF000B7FE204610BD10B5142104460AF0B0FE6D
:10C00000204610BD10B5142104460AF0A9FE2046B2
:10C0100010BD70B50B698D6804465A430020A070AE
:10C02000A082AB18AA5A22804A79012A86B01BD175
:10C030005D888DF80400014610220DF1050012F014
:10C0400015FB05AEADF81650A31C01AD2A4603CA78
:10C05000B24218605960154603F10803F6D128680A
:10C060001860204606B070BD01228DF80420991C8E
:10C070000DF10502123351F8040B42F8040B9942FA
:10C08000F9D1BDF81130ADF8163001ADA31C05AEE5
:10C090002A4603CAB24218605960154603F10803E4
:10C0A000F6D1DCE710B5064B044640F8183BD2F752
:10C0B0006BFC04F10800D2F767FC204610BD00BFFE
:10C0C0001040070013B5183088420C4606D0019086
:10C0D000D2F75AFC01982146FEF7DFFC02B010BDF2
:10C0E00013B5083088420C4606D00190D2F74CFCBC
:10C0F00001982146FEF7D1FC02B010BD41607047A7
:10C1000038B50D4D2C68BFF35B8F14F0010410D1CE
:10C1100028460AF011FC60B10848094B094A0A494F
:10C120004461C0E9003444620AF0F3FB28460AF097
:10C1300025FC024838BD00BF5C4901206049012050
:10C140001040070000600020A5C00500436913B13E
:10C150001B6808301847704737B50546C07898B156
:10C16000FFF7CEFFAB786989EA78ADF802105B0083
:10C1700001248DF8042029888DF800406A468DF846
:10C180000130FFF7E3FF204603B030BD13B543880D
:10C19000092B04460BD1FFF7B3FF132321888DF839
:10C1A000043001AAFFF7D2FF012002B010BD002029
:10C1B000FBE713B543880C2B04460BD1FFF7A0FF18
:10C1C000192321888DF8043001AAFFF7BFFF012051
:10C1D00002B010BD0020FBE7436A13B11B681830A2
:10C1E0001847704710B5C378712B044606D1FFF786
:10C1F00087FF2188FFF7F0FF012010BD0020FCE73A
:10C2000070B54388162B044611D1FEF7C7FEFEF722
:10C21000E5FC03685B6D984720B10368E2891B6801
:10C22000218898472046BDE87040FFF7B2BD83786B
:10C230000A2B0FD1FEF7B2FEFEF7D0FC03685B6D50
:10C2400098470028EED0036862895D682188E3780A
:10C25000A847E7E7054E0E2556F8043B20469847C9
:10C2600010B9013DF8D1DDE770BD00BF58400700AF
:10C27000002A08B5C0E9001205DA0749074840F26C
:10C28000752209F05DFF29B922B10349044840F243
:10C290007622F6E708BD00BF583F0700833F07003E
:10C2A0008E3F070038B50B7C044688685A438118D6
:10C2B000825A4D88228004311A1F201D6580FFF7A5
:10C2C000D7FF204638BD10B50B7C04465A4388681A
:10C2D0008118825A2046023120F8042B9A1EFFF75B
:10C2E000C7FF204610BDF0B543880D2B87B004462C
:10C2F0001AD1FFF705FF22896168268867890546FC
:10C3000001A8FFF7B5FF1B238DF80C30019B0493A8
:10C310002846029BADF80E7003AA31460593FFF73D
:10C3200015FF012007B0F0BD0020FBE7F0B5438802
:10C330000E2B87B004461AD1FFF7E2FE228961680E
:10C3400026886789054601A8FFF792FF1D238DF80F
:10C350000C30019B04932846029BADF80E7003AA93
:10C3600031460593FFF7F2FE012007B0F0BD002033
:10C37000FBE7F0B543880B2B87B004461DD1FFF7D0
:10C38000BFFE228961682688678905466846FFF7EF
:10C390006FFF17238DF808300023ADF80C30009B99
:10C3A00004932846019BADF80A7002AA3146059312
:10C3B000FFF7CCFE012007B0F0BD0020FBE7000036
:10C3C000F0B54388082B89B004461ED1FFF798FECC
:10C3D0006168228911F8017B26880546013A01A887
:10C3E000FFF746FF11238DF81030094B0393019B93
:10C3F00005932846029B069304AA31468DF81C70CB
:10C40000FFF7A4FE012009B0F0BD0020FBE700BF4C
:10C41000F83F070070B54388072B86B0044617D154
:10C42000FFF76EFE228961682688054601A8FFF79E
:10C430001FFF0F238DF80C30019B04932846029BAD
:10C44000059303AA3146FFF781FE012006B070BDB7
:10C450000020FBE770B54388062B86B0044617D151
:10C46000FFF74EFE228961682688054601A8FFF77E
:10C47000FFFE0D238DF80C30019B04932846029B90
:10C48000059303AA3146FFF761FE012006B070BD97
:10C490000020FBE770B54388052B86B0044617D112
:10C4A000FFF72EFE228961682688054601A8FFF75E
:10C4B000DFFE0B238DF80C30019B04932846029B72
:10C4C000059303AA3146FFF741FE012006B070BD77
:10C4D0000020FBE7F0B54388042B89B004461ED149
:10C4E000FFF70EFE6168228911F8017B2688054658
:10C4F000013A01A8FFF7BCFE09238DF81030094B63
:10C500000393019B05932846029B069304AA314698
:10C510008DF81C70FFF71AFE012009B0F0BD002055
:10C52000FBE700BFE03F070070B54388032B86B0F0
:10C53000044619D1FFF7E4FD228961682688054683
:10C540006846FFF795FE07238DF80C30074B0293E2
:10C55000009B04932846019B059303AA3146FFF7ED
:10C56000F5FD012006B070BD0020FBE7C83F0700C5
:10C57000F0B54388022B89B0044623D1FFF7C0FDF4
:10C580006168228911F8016B27880546013A01A8E4
:10C59000FFF76EFE05238DF810300B4B0393019BC4
:10C5A0000593012E029B069328460CBF04231223F9
:10C5B00004AA39468DF811600793FFF7C7FD0120E3
:10C5C00009B0F0BD0020FBE7B03F070040680368FA
:10C5D0005B6818470120704770B501F108040646F2
:10C5E00005460FCC0FC523682B60304670BD002078
:10C5F000704703468A89886818609A801846704791
:10C60000BF207047FB207047022070474160704791
:10C6100040687047704710B50C46F3F7FBF8E4B27A
:10C620000123A340184001EAE371084314BF01202D
:10C63000002010BD08B50346086898608A889A8172
:10C640000846F9F72DFB002008BD07B5009200222F
:10C650000B4610460321F7F7E5FA002003B05DF81A
:10C6600004FB07B50B460092032101220020F7F7D7
:10C67000D9FA002003B05DF804FB000038B5094D7D
:10C680000124AB7DE1B233B16B7D012B03D10022DC
:10C690000320F8F7D7FE0134062C05F13005F0D160
:10C6A000002038BD7C3D012008B5D2B2C9B20320BC
:10C6B000F8F7C8FE002008BD37B59DF818509DF862
:10C6C0001C40ADF80620817301AA0DF1060101207E
:10C6D000ADF80430F9F7BAFE2846F9F7E9FE21462D
:10C6E0000120F9F717FB002003B030BD13B5044655
:10C6F000A9B1BDF8101001910A214B434FF6FF710B
:10C700008B4228BF0B469BB200930021D3B200F1AD
:10C710000F02807CF9F752FE002002B010BDF9F73D
:10C7200083FE012384F84430F6E77FB51C469DF86C
:10C7300028609DF8205008461146F8F7C3FEE1B284
:10C740000220F9F7E7FA3046F9F748F8BDF82C303F
:10C75000ADF80430BDF83030ADF80630BDF83430F7
:10C76000ADF80830BDF83830ADF80A30BDF83C30CF
:10C77000ADF80C3001A8BDF84030ADF80E30F8F738
:10C78000E9FE099B2A4601210320F9F719F8002840
:10C790000CBF0C20002004B070BDF3F72FB808B513
:10C7A000F9F790FA002008BD07B50846C0B26946FF
:10C7B00081E80C00F9F782FA002003B05DF804FB71
:10C7C00007B50846C0B2694681E80C00F9F778FA67
:10C7D000002003B05DF804FBF0B5CDB285B028466B
:10C7E00017461E46F8F7A0FF0446D0B9BDF828301A
:10C7F000ADF80830BDF82C30ADF80A30BDF8303057
:10C80000ADF80C302846BDF83430ADF8047001A9FD
:10C81000ADF80660ADF80E30F8F72CFE204605B0F6
:10C82000F0BD0620FBE71FB5ADF80630BDF81830A7
:10C83000ADF80830BDF81C30ADF80A300846BDF838
:10C840002030ADF80C3001A9BDF82430ADF804203B
:10C85000C0B2ADF80E30F8F7A1FE002005B05DF8CB
:10C8600004FB08B50846C0B2D1B2F8F7B3FE002009
:10C8700008BD38B50D464FF008010446FFF7CBFE62
:10C8800020B1E8B2F9F726FB002038BD4FF00B01CC
:10C890002046FFF7C0FE0028F3D10220F5E713B5CC
:10C8A00012781B789DF81040C8B2B2FA82F149099B
:10C8B0000BB941F002010094F9F721FB002002B00E
:10C8C00010BD10B51C2104460AF04AFA204610BDDE
:10C8D00008B508461146F7F73DFA002008BD13B524
:10C8E000084614469DF8101001930090F8F7BCF824
:10C8F000019A00982146F8F7A3F80098F7F7DAFFB5
:10C90000002002B010BD1FB508461946144603901A
:10C91000F8F786F8079B0398009300229DF81830DB
:10C92000E1B2F7F77FF9002004B010BD1FB508464B
:10C93000194614460390F8F773F8079B0398009381
:10C9400001229DF81830E1B2F7F76CF9002004B02D
:10C9500010BD08B508461146C9B21A46029BF7F742
:10C96000BDFF002008BD08B5104619B1F7F7D8FF84
:10C97000002008BDF7F7E8FFFAE7F2F767BF08B550
:10C98000F2F76AFF032828BF0320C0B208BD08B52C
:10C990000846F7F7B9F9002008BD08B5F7F7C8F958
:10C9A000002008BD37B5144600200A4603211D4665
:10C9B000F9F7B5F9BDF820300093069ABDF81C30A0
:10C9C000E9B22046FAF76EFB20B1034B1880002035
:10C9D00003B030BD0C20FBE78C49012008B5C8B27C
:10C9E000FAF7A0FB002008BD08B50846C0B2114602
:10C9F0001A46FAF7ABFB002008BD08B50846C0B2DE
:10CA000011461A46FAF7A4FB002008BD08B5FAF74C
:10CA1000A1FB002008BDF2F725BF1FB5134671B179
:10CA2000827B8DF80F200021CDE900110DF10F025E
:10CA30000120F9F7C3FC002005B05DF804FBF9F70D
:10CA4000F3FCF8E708B509781278B1FA81F04009EB
:10CA50000AB940F00200F9F750FA002008BD0000C2
:10CA600010B5044B044640F8483BD1F78DFF2046F3
:10CA700010BD00BFB040070037B5054648308842BA
:10CA80000C460CD00190D1F77FFFE3686B6533B1A2
:10CA90005B680198214603B0BDE83040184703B0F9
:10CAA00030BD2DE9FF4100F1140600F154040027C8
:10CAB0000DF108081036A64203D1002004B0BDE8ED
:10CAC000F0816846FDF7E5FF8DF806708DF80D7072
:10CAD0006A46A6F11003154603CD45451860596016
:10CAE0002A4603F10803F6D128681860AA889A80BC
:10CAF000E0E70022026082800A6802608A88828001
:10CB0000704710B50446F2F775FE01462046FFF760
:10CB1000F0FF204610BD0378C3F38002C3F340004A
:10CB2000104403F001031844704773B50446C8B2BB
:10CB300015468DF80430069EF9F7BAFC01A8FFF7F8
:10CB4000EAFF04F10F02002383420DD39DF8040095
:10CB5000A074DDE90712F9F779FCE9B20120F9F7D1
:10CB6000D9F8002002B070BDF15C02F8011B01335E
:10CB7000EAE72DE9F04F8BB00DF150080F4618F899
:10CB8000044FDDF874B016462046DDE916121D4646
:10CB9000DDE91B9AF8F7ACFCF9B20220F9F7BAF814
:10CBA000F0B2F8F71BFE4046FFF7B5FF01AA0023DD
:10CBB0001146834202F10C020FD32046F8F7CEFC57
:10CBC000149BEAB221460320F8F7FAFD00280CBFB7
:10CBD0000C2000200BB0BDE8F08F189E36F81360D3
:10CBE00022F80C6C199E36F8136022F80A6C1A9E13
:10CBF00036F8136022F8086C39F8136022F8066CD6
:10CC00003AF8136022F8046C3BF8136022F8026CC7
:10CC10000133CEE7436D13B11B68483018477047A6
:10CC2000F8B516480568BFF35B8F15F0010523D1F1
:10CC300009F082FE00B3124C124B04F10800C4E963
:10CC4000003504F11407FDF724FF0326A573A5742E
:10CC50003846FDF71EFF013EBD717D7307F11007D9
:10CC6000F6D1094A0949064884F84460666509F026
:10CC700050FE024809F082FE0148F8BD88490120B3
:10CC800090490120B04007000060002061CA050003
:10CC90002DE9F04F8378272B93B0044647D1FFF757
:10CCA000BFFF2388019304F10A01054607A894F801
:10CCB00004B0B4F808A003AEFFF71BFF04F117019E
:10CCC00005A8B4F81090B4F81280A78AFFF711FFF6
:10CCD00004F11D013046FFF70CFF019B07980A93F2
:10CCE000BDF82030CDF82E00ADF832300598BDF8F3
:10CCF00018308DF825B001248DF82440ADF82CA013
:10CD0000ADF83490ADF83680ADF83870CDF83A0013
:10CD1000ADF83E3096E803001090ADF84410284678
:10CD200009A9FFF777FF204613B0BDE8F08F002078
:10CD3000FAE71FB58378282B044612D1FFF770FF5E
:10CD400021792288237A8DF80510052401A98DF810
:10CD5000044002928DF80C30FFF75CFF012004B014
:10CD600010BD0020FBE77FB58378292B044618D13E
:10CD7000FFF756FF2189267925886289A389ADF8B6
:10CD80000810032469468DF800408DF80160019574
:10CD9000ADF80A20ADF80C30FFF73CFF012004B0DD
:10CDA00070BD0020FBE77FB58378402B044618D187
:10CDB000FFF736FF21892688E5886289A389ADF8C7
:10CDC0000A10042469468DF800400196ADF8085019
:10CDD000ADF80C20ADF80E30FFF71CFF012004B0B9
:10CDE00070BD0020FBE770B50246002392F8216079
:10CDF000D57E022E1C4603F1010305D1A94203D1C1
:10CE0000143000EB041070BD032B02F11002EDD1C1
:10CE10000020F8E710B50246002392F82140022CCA
:10CE200006D1D469A14203D1143000EB031010BD28
:10CE30000133032B02F11002EFD10020F7E770B5A8
:10CE40000246002392F82160D57E012E1C4603F194
:10CE5000010305D1A94203D1143000EB041070BDC9
:10CE6000032B02F11002EDD10020F8E730B50D469A
:10CE700089B051B30021FFF7E2FF0446B8B1037B4C
:10CE80000290827901928B4214BF0B464FF4A0634B
:10CE9000009114BF0422012203200D46F8F7CAFDB9
:10CEA000A06020B302236373284609B030BD8DF81B
:10CEB0001400ADF81C008DF8180006AB07AA05A9F0
:10CEC0000120F6F7D7FE2046EFE7FFF78CFF044678
:10CED00030B1017A16220320F8F7B4FA6573E3E75C
:10CEE0008DF81C0007A90120F6F7F0FEEBE70C20F7
:10CEF000DBE72DE9F04F032A8BB0824691469B4633
:10CF000070D8002951D10C460D460F46A14552D884
:10CF100008A92846F6F7DAFE32E0149B1BF8041045
:10CF200033F814307343BB4228BF3B465046059349
:10CF3000FFF785FF059B054620B3027B0290002A80
:10CF40008279019208BF4FF4A0634FF00002009273
:10CF50009BB20CBF012204220320F8F76BFDA860EE
:10CF600018B90C200BB0BDE8F08F02236B730134AD
:10CF7000A145D2D807AB08AA06A94046F6F77AFE23
:10CF80000020EFE708F128026A4402F8101C159906
:10CF9000095D02F80C1C0AAA02EB480208F101081C
:10CFA00022F8083C5FFA88F8E1E70024A0460A2648
:10CFB0004FF6FF77DCE71BF804105046FFF713FF2E
:10CFC000064638B1017A16220320F8F73BFA777348
:10CFD00001349BE705F128036B44013503F8081C75
:10CFE000EDB2F5E70420BDE790F8213033B190F8B9
:10CFF00031303BB190F8413033B90223143000EBAB
:10D00000031070470123F9E70020704782B070B524
:10D01000064614460593FFF7E6FE9DF81C500146B0
:10D0200020BB3046FFF70BFF034698B1012C01D01F
:10D03000042C09D19D71DDE90501221F54425441A0
:10D04000186099801C7300E041730020BDE87040B7
:10D0500002B07047012C01D0042CF6D13046FFF706
:10D06000C3FF034620B101224273E3E70620EDE748
:10D070000C20EBE72DE9F0479DF820A09DF82C90BF
:10D080000A9E9DF824709DF8308005460020DCB291
:10D09000F6F77CFE5046F6F79BFE49460020F6F771
:10D0A00089FE41460020F8F735FE33463A462146D0
:10D0B0000020F6F797FD8DF82470B388ADF8203086
:10D0C0003368224628460021BDE8F047FFF79EBF9F
:10D0D0002DE9F04F2DED068B83B09E469DF9603013
:10D0E000DDF848C09DF84CA09DF850B09DF85470F4
:10D0F000169E9DF85C9009EE103A9DF864309046BB
:10D1000008EE900A9DF87420C8F3800009EE903A6A
:10D110009DF86830019018F0100FC8F300100AEE67
:10D12000103A0AEE902A08EE100A0C469DF86C3070
:10D13000019808F00102C8F34001C8F3C00513D0FC
:10D1400048B915B9002A62D0C1B9042003B0BDECBA
:10D15000068BBDE8F08F0029F7D1002AF5D0002D0D
:10D160000CBF0425012509E0002854D1002DECD185
:10D17000002A4CD0002914BF002505251FFA8CF287
:10D180001FFA8EF120460193F6F700FE5846F6F797
:10D190001FFE51462046F6F70DFE4A460021204666
:10D1A000F8F7BDFD1AEE901A2046F7F729FC019B0F
:10D1B0001AEE102A19EE901A2046F7F70BFC19EE1A
:10D1C000102AC8F380112046F7F7F2FB18EE101A68
:10D1D0002046F7F7CDFBC8F340112046F7F7D8FB00
:10D1E00033463A4629462046F6F7FCFC8DF84C704B
:10D1F000B388ADF84830336818EE900A2A462146C5
:10D2000003B0BDEC068BBDE8F04FFFF7FFBEC1F1E8
:10D210000301CDB2B2E712B10029A0D095E78D1D70
:10D22000ACE700002DE9F04F044697B0002854D039
:10D2300002880B92FFF7F4FCA37845680B9A213B18
:10D24000352B41D8DFE813F0910098004000E10051
:10D25000DA004000800157014000400040004000DB
:10D2600040004000400040004000400040004000BE
:10D2700040004000400040004000400040004000AE
:10D28000400040004000480140004000400036009F
:10D2900040004C00AE00BB009D00E100ED0001012C
:10D2A0004000400051004000890040004000400024
:10D2B0004000760045B12B681E68637A8DF8003017
:10D2C000237AE1782846B0479D4E062556F8043B60
:10D2D0002046984708B9013DF8D117B0BDE8F08F56
:10D2E000002DF1D02B689E68E7E7002DECD02B686D
:10D2F00094F804801F69934B94F809901A88237A54
:10D300000C9214AE04F10A0130460B93FFF7F1FBC7
:10D31000217C608A94F814C08DF810C003908DF8B9
:10D320000810DDE90B3201968DF800904146284641
:10D33000B847C9E7002DC7D02B68E2685E69637AF9
:10D340000292A27A01928DF8003094F9073094F994
:10D350000620A1882846B047B6E7002DB4D02B6838
:10D36000A1889B6928469847AEE7002DACD02B6872
:10D370009B6A28469847A7E7002DA5D02B68DB6A53
:10D38000F7E7002DA0D02B68277994F805809E6BD5
:10D39000A11D14A8FFF7ADFB14AB42463946284641
:10D3A000B04791E7002D8FD02B6822791E6B611D4D
:10D3B00014A8FEF75DFF14A92846B04784E7FFF7DD
:10D3C0002FFC6179FFF70FFD08B100234373002D97
:10D3D0003FF47AAF217969B9E2884FF6FF739A4238
:10D3E0000AD023882A68566B227A009262792846EE
:10D3F000B04769E70023F5E70B46F3E7002D3FF45C
:10D4000063AF2B68E1781B6A05E0002D3FF45CAF49
:10D410002B68E178DB69B1FA81F149092846984720
:10D4200052E725B9FFF7FCFB80F844504CE7FFF7C3
:10D43000F7FB90F844302BB1FFF7F2FB002380F8A4
:10D440004430DEE72B685B6A93E7002D3FF43CAF86
:10D45000A379A67B8DF840308DF844602A6894F853
:10D460000490D2680B92FF2B04F1070112A80CBFA5
:10D47000002710AFFFF73DFB94F80DA006B111AEE9
:10D48000E37B0C930DF1500894F9113094F91020BE
:10D490000D9304F11501638A94F814B00F9240467D
:10D4A0000E93FFF726FB216A0E9B0991217F0593BE
:10D4B0000D9B04930C9B0F9A0392CDE90781CDE954
:10D4C000016328468DF818B00B9D8DF800A012ABB3
:10D4D0003A464946A847F7E6002D3FF4F5AEA28943
:10D4E0002B680192628900921E6CE2882389218850
:10D4F0002846B047E8E623793C2B7FF4E5AEFFF7FA
:10D500008FFB2188FFF786FC064600283FF4DCAE3F
:10D5100000274773002D3FF4D7AEFFF781FB4FF094
:10D520000C01FFF778F82B6800283FF428AFD3F8F8
:10D530003480F279009721793B462846C047C3E6FC
:10D54000804107008C490120FFF76AFB2188FFF723
:10D5500061FC00283FF4B8AE00234373B4E600BF7B
:10D5600070B58378262B8CB0044628D1FFF758FB82
:10D57000A37A8DF8003004F10C01E37A8DF80130C4
:10D5800006460DF10200FFF7B4FA227A616802A89C
:10D59000FEF76EFE637A8DF8103002238DF8183096
:10D5A0006D46084B05930FCD07AC0FC42B68236065
:10D5B000304606A9FFF72EFB01200CB070BD0020FD
:10D5C000FBE700BF9840070013B50C46FEF7E4F9EF
:10D5D00001466846FDF736FF009B2360019B6360B0
:10D5E000002002B010BD07B50191FEF7D5F90199F1
:10D5F000FDF735FF002003B05DF804FB0020704705
:10D600004160704708B5F8F7E1FD002008BD38B566
:10D61000054608462C7A34B92146F8F7A3FE0123C3
:10D620002B72204638BD0620FCE7034610B55C7A15
:10D630000846114624B92246F8F7DAFD204610BD07
:10D640000620FCE708B5F2F7F7F8003818BF01200C
:10D6500008BD08B50846F8F74FFE002008BD10B514
:10D660000C46F2F7E9F820B1A0B2F8F75BFE002013
:10D6700010BD0220FCE7F2F7D9B830B585B0CDB2C5
:10D6800003920293F2F7D8F888B1DDE90221002471
:10D69000089B02912846CDE90044F8F7CBFD2846C7
:10D6A00002990122F8F740FE204605B030BD022065
:10D6B000FBE737B50C4601921D46F2F7BDF838B1CD
:10D6C000E0B20199EAB2F8F72FFE002003B030BDB6
:10D6D0000220FBE713B50C460192F2F7ADF838B122
:10D6E000E0B201990022F8F7D7FD002002B010BD8A
:10D6F0000220FBE708B5F2F79FF818B1F8F7EAFD4A
:10D70000002008BD0220FCE710B50446FDF7C1F972
:10D7100020460621F3F7A8F9637903F03F0363710C
:10D72000204610BD00487047DC63002037B5034633
:10D7300020B916491648CE2208F002FD8278154914
:10D74000382A4C6806D03A3A022A1DD8BCB90120C2
:10D7500003B030BD00220A72002CF8D02268156890
:10D76000C27842B940681B890090ADF80430694620
:10D770002046A847EBE76846FDF78BF9F7E72368F3
:10D7800020465B689847E2E70020E1E7A8410700F0
:10D7900004420700DC6300207047002008707047D7
:10D7A000022070470220704721B101230372C1603B
:10D7B000002070470172FBE7024B1B6800201971C3
:10D7C000704700BF5C630020CB1F092B07D8914234
:10D7D00005D8044B1B68002059719A7170470420CA
:10D7E000704700BF5C63002041607047406870472D
:10D7F00010B500240472C46004741422214654300D
:10D8000010F034FF204610BD08B50846C0B21146DE
:10D81000F7F7F6FE002008BD08B50846C0B2D1B241
:10D82000F9F7BDFA002008BDF0B589B0002301ACBE
:10D83000CDE90533ADF81C3002F1100713460E4652
:10D84000224618685968254603C50833BB422C4652
:10D85000F7D1F0B20321F9F75FFA002009B0F0BD6B
:10D86000F0B589B001AD144602F1100C0F462A46FE
:10D87000206861682E4603C6083464453546F7D1F2
:10D88000186859680E9B05AC03C49DF83C101B88B2
:10D89000ADF81C300131F8B2C9B2F9F73DFA0020F9
:10D8A00009B0F0BD08B5084600231A461946C0B2B3
:10D8B000F9F786FA002008BD10B508469DF8081053
:10D8C00049B95C1CE4B2134601212246C0B2F9F703
:10D8D00077FA002010BD0324F5E710B500F13103FD
:10D8E00001F11002184651F8044B43F8044B9142E1
:10D8F000F9D1F9F7E1F8002010BD08B5084682F02B
:10D900000101F9F7E5F8002008BD37B50B4600F135
:10D9100041041146204603F1100253F8045B44F819
:10D92000045B9342F9D10191F9F7BAF8FEF7E8FBED
:10D930000199FEF7E3FB002003B030BDF7B51446B4
:10D940001A464B1E042B0E462CD800EB81073D6D6A
:10D950009DB104F1100354F8041B45F8041B9C42CC
:10D96000F9D1F0B2396D0190F5F7F8FE01980899F8
:10D97000F5F7FEFE002003B0F0BD0B490192102028
:10D9800009F0EAF9019A40B1034604F1100154F894
:10D99000045B43F8045B8C42F9D138650028E0D180
:10D9A0000720E8E70420E6E75C5D070038B54B1E7A
:10D9B000042B0D460FD800EB8104206D20B11021FF
:10D9C00009F0CEF9002323650022E8B21146F5F7ED
:10D9D000C5FE002038BD0420FCE707B50846114607
:10D9E0001A469DF814300093D2B29DF81030C0B2A0
:10D9F000F9F772F9002003B05DF804FB07B508469B
:10DA000011461A469DF814300093D2B29DF810309A
:10DA1000C0B2F9F7A5F9002003B05DF804FB08B522
:10DA20000846C0B2D1B2F8F7FFFF002008BD08B524
:10DA300008460821F3F718F8002008BD07B5084686
:10DA40000192032101AAC0B2F8F7FEFF002003B043
:10DA50005DF804FB08B50846C0B21021F8F7F4FFE2
:10DA6000002008BD08B50846C0B21146F9F7ECF829
:10DA7000002008BD08B50846C0B21146F9F784F881
:10DA8000002008BD1FB5044610216846F2F7ECFFE0
:10DA9000684604F11101F9F789F8002004B010BDBF
:10DAA000F0B593B015460E461022002106A81C467C
:10DAB00010F0DCFD02AB2A4605F1100C1F46106881
:10DAC00051681D4603C5083262452B46F7D12346EF
:10DAD00003F110050AAC18685968224603C20833DE
:10DAE000AB421446F7D1189B0EAC03F11005186831
:10DAF0005968224603C20833AB421446F7D1F0B24C
:10DB000039460190F9F750F8002201981146F8F7CC
:10DB10009BFF002013B0F0BD38B500250F4B03600C
:10DB2000044645600572C5600574294620221130FF
:10DB300010F09CFD2946102204F1310010F096FDF2
:10DB40002946102204F1410010F090FD14222946CC
:10DB500004F1540010F08AFD204638BDA4420700AD
:10DB600010B50B4C2368BFF35B8FDB070ED4204648
:10DB700008F0E2FE50B10748FFF7CEFF064A07491A
:10DB8000044808F0C6FE204608F0F8FE014810BD23
:10DB9000E8490120EC4901200060002099D70500E8
:10DBA0002DE9F0438FB00446FFF7DAFF45680646DB
:10DBB000002D00F090812CB9A149A24840F25722D3
:10DBC00008F0BEFAA3782A3B0C2B00F28481DFE830
:10DBD00013F00D00110028002E0033006F00FB0031
:10DBE000210132013D015B016C017B012B68DB6887
:10DBF000218813E0E27821882B68501E0D2804D874
:10DC00005B6828469847012435E0E02A03D15B6829
:10DC10004FF00802F5E7E12AF9D19B6828469847BA
:10DC2000F1E72B689B694FF002022188E9E72B6836
:10DC30004FF000029B69F8E7237926881BB12B6817
:10DC40005B6B3146EAE763797BB3FFF789FF047AC0
:10DC5000F7B2A4B12B68D3F82080FFF781FF3146DB
:10DC6000C2682846C047FFF77BFF032100F10C0282
:10DC70003846F8F7E9FE20460FB0BDE8F0830AA861
:10DC80000421F2F7F1FE0A9A6F4BB2FBF3F103FBAA
:10DC900011222B680A92314628461B6A98470AAA25
:10DCA00003213846F8F7D0FEADE72B689B6AC8E73A
:10DCB000A37F2688013B072BA5D801A252F823F0A9
:10DCC000E1DC05002FDD050007DC050063DD050054
:10DCD00007DC050007DC050007DC0500A1DD050009
:10DCE0002B680DF1280CD3F84880271D04F114028D
:10DCF000634638687968E646AEE80300083797421D
:10DD0000F446F6D11A4631462846C0472A68D2F86A
:10DD10004C8060697968A28BADF818200AAB9C46EC
:10DD2000ACE8030006AA31462846C0476BE72B68DB
:10DD30000DF1280CD3F84080271D04F1140263462E
:10DD400038687968E646AEE8030008379742F4463B
:10DD5000F6D11A4631462846C0472A68D2F8448090
:10DD6000D7E72B6860695F6D238BA27E0A90ADF8C0
:10DD70002C3031460AAB2846B8472B681F6D04F19A
:10DD800014080AAA043420686168134603C30834DF
:10DD900044451A46F7D10AAA31462846B84732E721
:10DDA0002B680AAFD3F858803A46231D14341868FC
:10DDB0005968BC46ACE803000833A3426746F6D175
:10DDC00031462846C0471EE70023CDE906332646E4
:10DDD000B4F80E80D5F8009036F8067BB8F1000F45
:10DDE00009D1082206A9304610F00AFC18B1D9F86A
:10DDF0006030394612E7D4F806007168D9F85C90B3
:10DE0000ADF814800AAB03C305AA0AAB394628460D
:10DE1000C847F8E62B6862791E68E179A3798DF826
:10DE200000308DF80410003A2379218818BF0122B0
:10DE30002846B047E7E62B6822795B69F5E600BF24
:10DE4000484207000442070040420F002B6806AA20
:10DE50009F6B04F1140304F124089E46944618684D
:10DE60005968164603C6083343453246F7D10AAB14
:10DE700004341A46206861681E4603C60834744597
:10DE80003346F7D1614688E7251D2846F8F7CEFED0
:10DE900024342B4606F1110253F8041B42F8041BEC
:10DEA000A342F9D101243474E5E620462B6830F80A
:10DEB000041B1E6A0391F8F7DFFE03990246284609
:10DEC000B0472B685B6A93E62B682279DB6A21886E
:10DED0002846984797E60024CDE600BF70B500F1CC
:10DEE000540500F168040026A54200D170BD2868E1
:10DEF00018B1102108F034FF2E600435F4E708B59E
:10DF0000FFF7ECFF002008BD10B50446FFF7E6FF61
:10DF10002046FFF76DFC002010BD0A46C9789378B3
:10DF2000043303EB012189B20220FCF731BE817872
:10DF3000024603310120FCF72BBE00002DE9F0471B
:10DF4000424EDFF8208105464718BD4201D1BDE8A9
:10DF5000F087337815F8011B33B93D4A11703D4AFB
:10DF6000138001233370F0E7012B59D1DFF8E4A0CF
:10DF7000394BBAF80000195435490978421C481E3B
:10DF8000C0B203289CBF354C245C92B288BF0024E9
:10DF9000A242AAF80020A0B2D7D102290AD00429AF
:10DFA00033D001294FD193F80290484480B2FCF756
:10DFB00033F80BE0D978987800EB01201FFA80F94C
:10DFC00012FA80F0002180B2FCF72EF8C8F80000A9
:10DFD000002834D0224ADFF880C010600346044491
:10DFE00000219C4214D101B11460AAF80090B9F14B
:10DFF000000F13D103233370D8F8001019B1144B5C
:10E000001878F1F7B1FB0023ACE793F80190CCE767
:10E010001CF8011B03F8011B0121E2E70223A1E721
:10E02000022B0CD10E4A1368581C1060094A197053
:10E030001388013B9BB21380002BDBD085E733783C
:10E04000032BD9D081E74FF00009AEE7654A0120E4
:10E05000644A0120584A0120544A01202443070001
:10E060005C4A0120604A0120FCF7A0BDFCF7A6BD78
:10E0700007B5074A002382F82130ADF804308DF847
:10E08000063001A89368984703B05DF804FB00BF11
:10E09000AC3F012012207047024B0022C3F8D82069
:10E0A000704700BF8836012000F002B800F002B8C7
:10E0B00008F0F0B808F004B9FFF7F6BFFFF7F6BFB5
:10E0C00038B500F00F040D46FFF7EEFF094B04F1E1
:10E0D000140033F81020154393F8442023F810500F
:10E0E00042F0040283F84420FFF7E0FFBDE8384027
:10E0F000CFF7AEBD684A012010B50C46FFF7D4FF3C
:10E10000054B93F84420144383F84440FFF7CEFFB7
:10E11000BDE81040CFF79CBD684A01200048704719
:10E12000A44A0120044A92F84530591C42F82300C1
:10E1300082F8451018467047684A0120034B93F84F
:10E140004400B0FA80F04009704700BF684A0120DF
:10E15000F0B5284C85B0FFF7A7FF94F84460002382
:10E1600084F84430FFF7A2FFF10708D504F13C071B
:10E170000DF10F013846FBF774FF054628B9B207C9
:10E1800014D4730718D405B0F0BD9DF80F3029469C
:10E1900054F82330002098472846FBF749FFE7E76B
:10E1A000037B011D54F82330002098470020FCF722
:10E1B00079F80028F4D1E4E70F4D0A24A5F12806E8
:10E1C000002735F8023B73B1336863B1FFF76CFF8A
:10E1D00035F8020C25F8027C0190FFF767FF3368E1
:10E1E000019800219847013C14F0FF0406F1040651
:10E1F000E7D1C8E7684A0120904A012070B5421E65
:10E2000000234D1E9D420BD8435D03F03F033F2B7F
:10E2100013D1014411F8020CFF3818BF012070BD62
:10E2200012F8016F741EE4B2FD2C0CD91BB112F868
:10E23000014CB44207D10133E4E723B9014411F89A
:10E24000020C0038E9E70120E9E7437903F0C00355
:10E25000C02B02D10621FFF7D1BF002070474379C0
:10E2600003F0C003402B03D103210844FFF7C6BFCE
:10E270000020704730B4C9B280699DF80850002969
:10E2800018BF0B2130B104688DF80850646BA446A8
:10E2900030BC604730BC7047806910B428B1046856
:10E2A000A46BA4465DF8044B60475DF8044B7047CF
:10E2B000F0B5806987B09DF830709DF838609DF8A2
:10E2C0004050C8B1C9B204688DF8083000290D9BD0
:10E2D000039318BF0C21BDF83C308DF8041064691D
:10E2E000ADF806208DF809708DF81060ADF8123089
:10E2F0008DF8145001A9A04707B0F0BD07B580699B
:10E3000028B10368ADF80410DB6901A9984703B090
:10E310005DF804FB13B5806940B1046824688DF88A
:10E3200000108DF8012001936946A04702B010BD8E
:10E3300010B50446FCF796F8FCF768F82168BDE8CC
:10E340001040FCF7DEB810B50446FCF78BF8FCF77C
:10E350005DF821680322BDE81040FCF7CCB890F8C6
:10E36000443007B553B1002380F8443080F84C3076
:10E37000806918B1036801A91B69984703B05DF86B
:10E3800004FB07B590F8153143F0010380F815310F
:10E3900090F81D3123F0010380F81D3190F82331EE
:10E3A00013F0010206D023F0010380F8233103B0FB
:10E3B0005DF804FB80690028F9D00368ADF80420FB
:10E3C0005B6801A99847F2E710B4D0E9013201680F
:10E3D000541001EB6200D20748BF0A595DF8044BA4
:10E3E00048BFD358184730B4D0E9013204685510FB
:10E3F00004EB6200D20748BF625930BC48BFD35813
:10E40000184700001FB5C36908491A6812680391CC
:10E4100007490191002100900291184669469047F2
:10E420006846D0F7B1FA05B05DF804FBE843070091
:10E43000B5F205001FB503680849D869026812687B
:10E4400000930023CDE90133039169469047684664
:10E45000D0F79AFA05B05DF804FB00BFC04407008E
:10E46000006A0368D3F8B430184737B50546086822
:10E470008B88009068460C46ADF80430FFF7E5FE47
:10E48000B0B195F838305BB1012385F82C302368A2
:10E49000C5F83E30A388A5F84230002003B030BD57
:10E4A000286A036821461B6998470028ECD0F5E7E5
:10E4B0000420F3E737B54B7805460C468BB9406826
:10E4C00020B103680A7A5B6849689847A86940B137
:10E4D00003686168227A0091DB6A8DF8042069463E
:10E4E000984703B030BD2DE9F041436888B0054638
:10E4F0000C4623B30B7813BB06AE3046FCF7C9FAC3
:10E50000296A95F82C200B68E2B99B683046984739
:10E510006F68A27B3B6896E80300D3F8008095F80B
:10E520002C3003908DF80830A068A389ADF8101046
:10E530000090ADF804306168E37B3846C04708B00E
:10E54000BDE8F081DB68E1E77FB58B7B012B0446FA
:10E550000E4603D00125284604B070BDCB7B012BAD
:10E56000F8D101F10800FFF77AFE05460028F1D046
:10E5700094F83B307668022B12D0032B1FD0012B6E
:10E58000E9D1A06A01F0CEFA0028E3D0206A03683E
:10E590004FF00502D3F8B030314698470025DAE74E
:10E5A000E06903681A68084B03930023CDE901333F
:10E5B0000096694690476846D0F7E6F9CBE7E069F0
:10E5C00003681A68014BEFE7B4440700A84407004A
:10E5D00070B505460C46FFF7B7FF50B121462846F7
:10E5E000FFF781FFA869036821461B6ABDE87040F8
:10E5F000184770BD70B50546806A0C4601F092FA66
:10E6000048B195F83D30022B05D1E3791BB1204686
:10E61000FFF725FE30B9A86903682146DB68BDE82D
:10E620007040184770BD4FF00C01FFF719BF73B56C
:10E6300090F81051044605BB90F8443080F84C50D7
:10E64000012B0FD1FFF7EFFF0246206A036882B16A
:10E650009E6E00952B462A462946B04738B90323BB
:10E6600084F8443004F1900005F04CF8002002B02A
:10E6700070BD5B6E11469847F0E70520F7E7000094
:10E6800090F84420022A08B505D00A490A4840F209
:10E69000FE4207F055FD49B190F84C30012280F858
:10E6A00044202BB9BDE80840FFF7C1BF80F84410F3
:10E6B00008BD00BF284307006643070090F84430B8
:10E6C00013B504463BB1FFF7B2FFA06918B1036868
:10E6D00001A91B69984702B010BD0068FFF7EEBFA3
:10E6E00010B50446FFF79FFF38B1206A03681B6D21
:10E6F00098470F2828BF0F2010BD0120FCE7B1F577
:10E70000486F28BF4FF44861062938BF06210180B1
:10E710007047B1F5486F28BF4FF448610A2938BFE8
:10E720000A210180704700002DE9F04190F83A314C
:10E730008AB00C46002B34D085695DB32B68D1F8C4
:10E74000048009895F6A04A8FFF7D9FF618905A8D9
:10E75000FFF7D5FFA689E18940F2F3139E4206A890
:10E7600028BF1E46FFF7D5FFBDF81030ADF82030AA
:10E77000BDF81430ADF82230BDF81830CDF81C804B
:10E78000ADF82460ADF8263007A92846B8470AB08E
:10E79000BDE8F0810A490B4800952B462A4607F050
:10E7A000F3FE006A0268CDE90233CB8901938B89BD
:10E7B0000093D2F8A8504B890A894968A847E6E730
:10E7C0008D430700480118802DE9F043866987B022
:10E7D0000C463EB34D783368D1F804900989D3F8DC
:10E7E0002880002D684618BF0B25FFF788FF678932
:10E7F000A18940F2F3139F4201A828BF1F46FFF7EB
:10E8000088FFBDF80030ADF81030BDF804308DF849
:10E810000850CDF80C90ADF81270ADF8143002A984
:10E820003046C04707B0BDE8F083F0B585690C46B7
:10E8300087B01646194625B32B68E4B2002C68460B
:10E8400018BF0B249F6AFFF75AFFBDF8341001A8C8
:10E85000FFF75FFFBDF80030ADF81030BDF8303085
:10E860008DF8084040F2F312934228BF1346ADF8EA
:10E870001230BDF804300396ADF8143002A92846D2
:10E88000B84707B0F0BD00002DE9F04790F83A41D5
:10E890008AB00D46BDF84880BDF84C901E468CB33A
:10E8A000846944B32368114604A8D3F824A0FFF771
:10E8B00026FF314605A8FFF722FF494606A8FFF7C5
:10E8C00028FFBDF81030ADF82030BDF81430ADF899
:10E8D000223040F2F313434528BF4346ADF82430BD
:10E8E000BDF818300795ADF8263007A92046D04767
:10E8F0000AB0BDE8F087084908480094234622463C
:10E9000007F042FE006A0568CDE90244CDE90089BE
:10E91000D5F8A840A047EBE78D43070048011880D1
:10E920002DE9F0410B7A90B005460C460BB980F802
:10E9300010316378002B36D0AC698CB3236801AFFB
:10E9400003AE3846D3F8208005ADFCF7A2F8304678
:10E95000FCF79FF82846FCF79CF80D238DF81C3037
:10E96000FF23089397E803000990ADF8281096E874
:10E9700003000B90ADF8301095E803004FF47F438F
:10E98000ADF82A3000224FF448630D90ADF83810EE
:10E99000ADF83230ADF83A200F9307A92046C047B2
:10E9A00010B0BDE8F0812846FFF73DFE40B9237A5C
:10E9B000012B11D195F8153123F0010385F815319C
:10E9C000237A012B08D105F1500004F09BFE286A40
:10E9D000036800219B6B9847218AD4F8048003A820
:10E9E000FFF78DFE668AA18A40F2F3139E4205A8C6
:10E9F00028BF1E46FFF78DFED4F80A000990E08973
:10EA0000ADF82800607A8DF82B000023D4F81600AA
:10EA1000BDF80C108DF81C300B90ADF83E30608BBB
:10EA2000AB69277ABDF81420ADF83000ADF832108C
:10EA3000E069218C0D90ADF83810CDF820808DF86C
:10EA40002A70ADF83A60ADF83C2007A9284613B10A
:10EA5000FFF7BEFDA4E7FFF746FDA1E708B50622D4
:10EA60000FF0CEFDB0FA80F0400908BD0022027020
:10EA70004270704770B5044686B0002545604A482C
:10EA800063620A9B256300F108065C30C4E90A351D
:10EA9000A0604FF0007345482660A36304F13E0672
:10EAA0004FF48073C4E90712A387C4E90305A58660
:10EAB0003046FBF7EEFF84F84450A4F8465084F843
:10EAC0004850A4F84A5084F84C5004F1500004F027
:10EAD0009FFE04F1900004F09BFE04F1D00004F0CE
:10EAE0005DFE84F8105104F21110FFF7BFFF04F22D
:10EAF0001310FFF7BBFF04F21510FFF7B7FF04F286
:10EB00001710FFF7B3FF04F21910FFF7AFFF04F27D
:10EB10001B10FFF7ABFF04F21D10FFF7A7FF04F275
:10EB20001F10FFF7A3FF04F22110FFF79FFF04F26D
:10EB30002310FFF79BFF206A84F836510368A4F87E
:10EB400026511B68A4F82851A4F82A51A4F82C5186
:10EB5000C4F838519847206A154A03680592154A47
:10EB6000D3F8C4300294CDE9032502A9984702A83E
:10EB7000CFF70AFF216A0B686846DB689847009B5D
:10EB8000C4F83E30206ABDF80430A4F8423003686F
:10EB90002146D3F8C8309847A06A04F1080100F074
:10EBA000BBFF204606B070BD08440700E0430700E5
:10EBB000F44307007DF60500CB0801F00701C05CB7
:10EBC000084100F00100704790F838302DE9F74F08
:10EBD0000546884693462BB900F13E04204603B013
:10EBE000BDE8F08F806A00F093FF0446A86A00F049
:10EBF00091FF95F8103195F83CA095F83A900746AA
:10EC0000002B3DD195F8443003B3BAF1000F14BF87
:10EC100006462646B8F1010F34D0B8F1020F06D0EF
:10EC2000B8F1000F3AD1BAF1000F18BF3C46684660
:10EC3000FBF72FFF69462046FFF710FF80BB002E31
:10EC4000CCD0B4420CBF34460024C7E7594605F285
:10EC50001510FFF7B1FF38B9594605F21D10FFF73F
:10EC6000ABFF06460028D5D0594605F21B10FFF72A
:10EC7000A3FF28B9B9F1000F0CBF26463E46C9E7ED
:10EC80002646C7E7594605F21B10FFF795FF0028F7
:10EC9000CDD1B9F1000F18BF3C46C8E70024C6E744
:10ECA00000249BE730B5002289B011460446FFF7E7
:10ECB0008BFF0390002858D02046FFF7B4FC03993F
:10ECC000B0B194F844301BB9206A03681B699847B7
:10ECD000206AB4F84A20036800929D6E94F8482098
:10ECE000B4F846300121A847002839D009B030BD1A
:10ECF000B4F84A30002B3AD194F844305BB994F818
:10ED00001531DA0707D494F81D31DB0703D4206AE4
:10ED100003681B699847206A94F848200368003A02
:10ED20005B6E18BF01220121984705460028DDD1FE
:10ED300004F19000039004F0E5FCB4F84630039829
:10ED400073B10C4A079242F21072A3FB022304A98A
:10ED5000CDE90445069504F002FD04A8CFF714FEA2
:10ED6000022384F844300020C0E70620BEE70420D8
:10ED7000BCE700BF6C44070038B50446406808B9DA
:10ED8000606038BD0569142107F0EAFF2846F6E700
:10ED900010B5034B03600446FFF7EEFF204610BD9D
:10EDA000E043070010B50446FFF7F2FF20460C21B0
:10EDB00007F0D6FF204610BD38B50E4B0E4D03F1BF
:10EDC00008025C3383600D4B0260044640F8D03F7C
:10EDD000D0F760F8204640F8905FD0F75BF8204607
:10EDE00040F8505FD0F756F804F10C00FFF7D0FF61
:10EDF000204638BD08440700B4490700D443070043
:10EE0000002303704370704738B5044600250C306A
:10EE1000FFF7B2FF04F19000A56184F8105184F867
:10EE2000395084F8445084F84C5084F83B5104F035
:10EE300069FC206A03689B6D984704F2111084F8FE
:10EE40003651A4F83851FFF7DBFF04F21310FFF737
:10EE5000D7FF04F21710FFF7D3FF04F21510FFF7E6
:10EE6000CFFF04F21D10FFF7CBFF04F21F10FFF7D6
:10EE7000C7FF04F22110FFF7C3FF04F21910FFF7D8
:10EE8000BFFF04F21B10FFF7BBFF04F1500004F0BA
:10EE900039FC284638BD10B5CC080122035D01F0CD
:10EEA00007018A4023EA0203035510BDCA08012363
:10EEB00001F007018B40815C0B43835470472DE9BF
:10EEC000FF4190F836710025044680F83851002F34
:10EED0003ED000F21D1829464046FFF76DFEB8BB34
:10EEE00001350F2DF7D1206A04F59972036801925C
:10EEF00004F593760096DD6B3A4604F5977301218D
:10EF0000A8470746C8B9254604F2211794F83621C8
:10EF10002B1B9A4219D936F8023B95F82E11384628
:10EF20005BBB95F8323143BBFFF7C0FF95F82E115C
:10EF30004046FFF7BBFF0135E8E7A3692BB1254643
:10EF400094F836212B1B9A4205D8002384F83631D9
:10EF500004B0BDE8F08195F82E114046FFF79BFF05
:10EF6000A06995F82E2103688DF80C205B688DF858
:10EF70000D7003A998470135E2E7FFF78CFFD5E74D
:10EF80002DE9F041044686B000F21D100D461646EC
:10EF90009846FFF711FE002840F0AF80294604F2A2
:10EFA0001F10FFF709FE002840F0A7802046FFF75A
:10EFB00097FBA84204D80425284606B0BDE8F08196
:10EFC000294604F21110FFF7F7FD0028F3D0294677
:10EFD00004F21910FFF7F0FD38B1294604F21B10B6
:10EFE000FFF7EAFD08B10625E6E72A46012120469B
:10EFF000FFF7EAFD07460028F5D02046FFF713FB90
:10F0000000283FD0294604F21510FFF7D5FD50B96E
:10F01000206A036839461B699847206A03683A46A4
:10F020005B692946984794F83631042B21D094F82F
:10F030003621A31804EB420183F82E51A1F8266172
:10F0400083F8328194F83851013284F83621002D4A
:10F0500055D1E0692B4A036802A91B680592CDE9E6
:10F0600002450495984784F8380102A8CFF78CFC34
:10F07000A2E72046FFF723FF94F83631002BD6D0C5
:10F08000072599E7002D96D194F8443043B994F8B8
:10F090001531DB0704D4206A036839461B69984799
:10F0A000206A036801219B6B98470546002883D19D
:10F0B00004F15000019004F025FBB3B201987BB13C
:10F0C000114A0592114A0294CDE9032542F21072C9
:10F0D000A3FB022302A904F042FB02A8CFF754FCD1
:10F0E00094F8213143F0010384F8213194F81D3163
:10F0F00043F0010384F81D315EE705255CE7002538
:10F100005AE700BF84440700E843070005E4050010
:10F1100010B5044699B1002380F84430FFF783FA14
:10F1200020BB94F81F2194F8153112F0010103F06F
:10F13000010305D02BB194F81D31DB0716D510BDA6
:10F14000A3B994F81D3113F001030FD171B122F06E
:10F15000010284F81F2119461A462046FFF710FFC6
:10F1600094F8233143F0010384F8233194F84C30B0
:10F17000002BE4D02046BDE81040FFF793BD1FB53B
:10F1800090F8153190F81F2123F0010380F8153114
:10F1900090F81D3123F0010380F81D31D307044698
:10F1A00019D590F84430B3B922F0010280F81F213C
:10F1B00019461A46FFF7E4FE94F8233143F00103A1
:10F1C00084F8233194F84C303BB1204604B0BDE8BC
:10F1D0001040FFF767BDA06908B904B010BD03680F
:10F1E0009A680023CDE901334FF48033039301A9DA
:10F1F0009047F2E70068FFF762BE0068FFF75FBE66
:10F2000030B587B004460191FFF76AFA0199884248
:10F2100003D80425284607B030BD04F2111001912F
:10F22000FFF7CAFC0028F4D0019904F21D10FFF783
:10F23000C3FC00283AD1019904F21510FFF7BCFC79
:10F24000019908B90025E5E720460191FFF7EBF9A0
:10F250000199B8B104F21310FFF728FE94F8395160
:10F26000002DEFD1E069124A036802A91B680592DC
:10F27000CDE902450495984784F8390102A8CFF7F3
:10F2800083FBC7E70029C4D1206A03689B6B9847BA
:10F2900005460028BED104F1500004F033FA94F87A
:10F2A0001D3143F0010384F81D31B3E70525B1E7B3
:10F2B0007844070090F81531DB0702D50021FFF7ED
:10F2C0009FBF70472DE9F04300248BB007462646C8
:10F2D00000F2131521462846FFF76EFC50B106F1E7
:10F2E00028036B44013603F8104C21462846F6B239
:10F2F000FFF7D1FD01340F2CECD116B3386A00248E
:10F300000368CDE900440DF11808DD6B3246434631
:10F310002146A8470546D0B1A146B86918F804208F
:10F3200003688DF80C209B68CDF81090ADF8149010
:10F330008DF816908DF8175003A901349847A6420E
:10F34000EBD8002387F839310BB0BDE8F08307F222
:10F350001D1418F8011B20460135FFF7A7FDAE422A
:10F36000F7D8EEE70068FFF7ADBF0068FFF7AABF68
:10F370002DE9FF47D1E9005604462E4400F2151846
:10F3800000F21D1900F22317B54214D194F8383158
:10F3900073B9E0691949026812680391CDE9004325
:10F3A00002936946904784F838016846CFF7ECFA33
:10F3B00004B0BDE8F08729784046FFF777FD15F8DF
:10F3C000011B4846FFF767FD15F801AC384651466A
:10F3D000FFF7F2FB20B151463846FFF75CFDD3E75B
:10F3E000A369002BD0D01A68694652688DF80100D5
:10F3F0008DF800A018469047C6E700BF904407006C
:10F400002DE9F04390F8383085B004460E46002BC5
:10F410005ED090F83930E3B1806A00F079FB0546A0
:10F420006846FBF736FB69462846FFF717FB80B9AD
:10F43000A06A00F06FFB054602A8FBF72AFB02A9B1
:10F440002846FFF70BFB20B984F83900A069002893
:10F4500041D1002504F21D1704F2151804F21B19FE
:10F4600029463846FFF7A8FBD0B929464046FFF7A2
:10F47000A3FBA8B129464846FFF79EFB86420FD161
:10F48000294604F22110FFF797FB48B1E9B2204664
:10F49000FFF7B6FE20B9294604F21F10FFF706FD5C
:10F4A00001350F2DDCD194F83C3083F001039E42EE
:10F4B0000ED194F84450012D0AD1B4F846303BB92E
:10F4C000B4F84A3023B92046FFF7B1F884F84C501D
:10F4D00005B0BDE8F0830368DB6B9847B9E701210D
:10F4E000FFF78EBFA0F10800FFF7F9BF0021FFF77B
:10F4F00087BFA0F10800FFF7F9BF00002DE9F04336
:10F50000CDB285B0044616461F4645BBB3F1000890
:10F5100018BF4FF00108314604F21510FFF7BBFC8D
:10F5200004F21F19314604F21D10FFF7B4FC3146F6
:10F530004846FFF741FBE8B1E7B931464846FFF7D7
:10F54000AAFC31463B463A462046FFF719FD3146B4
:10F5500004F22310FFF7AAFC05B0BDE8F0833C2DB0
:10F560004FF0000803D0432D03D10F25D3E70E251C
:10F57000D1E70B2594F8393173B9E0691149026874
:10F5800012680391CDE9004302936946904784F8DD
:10F5900039016846CFF7F8F9A0690028DCD0036884
:10F5A0009DF830209B688DF8082000228DF80060BF
:10F5B00001978DF809808DF80A208DF80B50694667
:10F5C0009847C9E79C4407002DE9F04F064693B0E1
:10F5D0000C460025236820469B689847A84202D81D
:10F5E00013B0BDE8F08F2368EAB2DB68214605A8B6
:10F5F0009847B2699DF815A0002A39D09DF81420CB
:10F600009DF924B0042A98BF1A4B0DF1040803AFEA
:10F61000404694BF13F802904FF00009FBF739FA07
:10F62000DDE907123846FCF723FE134B0C93002349
:10F63000DDF81600ADF83430BDF81A200A90FF232B
:10F640008DF83730ADF82C208DF82E908DF82FA046
:10F650008DF836B098E803000E90ADF83C1097E8AE
:10F66000030012AB03E903000AA93046FEF7C2FF0C
:10F670000135AFE7004407000100FF7F0B78013B35
:10F68000042B0FD8DFE803F00603080C0A00043946
:10F69000FFF79ABFFFF744B9FFF796B8FEF70ABF26
:10F6A000FFF742B870472DE9F04F88468BB081696B
:10F6B0009DF850A0159C1E4605469DF8683000290F
:10F6C0003CD0002A3DD092F800B004B124789DF8D7
:10F6D00070201D996F4638465FFA83F9FCF7C8FD24
:10F6E0001B9B3068B28802901868ADF80C20069019
:10F6F0009DF858209B888DF8122097E803009DF90B
:10F700005C208DF81320ADF81C30BDF86420ADF8F6
:10F7100014200AAB03E903009DF960208DF80E80E8
:10F7200002A928468DF80FB08DF810A08DF8114071
:10F730008DF816208DF81790FEF75CFF0BB0BDE832
:10F74000F08F4FF0FF0BC0E72DE9F047846986B0DA
:10F7500088469DF838A017461E46CCB123681099FC
:10F760009DF83C20D3F818906D462846FCF780FDA4
:10F7700095E8030006AB03E90300ADF808808DF8B7
:10F780000A708DF80B608DF80CA002A92046C847BE
:10F7900006B0BDE8F08741657047806810B1036826
:10F7A0001B6818477047A0F10400FFF7F6BF036815
:10F7B0000BB108461847704730B4D0E901320468ED
:10F7C000551004EB6200D20748BF625930BC48BFF5
:10F7D000D358184770B4D0E901340568661005EBBA
:10F7E0006400E40744BFAC59E35870BC18470000FC
:10F7F000224B30B5044603F108021C336360204BF2
:10F8000022600025C4E903351E4BA564C4E9063512
:10F810001D4B1E4AE163C4E91055C4E909351C4B70
:10F82000A560C4E90C351B4BE36485B00B68256506
:10F830009B6C0392184A84F85C50CDE90125084678
:10F84000C4E915556946009498476846CFF79CF877
:10F85000E06B124A0368DB6C0392114A0094CDE915
:10F860000125694698476846CFF78EF8E06B036834
:10F87000211D1B6D9847204605B030BD044507008B
:10F880002C3F07001C3F0700D4440700F844070042
:10F89000E4440700AFF705004DF90500EC4407000C
:10F8A000CDF80500806D10B183688B4200D17047A0
:10F8B000C068F8E710B50446FFF7F4FF28B1036805
:10F8C00021469B68BDE81040184710BD10B50246A0
:10F8D000FFF7E8FF28B10368BDE81040DB68114678
:10F8E000184710BD38B50446806A0D4630B938BD9A
:10F8F000C36829469847E36A23B9A06AE0620028F2
:10F90000F6D1F4E71869F9E71FB50023CDE9013313
:10F91000137800911B2B04D01D2B11D005B05DF87E
:10F9200004FB5388ADF8043001238DF8063093684A
:10F93000ADF80830694653680393FFF7D3FFEDE74E
:10F940005388ADF804300223EFE7000010B41478B8
:10F950001D2C0FD80123A340084C1C4034B913F0D0
:10F96000205F07D05DF8044BFFF7CEBF5DF8044B76
:10F97000FFF7A0BF5DF8044B704700BFAAAA8A0238
:10F9800038B50446406808B9606038BD056914217F
:10F9900007F0E6F92846F6E738B50446406808B9A6
:10F9A000606038BD0569142107F0DAF92846F6E7EA
:10F9B00070B5044600F13006FAF754FDFAF722FD5F
:10F9C0000546606BA063B0B93046FFF7D9FF04F17C
:10F9D0000C00FBF751FF04F11800FBF741FF04F1A5
:10F9E0002400FFF7D9FF012384F85C30A06D50B9E3
:10F9F00084F85C0070BDC36829469847A36B002B50
:10FA0000DFD01869DEE7036821461B699847EDE7F8
:10FA100038B504460D466068A06000B938BDC368BB
:10FA200029469847A368002BF5D01869F4E71FB55D
:10FA30000024CDE901440394009102246946183062
:10FA40008DF80640ADF80420ADF80A30FFF7E0FF6E
:10FA500004B010BDA0F10400FFF7E9BF0A46034659
:10FA600000F1680110689866186A9288A3F86C2003
:10FA700010B103681B681847704773B54D6801F1F2
:10FA80000F022B6800920C465E6A017A00F10F03A8
:10FA900000F109022846B04794F87930002001337C
:10FAA00084F8793002B070BD704710B5202104464B
:10FAB00007F056F9204610BD38B504461348A38117
:10FAC000C4E9000100250021A26004F10F0010220A
:10FAD0000EF0CCFD256204F1280003F05FFE04F176
:10FAE0006800FAF7D6FF04F16E00FAF7D2FF6068FB
:10FAF000A4F87850036865671B68984760680368D6
:10FB000021465B6B9847204638BD00BF444507003F
:10FB1000683070476E307047016270474068036814
:10FB20005B69184790F87900704738B50446606FF4
:10FB300000B938BDD0E900355B6898476567F6E7DE
:10FB400038B504460B4B0360FFF7EFFF60680368AE
:10FB50005B68984704F12805074BA362284603F029
:10FB6000D1FD04F15000CEF70FFF284603F024FF2B
:10FB7000204638BD444507009C49070090F878307E
:10FB800070B504460BB109B970BD31B1606F20B1D9
:10FB9000D0E900355B6898476567656F1DB984F8E3
:10FBA0007850F1E735462B6821469B6828469847F0
:10FBB00040B1D5E9003628465B689847002EF1D160
:10FBC0006667E1E7012384F878302E46F8E70121E3
:10FBD000FFF7D4BF436F1BB941670021FFF7CEBFCA
:10FBE0001A465B68002BFBD15160F6E7F8B5064674
:10FBF0000F462020114915461C4607F0ADF8014676
:10FC0000D0B1002343600E4B03602B68C0F809306D
:10FC1000AB88A0F80D30077200F10F02234604F103
:10FC2000100053F8044B42F8044B8342F9D130469C
:10FC3000FFF7D0FF0020F8BD0720FCE75C5D070060
:10FC400030450700F0B585B004460D461646002144
:10FC5000102268461F460EF009FD1022694604F185
:10FC60000F000EF0CDFC60B12046FFF757FF58B1F2
:10FC70003B4632462946204605B0BDE8F040FFF736
:10FC8000B5BF062005B0F0BD0220FBE770478069D4
:10FC900003684FF000021B69184770B5054680697C
:10FCA000134602680C46D66A0A4605F13401B0478D
:10FCB000603522461034106851682B4603C3083261
:10FCC000A2421D46F7D170BD70B5C46A2CB908496F
:10FCD000084840F2927206F033FA236820465D6DC0
:10FCE000DB6C98472B46411C2046BDE87040184706
:10FCF0004C45070096450700A0F10800FFF7E4BF58
:10FD000013463AB1917D006BC943063301F00101FE
:10FD1000FFF798BF704770B4D0E9013405686610EA
:10FD200005EB6400E40744BFAC59E35870BC1847C6
:10FD300070B4D0E901340568661005EB6400E4078F
:10FD400044BFAC59E35870BC184770B4D0E90134D3
:10FD50000568661005EB6400E40744BFAC59E3583E
:10FD600070BC1847037819B143F00403037070475F
:10FD700003F0FB03FAE7C36A2BB1006A03684FF094
:10FD800008025B6918470920704738B5044600250A
:10FD9000C0E900550830FAF77CFEE573257420466B
:10FDA00038BD10B500F18C03F030834201D100233F
:10FDB00007E0DC7B2246E40705D442F00102DA7357
:10FDC0001960184610BD1433EFE710B58C23F02BE3
:10FDD00000EB030202D10022104610BDD47BE407E1
:10FDE00002D5C4588C42F7D01433F0E7C36A70B51B
:10FDF00004468BB1FFF7E9FF80B1037C206A94F8D9
:10FE00008620DB070368BDE87040DB6A4CBF42F028
:10FE1000040202F0FB021847092070BD0420FCE731
:10FE200010B51446FFF7D1FF40B1037C64F34103E2
:10FE300003741CB9DBB264F34513037410BD10B531
:10FE400004460022FFF7ECFFA0690368BDE81040FC
:10FE50005B68012218470000F7B5144601220646E8
:10FE6000FFF7DEFF0C4A0D4605230A20B4FBF2F132
:10FE700001F130070DF80370013B02FB1144591CDE
:10FE800092FBF0F2F2D1B06920B103686A465B6977
:10FE90002946984703B0F0BDA086010010B504467E
:10FEA0000122FFF7BDFFA06920B10368BDE8104043
:10FEB000DB69184710BD70B5054614460122FFF7EF
:10FEC000AFFFA86928B1036822461B6ABDE87040ED
:10FED000184770BD10B504460122FFF7A1FFA069C5
:10FEE00020B10368BDE810409B69184710BD0000B1
:10FEF00013B5C46A2CB90A490A4840F2617206F087
:10FF00001FF90192FFF761FF40B1236841685B6C04
:10FF1000019A204602B0BDE81040184702B010BD5B
:10FF20004C45070096450700A0F10800FFF7E0BF29
:10FF30002DE9F041C76A054616462FB915491648FE
:10FF400040F69A0206F0FCF8FFF73FFF0446F0B1D6
:10FF50003B6841689B6838469847C0B1237CC279AA
:10FF6000C3F340039B0102F03F0263F07F0313439E
:10FF7000C371E86A6168036832469B6A9847E86A19
:10FF80006168036832469B69BDE8F0411847BDE8E7
:10FF9000F08100BF4C450700964507002DE9F04170
:10FFA000C76A054616462FB91049114840F6B602F1
:10FFB00006F0C6F8FFF709FF0446A0B13B684168A8
:10FFC0009B683846984770B1237CC279C3F34003DD
:10FFD00063F38612C271E86A6168036832469B6AFD
:10FFE000BDE8F0411847BDE8F08100BF4C4507006F
:10FFF0009645070037B5C46A2CB90C490C484FF434
:0200000260009C
:100000000D6206F09DF8CDE90023FFF7DEFE50B14A
:100010002168DDE90023CD6A4168AC46204603B083
:10002000BDE83040604703B030BD00BF4C4507001D
:10003000964507002DE9F041C76A054616462FB9D7
:100040000C490D4840F6E10206F07AF8FFF7BDFED4
:10005000044668B13B6841689B683846984738B1A8
:10006000E86A6168036832469B69BDE8F041184759
:10007000BDE8F0814C4507009645070037B5C46AD6
:100080002CB90C490C4840F6F90206F059F8CDE9B4
:100090000023FFF79AFE50B12168DDE90023CD6906
:1000A0004168AC46204603B0BDE83040604703B02D
:1000B00030BD00BF4C450700964507002DE9F041D3
:1000C000C76A054616462FB90C490D4840F60B1273
:1000D00006F036F8FFF779FE044668B13B684168E0
:1000E0009B683846984738B1E86A616803683246C9
:1000F0001B6BBDE8F0411847BDE8F0814C45070097
:10010000964507002DE9F041C46A06468846174621
:100110002CB91649164840F63A1206F011F8FFF7C6
:1001200054FE0546F8B1236841689B68204698470D
:100130000446C0B12B7CC279C3F3400363F345127C
:10014000C271F06A696803683A461B6C9847B069E7
:10015000E3790268146B41463A46A446C3F3401360
:10016000BDE8F0416047BDE8F08100BF4C450700A5
:100170009645070070B5C66A14464EB3FFF725FED4
:10018000054608B9042070BD336841689B68304655
:1001900098470028F6D0EB7B13F0200211D0C379EA
:1001A0005A0603D4287C10F0020007D01B0603D5A2
:1001B000042323700020E6E70323FAE702232370D9
:1001C000E1E713F0080001D00123F2E72070DAE73D
:1001D0000920D8E737B5C56A14462DB90C490D4832
:1001E00040F6251205F0ACFF0193FFF7EEFD68B174
:1001F0002968019BE2B24C6B4168B2FA82F2520963
:100200002846A44603B0BDE83040604703B030BD87
:100210004C4507009645070070B504461546002278
:10022000FFF7FEFDA0690E4628B1036865F07F0266
:100230005B68D2B2984731462046FFF7C6FD68B1E9
:10024000C37B03F01803182B08D1A06930B10368F1
:10025000BDE870401B694FF00002184770BD0000F8
:100260007FB5C66A04460D462EB9114911484FF4B0
:10027000E86205F065FFFFF7A8FD78B10E4A336824
:1002800003920E4A01920022029242689B6B0094F4
:100290003046694698476846CEF776FBA069036802
:1002A0005B680022294604B0BDE87040184700BFD3
:1002B0004C450700964507009C45070001FD0500D9
:1002C00000F18C03F030834202D1002318467047BE
:1002D000DA7BD20702D55A688A42F7D01433F2E7A4
:1002E000F7B5C76A064614462FB91549154840F2B6
:1002F000B95205F025FFFFF7E3FF0546F0B13B6873
:1003000041689B6838469847C0B1BCB1C779306A2C
:10031000296802683D06C7F3801306D5556B22464F
:10032000AC4603B0BDE8F0406047019304F1100310
:100330000093156B04F112032246A84703B0F0BDE9
:100340004C45070096450700F7B5C76A06461546AF
:100350002FB9124912484FF4BB6205F0F1FEFFF7C6
:10036000AFFF044690B13B6841689B6838469847A8
:10037000034658B1306A216802684DB1DB79DC0967
:100380000094D46BC3F380132A46A04703B0F0BD9A
:10039000136C03B0BDE8F040184700BF4C450700A0
:1003A0009645070073B506461546FFF789FF0446D4
:1003B00090B18DB1F06A616803689B689847034605
:1003C00050B1306ADB79026829690091166D2168A5
:1003D000C3F340132A46B04702B070BD2DE9F04187
:1003E000C76A064615462FB9104911484FF4C36233
:1003F00005F0A6FEFFF764FF0446A0B19DB13B687F
:1004000041689B6838469847034660B1B06950B16F
:100410000268DB79166B21682A46B446C3F34013A1
:10042000BDE8F0416047BDE8F08100BF4C450700E2
:100430009645070030B587B00C4601A8FFF7A5FC2C
:1004400005AD01AA2346144603CCAC42186059609E
:10045000224603F10803F6D122781A7007B030BDA6
:1004600038B5C36A04462BB90D490E484FF4D4621F
:1004700005F066FEFFF7A9FC054678B1206A03681F
:100480005B6D9847E06A6968036801225B6F984773
:1004900029462046BDE83840FFF7CCBF38BD00BF35
:1004A0004C45070096450700A0F10400FFF7D8BFB0
:1004B00073B5C66A05462EB91A491B484FF4C76280
:1004C00005F03EFEFFF781FC044688B133684168C1
:1004D0009B683046984758B195F886301B0709D578
:1004E00005F13A01FEF7BAFA237C60F30413237492
:1004F00002B070BD237CC3F3800262F30413237443
:1005000005F170010191FEF7A9FA30B9019904F1E2
:100510000800FEF7A3FA0028EAD0237C43F010037A
:10052000E5E700BF4C450700964507002DE9F0437D
:10053000C36A85B004460E46002B54D0FFF745FC35
:100540000546002851D094F889301BB994F88630BC
:100550001B074CD5314600222046FFF761FC2046A0
:10056000FFF7A6FF95F8108094F8872095F80F9074
:1005700094F8867095F90F5018F0010FC2F3C0037C
:1005800018BF47F00407002D43F00203ACBFC2F3CD
:100590008001C9F3801102A88DF80830FFF7E2FB53
:1005A00094F88A2094F887300AB18DF80830002D2D
:1005B0008DF80C3004DAC9F3801103A8FFF7D2FBE1
:1005C000206A0368DC689DF80C308DF804309DF8D3
:1005D00008308DF80030C8F300123B463146A04782
:1005E00005B0BDE8F0830920FAE70420F8E706200B
:1005F000F6E738B504460D46FFF7E7FB28B390F958
:100600000F30C17B002B17DA11F0400F1DD0037C97
:1006100040330374DAB203F0C003C02B15D1134684
:100620006FF3871311F0040F03742946204608D096
:10063000BDE83840FFF77ABF94F8873013F0040F15
:10064000E4E7BDE83840FFF7D1BB38BDA0F10800B2
:10065000FFF7CFBF2DE9F04105461746FFF7B5FB81
:100660000E46044640B3FBB2022B0DD1C37B23F0F0
:10067000380343F02003E373A86903683A46314620
:100680001B69BDE8F0411847DA1E012A05D8C37B73
:1006900023F03A0343F02203EDE7002BECD1C37BB8
:1006A00003F01803082BE7D101682846FFF73EFF47
:1006B000E37B43F01003E373BDE8F0812DE9F043E1
:1006C000C36A85B006460F46002B54D0FFF77DFB6A
:1006D0000446002851D03046FFF7EAFE94F8108017
:1006E000A37B96F8869096F88A1096F8875018F0B3
:1006F000010F03F00F0218BF49F0040903F00403CF
:10070000002935D02A408DF808205BB194F90F30CC
:10071000002BB6BFE17BC5F38001C1F3801102A8B5
:10072000FFF720FBA37B05EA13138DF80C305B0762
:100730000BD594F90F30002BB6BFE57BC5F38001D4
:10074000C5F3801103A8FFF70DFB306A03681C692D
:100750009DF80C308DF804309DF808308DF800308D
:10076000C8F300124B463946A04705B0BDE8F083F8
:1007700002F00A02C7E70920F7E70420F5E72DE9B0
:10078000F04190F889709DF818509DF81C6004465F
:100790000A462FB91B0703D4BDE8F041FFF7EBBAB7
:1007A00011462046FFF711FBB8B1037C05F00F0599
:1007B0006FF3410345EA06158573037494F8883096
:1007C00033B1A06948B10368BDE8F0411B68184720
:1007D0002046BDE8F041FFF771BFBDE8F0810000A1
:1007E0002DE9F041C76A04460E462FB92049214839
:1007F00040F62C0205F0A4FCFFF7E7FA054648B3E3
:100800003B6841689B6838469847804610B304F1BE
:1008100070073946FEF722F928B9394605F1080074
:10082000FEF71CF998B1314601222046FFF7F8FA8D
:10083000206A036804F176029B6E98473946404669
:10084000FEF70CF930B100232367BB8002E02B7C5C
:100850009A0601D5BDE8F08143F020032B74A0690E
:100860000028F7D0036831465B6ABDE8F0411847BD
:100870004C45070096450700F7B504460122FFF7EF
:10088000CFFA20460D46FFF7A0FAE8B1E36A4168C7
:100890001A68184692689047B0B104F13A0631469A
:1008A000FEF7DCF80246206A03687AB104F15002D0
:1008B00000925F6E04F1600204F140032946B847DC
:1008C0000023C4F83A30E38703B0F0BD5B694FF012
:1008D0000202294603B0BDE8F040184710B586B0C3
:1008E0000446684680E80C0006A800E90C00039165
:1008F00010E90700034BE36084E80700204606B0D8
:1009000010BD00BFB4450700F0B51F46C36A87B0ED
:10091000064615462BB92B492B4840F2716205F06B
:100920000FFCFFF73EFA0446002844D0EAB2DDE9A6
:100930000F01E37BA181B2FA82F2520962F38203D2
:10094000A060E373F06A03680CAA9B6E394698476F
:1009500060600146F06A03689B68984702460C98FD
:100960001060BDF83430938017F0FD0FD3790CBFC1
:100970000121002161F30003D37194F90F30002BA2
:100980001BDAE37B13F0400F15D0D3799B0712D508
:10099000F56A0E4A2B681F6A0C4B00933146002300
:1009A00002A80193FFF79AFF2846626802A9B84798
:1009B00002A8CDF7E9FF07B0F0BD96F8873013F035
:1009C000040FE1E74C45070096450700A503060024
:1009D000A0F10400FFF798BF10B586B00446684642
:1009E00080E80C0006A800E90C00039110E907005C
:1009F000034BE36084E80700204606B010BD00BF4B
:100A0000A84507002DE9F041C76A86B004460D46A7
:100A1000002F39D0FFF7D9F9064618B9042006B0DF
:100A2000BDE8F0813B6841689B68384698470028DC
:100A3000F4D0F37B5A0720D5C3795B0716D5E76A54
:100A4000124A3B680025D3F82480104B00932146BE
:100A50002B4602A80195FFF7BFFF726802A938462E
:100A6000C04702A8CDF790FF2846D8E72946204680
:100A700006B0BDE8F041FFF759BD2946204606B053
:100A8000BDE8F041FFF7B2B90920C8E7E10206006E
:100A9000F8B5C76A05460E465FB3FFF796F90446F8
:100AA00008B90420F8BD3B6841689B683846984700
:100AB0000028F6D0C279E37B51060AD59A071AD4EA
:100AC00043F00803E37331462846BDE8F840FFF7DA
:100AD00099BF227C5B0742F001022274314628460E
:100AE00003D5BDE8F840FFF721BDBDE8F840FFF7AA
:100AF0007DB90920D6E70020D4E700002DE9F041B8
:100B0000D0F82C8086B004460D461746B8F1000F89
:100B100043D0FFF75AF9064618B9042006B0BDE8DD
:100B2000F081D8F8003041689B684046984700281B
:100B3000F3D0C379990719D59A0600D4BFB9E76AEB
:100B4000174A3B680025D3F82080154B00932146B7
:100B50002B4602A80195FFF7C1FE726802A938462C
:100B6000C04702A8CDF710FF2846D7E737B129467E
:100B7000204606B0BDE8F041FFF78ABFF37B5B0774
:100B80002946204604D506B0BDE8F041FFF7CEBCAB
:100B900006B0BDE8F041FFF729B90920BEE700BF64
:100BA000DD0306002DE9F743C76A05460E46904669
:100BB000002F5BD0FFF709F9044618B9042003B0F1
:100BC000BDE8F0833B6841689B6838469847074614
:100BD0000028F3D001AA4FF00009314628468DF8CD
:100BE0000490FFF7C7FA9DF80420012A40D05FFA6D
:100BF00088F3934230D0042BE0D801A252F823F0BE
:100C0000710C0600BD0B0600150C06002B0C06002F
:100C1000390C0600E37B43F0080331462846E373B2
:100C200003B0BDE8F043FFF7EDBEFB79590608D5E8
:100C3000E37B9A0605D4EEE7FB7903F0C003C02BF3
:100C4000F6D0E37B314643F008032846E37303B054
:100C5000BDE8F043FFF71CBFA8690028AFD00368C8
:100C600042461B69314698474846A8E70920A6E74F
:100C70000820A4E7C36A70B504460D46164623B3A0
:100C8000FFF7A3F828B3C37B1B0720D4721E042AE6
:100C90001FD8DFE802F0030B0E1118004FF000021E
:100CA00029462046BDE87040FFF77CBF4FF00202A6
:100CB000F6E74FF00302F3E7002229462046BDE89D
:100CC0007040FFF71BBF0122F7E7092070BD082025
:100CD000FCE70420FAE700002DE9F041D0F82C8071
:100CE00005460F46D6B2B8F1000F05D11B491C4886
:100CF0004FF4F46205F024FAFFF767F8044658B39E
:100D0000D8F8003041689B684046984720B316F0F9
:100D1000080308D090F90730002BAABF95F8863059
:100D20000023C3F3C003710702D5C279520609D567
:100D300063B9E37B1B070FD439462846BDE8F04171
:100D4000FFF760BE237C43F0010323743946284635
:100D5000BDE8F041FFF7EABBBDE8F0814C45070074
:100D6000964507002DE9F043D0F82C8089B0054660
:100D700016461F46B8F1000F05D11649164840F631
:100D80005A1205F0DDF9FFF720F80446F0B1D8F863
:100D9000003041689B6840469847B8B1D5F82C8030
:100DA0000E4AD8F80030D3F810900C4B0293294625
:100DB000002304A80393FFF70FFE40460097334635
:100DC000221D04A9C84704A8CDF7DEFD09B0BDE87F
:100DD000F08300BF4C450700964507004903060015
:100DE000F0B5C66A87B005462EB90F490F4840F6E0
:100DF0008A1205F0A5F9FEF7E8FF044688B13368CA
:100E00000B4A5F690A4B00932946002302A801930D
:100E1000FFF7E2FD3046626802A9B84702A8CDF7A5
:100E2000B3FD07B0F0BD00BF4C4507009645070075
:100E3000490306004160704740687047806A036854
:100E40009B681847806A0368DB681847806A0368F4
:100E500082B01B69019202B01847806A0368DB699F
:100E6000184717B4806A01920468A469A44603B0C5
:100E70005DF8044B6047806A10B40468246AA44695
:100E80005DF8044B6047806A03685B6A1847806AB4
:100E900010B40468246BA4465DF8044B6047806A74
:100EA00010B40468646BA4465DF8044B6047806A24
:100EB00010B40468E46AA4465DF8044B604730B49B
:100EC000806A1D460468BDF808300295A46BA446EC
:100ED00030BC6047806A0368DB6B1847806A036830
:100EE0001B68184710B586B0806AADF80C204FF625
:100EF000FF720468ADF80E201A7864695AB912338B
:100F00000222CDE9043204AB0093039A4FF420533C
:100F1000A04706B010BD01331022F2E7436A13B1B7
:100F20001B6818301847704730B4D0E901320468A4
:100F3000551004EB6200D20748BF625930BC48BF6D
:100F4000D358184770B4D0E901340568661005EB32
:100F50006400E40744BFAC59E35870BC18474369C8
:100F600013B11B6808301847704713B51830884212
:100F70000C4606D00190CDF707FD01982146F9F700
:100F80008CFD02B010BD13B5083088420C4606D067
:100F90000190CDF7F9FC01982146F9F77EFD02B0EA
:100FA00010BD70B5856A2B6886B09E6AADF80020CA
:100FB0000C464FF6FF734FF4205101A8ADF80230F4
:100FC000FAF734FA009A01AB21462846B04706B03A
:100FD00070BD70B5856A88B02B6801920C4603A875
:100FE00042F602019E69FAF721FA019A03AB214603
:100FF0002846B04708B070BD70B5856A88B02B68C8
:1010000001920C4603A842F603019E69FAF70EFA14
:10101000019A03AB21462846B04708B070BD0000D6
:1010200030B504460025C4E909516561114B2360C0
:1010300085B00B68104A1B6C0392104A6560CDE9BD
:10104000012508460094694698476846CDF79CFC00
:10105000A06A0B4A03685B6C03920A4A0094CDE9CC
:101060000125694698476846CDF78EFC204605B0B5
:1010700030BD00BF84460700704607005F0F0600C2
:10108000644607001D0F0600C36810B52BB905495B
:1010900005484FF4FD7205F053F8BDE810401B6899
:1010A000184700BF643D0700933D0700044A0260F3
:1010B00041F224324260034A82600522C2607047D6
:1010C000D84A0120F4470700704707B50190F3F7AD
:1010D000DBFC019803B05DF804EBF9F71ABA0000E5
:1010E00010B50C460622002001F0E8F9637903F000
:1010F000C003C02B05D00449044840F2551205F046
:101100001FF8012010BD00BFDC4607005247070052
:10111000F0B5017E89B0002969D1364B0393364B77
:101120000493364B059343F6B8630793C36906935C
:101130004FF0804301220276C3F800111A60D3F801
:101140000021002AFBD00222C3F818250022C3F890
:10115000042101229A604FF08043D3F80421002A31
:10116000FBD0274A27490024C3F8044101235360D8
:101170009360C2F808451360A2F520420820C2F827
:10118000FC4FC2F8FC3F06F0C1FC1F490A2006F0E4
:10119000BDFC1E4A40211319013493F800033F2877
:1011A00098BF83F80013202CF5D103A8D4F72DFBAA
:1011B0004FF0805301A9D3F8A470D3F8A860084673
:1011C0000023C3F12005A3F1200427FA03F206FA55
:1011D00005F52A4326FA04F408332243302B01F89C
:1011E000012BEED1E7F7D4FC01A8E9F769FE09B0BD
:1011F000F0BD00BF844707000404040090470700C7
:1012000000B0004061140600B52A060000E100E0CD
:10121000194B70B50360194B02210446C3F88010C6
:10122000BFF34F8FBFF36F8F4FF48072C3F88020EE
:10123000BFF34F8FBFF36F8F11480025C0F8FC5FDD
:1012400000F5E04001264660C660E069C3F8801101
:10125000C3F8802120B90B490B48CE2204F070FF5F
:101260000DF072F9094B23602369E56113B19B68A6
:10127000201D9847204670BDCC47070000E100E0E4
:1012800000100040DC4607006E470700BC3B07002B
:1012900010B50446FFF7BCFF2046202105F060FD95
:1012A000204610BD10B50446F9F748F9084B2360F5
:1012B0000023237643F6B8600DF03EF9E06120B9D3
:1012C00004490548BA2204F03BFF204610BD00BF88
:1012D000CC470700DC4607006E47070010B5154CE9
:1012E0002368BFF35B8FDA070BD4204605F024FB9D
:1012F00038B1114A1149124805F00BFB204605F0A0
:101300003DFB104C2368BFF35B8FDB070FD42046F7
:1013100005F012FB58B10A490B48FFF7C3FF064A14
:101320000A49094805F0F5FA204605F027FB06486A
:1013300010BD00BFB44A0120006000205113060018
:10134000E8630020B04A0120B84A012011120600CB
:101350007047704710B50421044605F001FD204692
:1013600010BD0020EDF746B837B514461D468DF880
:1013700007100DF107000121F9F77CFA28462146F4
:10138000F9F778FA204603B030BD000010B50A4BDB
:101390000A4800241C700A4B0122C3F8FC4F214666
:1013A000C3F8FC2F14220DF061F921460548BDE871
:1013B000104014220DF05AB9005E0120185E012081
:1013C00000100040045E0120024A137801331370BC
:1013D000704700BF005E0120024A13780BB1013B49
:1013E00013707047005E0120044B187820B1044B45
:1013F0000122DA64D3F84C05704700BF005E01207B
:1014000000800040054B1B7833B1012320B1044A12
:10141000D364D2F84C25026018467047005E012064
:1014200000800040034B43F82020034B43F820107A
:10143000704700BF045E0120185E0120014B187048
:10144000704700BFEC630020034B1A78034B53F83E
:10145000223003B118477047EC630020045E01207E
:10146000034B1A78034B53F8223003B118477047E7
:10147000EC630020185E0120464B4178027B10B5DA
:101480001970454B1A70454B427B1A70444B827B56
:101490001A70444BC27B1A700A291DD84B1CDBB250
:1014A0000133414ADBB25B0041F04001C2F808352C
:1014B000C2F854154368190E1B02C2F82415C2F86D
:1014C0001C358368C2F83C3590F90230072B14DDD7
:1014D0000823C2F80C351BE0242901D88B1CDEE759
:1014E000252906D0262906D027290CBF272300232B
:1014F000D6E70023D4E70C23D2E7991E052913D899
:10150000DFE801F0100E0C0A08030721C2F80C15E1
:10151000837010BD0621F9E70521F7E70421F5E7FF
:101520000321F3E70221F1E7002B01DB0023D0E7E1
:10153000191D05DBFC23C2F80C356FF00303E7E748
:1015400013F1080F184A05DBF823C2F80C356FF0C9
:101550000703DDE713F10C0F05DBF423C2F80C35AC
:101560006FF00B03D4E713F1100F05DBF023C2F883
:101570000C356FF00F03CBE71433ABBFEC23D8234C
:10158000C2F80C35C2F80C35ACBF6FF013036FF026
:101590002703BDE7305E0120966101207C610120B8
:1015A00097610120A36201200010004010B5054C96
:1015B000206830B1044B05491A780DF02FF800234C
:1015C000236010BD8C6101208861012084610120AD
:1015D00002280A4B07D0032809D003220128C3F8A8
:1015E00010250AD170470422C3F81025704701293D
:1015F00001D10622F8E70522F6E770470010004007
:1016000038B5224B1B78032B04460ED1204AD2F862
:101610003C3743F00043C2F83C37D2F83C3723F064
:10162000FF0343F05C03C2F83C371A4B18780128DB
:1016300022D0022825D00328174A4FF040751ABF40
:101640004FF4847200234FF400032B431343104ADA
:10165000C2F81435114B1B78023941EA436141F459
:1016600040310F4BC2F81815C2F804451978FFF73E
:10167000AFFF0C4B1C6038BD4FF484720025002373
:10168000E3E74FF484724FF08075F8E7966101202C
:10169000001000407C61012008010060746101209D
:1016A000976101209C610120F8B54E490B78032B0E
:1016B0000ED14D4AD2F83C3743F00043C2F83C37D4
:1016C000D2F83C3723F0FF0343F05C03C2F83C3709
:1016D0000D78012D25D0022D14BF4FF040714FF031
:1016E0008071424B404A1B78414EE3B9032D414C77
:1016F0001ABF00234FF484744FF4000323430B43B9
:10170000C2F8143533785B0643F44033C2F8183519
:10171000394BC2F8040519782846BDE8F840FFF7B0
:1017200057BF0021DDE7032D324C344F1ABF4FF471
:10173000847400234FF4000323430B4343F48013CA
:10174000C2F8143533782E4E5B0643F44033C2F8AA
:101750001835C2F804652B4B42781A8001460024E4
:1017600011F8023B3B70F81C7A70BC700CF056FF0D
:10177000254B0222C3F80045C3F80025234AC3F8CD
:101780000825022D224AC3F81425C3F80C75C3F8A6
:10179000106524D0032D07D1174B1B78012B0CBFEC
:1017A0004FF440344FF40034174B002244F080745F
:1017B000C3F80445C3F80421C3F80021C3F8082185
:1017C000144A127832B1FF227270D3F8002101223C
:1017D000C3F804230122C3F800221A60F8BD4FF4B5
:1017E0008034E1E796610120001000406361012030
:1017F000746101200801006097610120636001208D
:10180000525E01209461012000F00040315E012011
:10181000565F0120646101200129F8B54368044640
:1018200028D00288022A1BD1C2681B8822F8023CF9
:101830000229A2F1020511D90389C668077C0E4866
:101840001E443A4631460CF0E9FE0C4B61691F70AC
:101850000B4B3A461E6030460CF0E0FE2846F8BDC1
:10186000084D194628460CF0D9FE20882289E168E7
:101870002844F1E71D46F1E78461012088610120D9
:101880008C610120A061012030B51A4C0221C4F8FE
:101890008010BFF34F8FBFF36F8F174B174A012094
:1018A0004FF4804558601861C2F80855144D002265
:1018B0002A70144D2970D3F83C5725F00045C3F821
:1018C0003C57C3F80021D3F80051C3F80821D3F8DE
:1018D0000851C3F80C21D3F80C51C3F81021D3F8E8
:1018E0001031094B9860C3F80803C4F880112160D7
:1018F00030BD00BF00E100E00010004000F00140FA
:10190000A2620120A162012000F00040A44BD3F8A4
:1019100004232DE9F341D60743D5D3F80021002A4B
:101920003FD00022C3F80021D3F800219D4A4FF494
:101930008041C2F808159C4A1178012903D1D3F8D7
:1019400050350A2B07D01378022B09D1944BD3F8CA
:101950005035022B04D102B0BDE8F041FFF794BF2F
:10196000924B1978032918BF11781B78042B02D0E9
:101970001378022B10D18A4B0021C3F80411D3F83D
:1019800004318B4B4FF40031C3F80413D3F84411E6
:1019900011B10121C3F844110023137002B0BDE856
:1019A000F081D3F80423550740F12981D3F80821A9
:1019B000002A00F024810022C3F808217C48D3F8D3
:1019C00008114FF40031C0F808137A494FF48074BD
:1019D000C1F8804102257849C3F800520C78012CE7
:1019E00040F0A58071490878032855D1734B1B78C6
:1019F000AB4249D0032B49D1714B1B78012B15BF4A
:101A000018220622C02330236E49097802293FD0CC
:101A1000032915BF04206E2020244FF4807414BFC6
:101A2000082550256249D1F848651344334403F131
:101A30006A029D33C1F840252B445A4A624EC2F8CF
:101A40008465234403444FF48046C2F80465C1F81A
:101A500044350023C1F84431D1F84431524B0222BD
:101A60001A70534A0123D364D2F84035D2F84C257A
:101A70009B1A002B92DA4B4B4FF48042C3F8082597
:101A8000494B00221A7089E70C23BDE71823BBE7F6
:101A9000142010240825C5E709780429E1D1D3F8DA
:101AA00050014A49012804BF0870C3F85021454B32
:101AB00018BF0D701A78022A2FD0032A30D10B7864
:101AC000012B0BBF062018206FF030026FF0B3021D
:101AD0000CBF3024C024394B1978022925D00329A2
:101AE0004FF0FF3118BF0021314E394BD6F8485521
:101AF00093F9003065352B442344034413440B44CD
:101B0000C6F84035274B264AC3F884254FF4804257
:101B1000C3F80425244B0122A2E700200C24DAE7B5
:101B200000206FF001021824D5E70121DCE7022C28
:101B300097D11E4A1478042C4CD1224B1B78022BCF
:101B40002AD0032B15BF04206E2020244FF480746C
:101B500014BF082550254B68154A1B4E333BC2F86D
:101B60004035104BC3F884654FF48046C3F80465D4
:101B7000D2F8403551332B4423440344C2F8443552
:101B800088680023C2F84431D2F8443100283FF479
:101B900065AFFFF771FC61E7142010240825DAE730
:101BA0000010004000F00140A2620120A16201206B
:101BB0000080004000E100E06861012096610120A2
:101BC000976101207C610120041000407D610120AB
:101BD000986101201278032A7FF443AF4A68283ABB
:101BE000C0F84025444A8868C2F884354FF48043E1
:101BF000C2F8043500288DD0FFF73EFC8AE73F4B42
:101C0000D3F8042314077FF5C9AED3F80C21002ABA
:101C10003FF4C4AE3A4D0024C3F80C41D3F80C3164
:101C20002B78032B0AD102232B70FFF7BFFC354B17
:101C30001B68204602B0BDE8F04118472B78042B02
:101C40007FF4ACAE304A31491278314B0968D3F891
:101C500048354C782F4E022A09D0032A31D0012A68
:101C600004F1070445D10B3BA3EBC40403E0063B9E
:101C70000834A3EB8404DFF88480D8F8487500F0BA
:101C80001BFB254A02232B701278337807F07F075D
:101C90000744002A14BF10461846204A1070D8F88E
:101CA00000241F4812F0010FC7F100010568D8F8A1
:101CB0000C24009349B223460CBF04200020A847FF
:101CC0006CE632786FF4C070012A14BFA021142191
:101CD000034404F1020414BF40221022A3EB0103C9
:101CE00002FB14330CBF6FF01C046FF013041C4490
:101CF000C1E7093BB8E700BF00F001400010004019
:101D0000A1620120906101207C6101209C61012081
:101D1000008000407D610120A362012097610120C5
:101D2000786101200B4B37B54FF40032C3F808231C
:101D3000A3F5E043D3F804414CB9FFF7A5FD064BEA
:101D400000941D682246234621460320A84703B07D
:101D500030BD00BF00800040786101207047000066
:101D6000194A08B500231360184A1360184A136013
:101D7000184A012040F20331C2F85006C2F8341567
:101D800040F25B61C2F83815C2F82C35C2F8300554
:101D9000114A12491376124A1070124A1370124AED
:101DA0001370124A1070124A1370124A1370124ABA
:101DB0001370124AFFF736FBBDE808400F4A074987
:101DC0000220FFF72FBB00BF906101207861012046
:101DD0008061012000100040315E0120251D0600B9
:101DE000746101209861012063610120A1620120DA
:101DF000976101207D610120A36201200D19060079
:101E0000294B2A4AF0B400210120032482F801134F
:101E1000274D82F808135860D860C3F80415C3F83A
:101E20000845244C0426C3F810651860C4F8805592
:101E3000A5F5E045383DC4F8885505F5DE45403543
:101E4000C4F88C554FF40045C4F804554FF0FF34E6
:101E5000C3F808434FF48073C2F880311360164B07
:101E60000227C3F80843C2F880711760134FC7F800
:101E70000843C2F880511560C3F80011D3F800215F
:101E8000C3F80403C3F80811D3F80821C3F80463A6
:101E9000C3F81011C3F80C11D3F80C210822F0BCC0
:101EA000C3F80423FFF7F0BC0080004000E100E02D
:101EB0004081004000F001400010004000F0004070
:101EC00010B5FFF7E1FC1A4B4FF48042C3F8082528
:101ED0004FF40042C3F80825164B4FF48070C3F846
:101EE0008000BFF34F8FBFF36F8F134C4FF0FF3164
:101EF000C4F80813C3F880010220C3F88000BFF3C0
:101F00004F8FBFF36F8FA4F5E044C4F80813C3F8F4
:101F10008001C3F88020BFF34F8FBFF36F8F074856
:101F2000C0F80813C3F88021054B01221A7010BDB8
:101F300000F0014000E100E00080004000F00040BF
:101F4000A1620120064B02681A60064B42681A60C3
:101F5000054B82681A60054BC2681A60704700BF63
:101F600090610120786101202C5E012080610120B8
:101F700007C8024B83E80700704700BF6861012073
:101F800007B50190FFF780FC019803B05DF804EB02
:101F9000FFF772BA034B08B91870704701221A7024
:101FA000704700BF7461012038B50A4C0A4D68B112
:101FB000FFF76AFC0323C4F810354FF40073C4F82C
:101FC00050360123236005232B7038BDC4F850061A
:101FD0000223F9E700100040A16201207FB52B4DDC
:101FE000FFF71AFCD5F8503513BB294B294D1C6857
:101FF000264E283C0023C5F84045C5F84031D5F8A9
:102000004031FFF751FB0323C6F8003203A8FFF766
:10201000F9F9039BE41A002C25DAFFF7C7FA1E4BE7
:1020200001201B68984704B070BD0A2A0ED0DCE777
:1020300003240190FFF728FC01980023D5F85015E0
:10204000DAB20029F1D001330B2BF7D1013C14F0A7
:10205000FF04EED1FFF7AAFA0F4B1B68012004B072
:10206000BDE8704018470D4B4FF48042C3F88465BB
:10207000C3F80425D5F840311BB1D6F85035002BF4
:10208000CBD0074B03221A70CDE700BF00100040F1
:102090002C5E0120008000409061012000F0014092
:1020A000A162012007B5FFF7B7FBFFF7FDFA134B5D
:1020B0001B78012BD8B21AD1114B0322C3F800228E
:1020C000D3F800216AB1D3F850350B2B09D0019019
:1020D000FFF76CFA0B4B01981B6803B05DF804EB3B
:1020E0001847094B03221A7003B05DF804FBFFF791
:1020F0005DFA044B01201B68EFE700BFA2620120DC
:102100000010004090610120A1620120074B1B7864
:102110005BB1074B0122C3F80823064B5A78FF2A0C
:1021200000D1FEE7044A12885A70704764610120AA
:1021300000F00040525E012094610120F0B587B0AC
:10214000CDE90210FFF7A0FB2E4B2F4C1D6800229B
:10215000333DC4F84055C4F84021D4F840312B4BEE
:102160001B78022BDDE9021032D0032B0BBF642257
:1021700020264FF48076082708BF5027DFF8A4C038
:10218000D4F84035DCF800C0634433333B44334477
:1021900013440026C4F844351D4FC4F84461D4F8F4
:1021A0004431FFF72DFA40F21313C7F8003205A8A7
:1021B000FFF728F9059BED1AB5420CDA154B00968E
:1021C0001C6833461A4619460120A04707B0F0BDE7
:1021D00010260827D2E7104B104AC3F884254FF485
:1021E0008042C3F80425D4F8403133B1D7F85035D4
:1021F0001BB9084A00931468E4E7094B04221A70DB
:10220000E4E700BF2C5E0120008000407C610120DB
:10221000001000407861012000F0014004100040EF
:10222000A16201208061012013B5FFF7E9F90F4B8E
:102230001B78022B0BD10E4B40F21312C3F8002275
:10224000D3F8002162B1D3F85035032B08D0002316
:10225000084A0093146819461A460120A04702E074
:10226000054B04221A7002B010BD00BFA26201200B
:102270000010004078610120A162012008B5FFF73D
:1022800003FBBDE80840FFF791B9000008B5084B13
:102290004FF40032C3F80823064B4FF48072C3F8A2
:1022A0008021FFF7F1FABDE80840FFF77FB900BFD2
:1022B0000080004000E100E0054B1888054B00F568
:1022C000A06080B2A0FB0303800D803840B270474D
:1022D000F063002067660600024A00231380024A6A
:1022E00013807047F0630020EE630020D823037052
:1022F00009230B7070470000044BB3F900300380D2
:10230000034BB3F900300B80704700BFF06300202F
:10231000EE630020024B1880024B012019807047A9
:10232000F0630020EE630020082808B502461EDC9A
:10233000831EDBB2062B13D900281ADA031D1ADA22
:1023400010F1080F1ADA10F10C0F1ADA10F1100F51
:102350001ADA10F1150FCCBF6FF013026FF02702DD
:1023600019B1FFF7A9FF104442B2104608BD092277
:10237000F6E70022F4E76FF00302F1E76FF00702DF
:10238000EEE76FF00B02EBE76FF00F02E8E740F6C5
:10239000060340F2726103800423418083728181CD
:1023A0004FF4007341F204014382C1810383082189
:1023B000FB230022017443834FF4016140F2026366
:1023C000C280C1828383C283038470474FF08053ED
:1023D000F0B51F6E5E6E451E0023C3F12004A3F10D
:1023E000200127FA03F206FA04F4224326FA01F147
:1023F00008330A43302B05F8012FEED1437963F0FF
:102400003F034371F0BD4FF0805370B501381E6E2D
:102410005D6E0023C3F12004A3F1200126FA03F22C
:1024200005FA04F4224325FA01F108330A43402B4C
:1024300000F8012FEED170BD4FF0805310B51A6E29
:1024400002701A6E120A42701A6E120C82701A6EA4
:10245000120EC2705A6E02715A6E120A42715A6E90
:10246000120C82715A6E120EC271D3F800110172F1
:10247000D3F80041240A4472D3F80041240C84723A
:10248000D3F80041240EC472D3F804410473D3F886
:102490000441240A4473D3F80441240C8473D3F810
:1024A00004311B0EC37302F00F0201F03F0342F030
:1024B000400263F07F03C271037210BD042816D876
:1024C000DFE800F003060C0F12000846FFF77EBF9E
:1024D00001230B704B708B70CB7070470846FFF771
:1024E00056BF0846FFF78FBF0846FFF7A5BF7047E6
:1024F000094B0022C3F800210121C3F8042119600F
:10250000D3F8002102B17047D3F804010028F7D0B6
:10251000C3F80421F3E700BF00E000402DE9F041DB
:10252000254C1F4603682361436863610E46836838
:10253000A361C368E36105469046FFF7D9FF33788E
:1025400094F820205340337094F82120737853403E
:10255000737094F82220B3785340B37094F823201A
:10256000F3785340F3702B6823616B686361AB6849
:10257000A3610026EB68E3613546B74201D8BDE8A8
:10258000F081E37F0133E377FFF7B2FF05F110033A
:102590000A489BB22A4610F8011B18F802C0013500
:1025A000ADB281EA0C01AF4208F8021001D09D42A1
:1025B000F0D11036E1E700BF64640120846401209B
:1025C00083784278417910B5C47801321B029B1898
:1025D0004FEA04442CBF012200221B1904794FEA60
:1025E000046442F100021B1901F07F0442EB040273
:1025F0001C0A437084701C0C1B0E037121F07F01B8
:1026000002F07F030B43C470437110BD2DE9F84302
:10261000089EBDF8248017461D46002838D00128A2
:1026200014BF4FF03C094FF05C092C4C0B68236140
:102630004B6863618B68A361CB68E36184F81F809A
:10264000FFF756FF4FF4807323822B78226A23EA28
:1026500009030025A374E574236953402361636A69
:102660006361A36AA361E36AE361FFF741FF29465F
:10267000884510D894F820303B7094F821307B7056
:1026800094F82230BB7094F82330FB70BDE8F883D7
:102690004FF01C09C9E701F11009C84534BFA8EB88
:1026A0000102102231440E48C4E90455C4E906551C
:1026B0000BF0B4FF2369226A53402361626A6369A5
:1026C00053406361A26AA3695340A361E26AE3696C
:1026D0005340E361FFF70CFF4946C9E764640120FA
:1026E00074640120C3681ABA074B1A60826812BA70
:1026F0005A60426812BA9A60026812BADA60034AF3
:10270000C2F80435704700BF6464012000E0004057
:10271000F0B5044699B00E4615460AF0F1FB234683
:1027200003F110076C4618685968224603C2083343
:10273000BB421446F7D1039B1BBA0493029B1BBAFE
:102740000593019B1BBA0693009B04A81BBA079331
:1027500008AC0AF023FC2A4610351068516823465D
:1027600003C30832AA421C46F7D10B9B1BBA0C9339
:102770000A9B1BBA0D93099B1BBA0E93089B1BBAAD
:102780000F930CA910A80AF0D5FB0028F9D0139BD1
:102790001BBA1493129B1BBA1593119B1BBA169369
:1027A000109B1BBA179314AC334618AD224603CACC
:1027B000AA4218605960144603F10803F6D119B013
:1027C000F0BD00000A4B012210B501441A6000223E
:1027D000884202D101225A6010BDC3F80021D3F80B
:1027E0000041002CFBD0D3F8084500F8014BEFE77F
:1027F00000D000400E29F8B50546164630D8194FCE
:1028000007EB41134C012022002118460BF02EFF4C
:102810004FF0010CF10107F804C0C9B241712A69F7
:10282000C0F8062010346A69C0F80A2007F804C00E
:1028300095F82920624598BFB6FA86F2034698BFFC
:10284000520907EB040098BFD10141712A69C0F811
:1028500006206A69C0F80A20C5E90B3005F1100EA0
:10286000F8BD00BFA46201202DE9F3410546007EBA
:1028700017461E4690B34B78AA7EEC6A98460AB17A
:1028800004334B70EB7E012B2BD1EB6963B11888BD
:102890000023013080B2E370237163796070000A15
:1028A000A07023F07F0363712846FFF71BFFAB7E08
:1028B00043B10B46CDE9007895F829003246214610
:1028C000FFF7A4FE43463A4631462046FFF726FE70
:1028D000EB7E13B92046FFF773FEA87E02B0BDE879
:1028E000F081022BE0D12B6A002BDDD0D3E900234D
:1028F000100A6270120CE2706279A070DBB2237170
:1029000022F07F0203F07F031343CCE72DE9F0436D
:10291000437E85B005460E461BB9012005B0BDE8D3
:10292000F08300230393827E4B78046B1F4601F1F2
:1029300002092AB1042BF0D91F1F043BBFB24B7010
:10294000EB7E012B09EB070848D1EB6983B116F840
:10295000012C16F8023C03EB02239BB263701B0AA6
:10296000A3700023E3702371637923F07F03637105
:102970002846FFF7B7FE41463B464A462046FFF74A
:10298000CDFDAB7E43B1CDE9009795F829003346E4
:1029900003AA2146FFF73AFEEB7E13B92046FFF764
:1029A0000FFEAB7E002BB8D09DF80C2098F80030BD
:1029B0009A4211D19DF80D2098F801309A420BD11E
:1029C0009DF80E2098F802309A4205D19DF80F200C
:1029D00098F803309A42A0D000209FE7022BC7D17D
:1029E0006B6A002BC4D0D3E90023110A6270120C69
:1029F000E2706279A170DBB2237122F07F0203F0F2
:102A00007F031343B3E7000070B5134C00214FF46C
:102A1000806584F80A13C4F88050BFF34F8FBFF36A
:102A20006F8F0E4B012203265A60DA60C3F804153B
:102A3000C3F808650426C3F810654FF0FF361A6026
:102A4000C3F80863C3F84011C4F880512560044BF3
:102A50001A70C3E9011070BD00E100E000A0004061
:102A6000946401200A490B4B0A781AB101225A6476
:102A7000D3F8442510440022C3F840214FF480329B
:102A8000C3F84005C3F80423022348600B70704765
:102A90009464012000A00040044B4FF48032C3F83E
:102AA0000823034B01221A70704700BF00A00040AA
:102AB00094640120074B4FF48032C3F808230022AE
:102AC000C3F84021044B01221A709B6803B11847D8
:102AD000704700BF00A0004094640120F8B505468F
:102AE000064655F8044B8CB90D4F386818B14FF0B5
:102AF000FF31CFF76DF8346824B9284604F0EAFABC
:102B00002C463560386808B1CFF77AF8AC4204D06B
:102B1000044905488B2203F013FB2046F8BD00BF93
:102B2000780701202448070057480700036801225E
:102B30001B6900211847036800221B6911461847CA
:102B400007B5019003F0A6FB0198012105F03EFBBB
:102B500003B05DF804EB03F0B3BB07B5019003F0DD
:102B600099FB0198002105F031FB03B05DF804EBFF
:102B700003F0A6BB07B5CDE9001003F08BFBDDE940
:102B8000001005F001FB03B05DF804EB03F098BB07
:102B9000416830B4034671B1D0E9032000F001046C
:102BA00002B944B1451001EB60000CB149598A5893
:102BB000996830BC104730BC7047000008B5431C12
:102BC00004D10E490E48212203F0BAFA012351B173
:102BD0001F2886BF0B4A00F01F004FF0A042834021
:102BE000C2F8083508BD1F2886BF064A00F01F003E
:102BF0004FF0A0428340C2F80C35F3E77A48070053
:102C0000B719070000030050064B10B504460360D7
:102C1000806A08B102F0DEFD201DCBF7B5FE20462C
:102C200010BD00BFC048070010B50446FFF7ECFF19
:102C30002046A82104F094F8204610BD036870B522
:102C400004460D461B68984704F13000A5672946E5
:102C500005F0CCFB236820465B68BDE87040184750
:102C60007FB506461D4656F8303BCDE902211B686C
:102C7000044698479DF8203083F00103DDE90221E6
:102C8000009330462B4605F00DFC236806465B6832
:102C900020469847A81B18BF012004B070BD7FB51F
:102CA00006461D4656F8303BCDE902211B68044616
:102CB00098479DF8203083F00103DDE9022100935D
:102CC00030462B4605F0D2FB236806465B6820465B
:102CD0009847A81B18BF012004B070BD7FB5002421
:102CE000012615462346224602A800968DF8084084
:102CF00002F00FFB03A800962346224629468DF8D2
:102D00000C4002F006FB03A805F010FA002853D08F
:102D100002A805F00BFAB04202D1002004B070BD49
:102D2000214603A8FFF726FF03A8FFF709FF0A249F
:102D3000002103A8FFF71EFF00219DF90C00FFF7FB
:102D40003DFF052004F042F9032103A8FFF712FF1D
:102D50009DF90C000121FFF731FF052004F036F941
:102D6000013CE5D102A8FFF7EBFE21469DF90800E2
:102D7000FFF724FF052004F029F901219DF90C003B
:102D8000FFF71CFF052004F021F901219DF908003F
:102D9000FFF714FF052004F019F902A8FFF7DDFE84
:102DA00003A8FFF7DAFE03A805F0C0F920B102A8D6
:102DB00005F0BCF90028B0D16FF00100AEE710B506
:102DC00000210446242240F8041B0BF04FFC20464F
:102DD00010BD08B57C30FFF781FEBDE8084004F067
:102DE00081B908B57C30FFF779FEBDE8084004F0F2
:102DF00097B90000F8B5194B03600D46184B4361B5
:102E0000002100F130070446C0E90711C0E90911AB
:102E10000161818516468061482238460BF026FC08
:102E2000104BA36704F17C00FFF7C9FF2046FFF7B2
:102E3000D0FF3246294684F8A45084F8A560204685
:102E4000FFF74CFF94F9A52094F9A410384605F03B
:102E500087FA2046FFF7C5FF2046F8BDC0480700A7
:102E6000912B0600A086010070B504460D4616465B
:102E7000002148220BF0FAFB32462946204605F095
:102E80006FFA2046044905F0B1FA2046012105F009
:102E90002BFB204670BD00BFA086010005F0A6BA3E
:102EA000CAB2002342F00102194605F081BB05F0C9
:102EB0002DBB05F03DBB10B5144605F059FB001BBA
:102EC00018BF012010BD05F0A9BA416830B403460F
:102ED00071B1D0E9032000F0010402B944B14510FA
:102EE00001EB60000CB149598A58996830BC104711
:102EF00030BC704713B590F935304468009390F9B1
:102F0000343090F9332090F93210201D06F0EEFA9B
:102F100002B010BD38B5054603F0BCF9074B1B687D
:102F2000002B08DD064C2378AB4218BF002403F0C9
:102F3000C7F9204638BD0024F9E700BF1865012015
:102F4000A0640120084A08B51368002B04DD074976
:102F50000748AF2203F0F4F8591C1160054A7820A5
:102F600000FB032008BD00BF18650120D048070002
:102F7000F1480700A06401200023082210B5C0E931
:102F80000E2303860B4B03640446FF23A0F8443052
:102F900003F080F994F84C00FFF7BCFF606028B99B
:102FA000FFF7D0FF94F84C3060600370BDE810402C
:102FB00003F086B940420F0038B50446124820603D
:102FC0001248A0602046002584F834309DF9103066
:102FD00084F8321084F8332084F83530C4E904557D
:102FE000E460A561E561E5624FF0FF3100F8365F0E
:102FF00002F08CF9064BA5642046236584F84C50FA
:10300000FFF7BAFF204638BD24490700CB2E060043
:10301000F52E060043685B6F834210B504460FD05F
:10302000036D98476068D4E90E120023043006F05F
:10303000BBFA6068216C043006F0DAFA63685C67FA
:1030400010BD036870B504461B690D4616469847C7
:103050006068436FA342C4E90E560BD10023324689
:103060002946043006F0A0FA236820465B69BDE8D3
:10307000704018472046FFF7CDFFF5E7036870B5AD
:1030800004461B690D46984760682564436FA34258
:1030900009D12946043006F0ABFA236820465B6963
:1030A000BDE8704018472046FFF7B4FFF5E7000081
:1030B00090F936305A1C16D0012251B11F2B86BF11
:1030C000094903F01F034FF0A0419A40C1F80825B9
:1030D00070471F2B86BF044903F01F034FF0A04128
:1030E0009A40C1F80C2570470003005038B50368BA
:1030F00004461B69984794F945506B1C84F8453089
:1031000045B92046FFF786FF29462046BDE83840EE
:10311000FFF7CEBF38BD10B590F84530013B5BB22C
:10312000044680F8453013B90121FFF7C1FF236839
:1031300020465B69BDE81040184737B50446019149
:10314000FFF7D4FF60680199043006F089FA05465C
:103150002046FFF7E0FF284603B030BD30B50446F7
:1031600087B0CDE904210393FFF7C0FF94F84450E2
:10317000606801950A9D05990095DDE903320430E8
:1031800006F098FA05462046FFF7C5FF284607B027
:1031900030BD08B540684C30FFF7A0FCBDE80840E2
:1031A00003F0A0BF08B540684C30FFF797FCBDE8BE
:1031B000084003F0B5BF000010B50C4B0360044697
:1031C000FFF7E7FF63685A6FA24204BF00225A6705
:1031D0002046FFF7E7FF04F12000CBF7D5FBE069BD
:1031E00008B102F0F7FA204610BD00BF24490700DD
:1031F00010B50446FFF7E0FF2046542103F0B0FD70
:10320000204610BD7047416830B4034671B1D0E923
:10321000032000F0010402B944B1451001EB600045
:103220000CB149598A58996830BC104730BC704776
:1032300070B500F14C0690F9DF2090F9DE100446DD
:10324000304605F087FDD4E939530DB9DA070ED5BC
:103250005A1004EB6300DB0748BFA35894F8EC1046
:1032600048BF5D5994F9ED2094F9EE30A847D4F8A1
:10327000D810304605F084FE224630460249BDE8AB
:10328000704005F05BBF00BF5D3506002DE9F041E1
:103290001F46D0F8E03004460D4616462BB11749BC
:1032A000174840F22B1202F04BFF164AC0E93923AF
:1032B00003681B68984784F8EC5084F8ED6084F844
:1032C000EE70032D0BD8DFE805F0150210154FF056
:1032D000FF333246012104F14C0005F009FF236859
:1032E00020465B68BDE8F041184733464FF0FF3297
:1032F0000221F0E73B4632462946ECE73C4907000D
:10330000644907008D3206002DE9F04198461D4BB7
:1033100003601D4B436000251C4B85600446C0E9DB
:103320000555C0E907550F461646C36085844563B9
:103330004564A0F848506C22294600614C300BF0DF
:1033400095F940F20113A4F8DC304FF47F43A4F860
:10335000EC30FF232046C4E93558C4E93855C4E9A8
:103360003C55C4F8C45084F8DE7084F8DF60C4F8BB
:10337000E85084F8EE30C4F8F850FFF759FF2046C3
:10338000BDE8F081844907003132060007320600AB
:1033900070B50646044656F84C3B0D461B689847E8
:1033A0003046294605F0ECFD2368C4F8D850204685
:1033B0005B68BDE8704018477FB50546044655F880
:1033C0004C6B0193CDE902213668B047DDE901324B
:1033D0002846039905F054FE23685B68204604B034
:1033E000BDE87040184738B50546044655F84C3BD3
:1033F0001B689847284605F055FF236805465B681B
:1034000020469847284638BD38B50546044655F845
:103410004C3B1B689847284605F064FF2368054627
:103420005B6820469847284638BD03682DE9F3417C
:1034300005461B6816460F46984795F8DC30340160
:1034400003B1B6B195F8DD300BB1012E11D0B8340F
:103450002819B84206D00190CBF796FA0198394660
:10346000F7F71BFB2B685B68284602B0BDE8F0410C
:103470001847B83402F00EFF2C44FA68E36805F1EF
:103480004C089AB10BB903F043F9A74206D0204685
:10349000CBF77AFA39462046F7F7FFFA0122314690
:1034A000404605F05BFE02F00BFFDBE70BB103F0DB
:1034B00045F92046CBF768FA0022E260EFE700000A
:1034C00030B51B4B036085B000252A46694604468B
:1034D0000395FFF7AAFF6846CBF756FA0122694623
:1034E00020460395FFF7A1FF6846CBF74DFA94F805
:1034F000DC3013B994F8DD301BB104F14C0005F059
:1035000009FD04F1C800CBF73FFA04F1B800CBF78E
:103510003BFA04F13800CBF737FA04F12800CBF777
:1035200033FA206A08B102F055F9204605B030BDE3
:103530008449070010B50446FFF7C2FF2046FC216E
:1035400003F00EFC204610BD4C3005F033BE10B524
:103550004C300C4605F070FE204610BD00EB01100B
:10356000B83008B5C3680BB1FDF78EFD08BD036820
:1035700070B504461B680D46984794F8DC30AB42A2
:103580002BD065B194F8DD304BB9A2686368511057
:1035900004EB6200D20744BF6258D358984702F048
:1035A00079FE05B3D4F8C4305BB104F1B800FDF77F
:1035B0006BFD03F0ADF80122002104F14C0005F091
:1035C000CDFD02F07DFE84F8DC5035B994F8DD3095
:1035D0001BB904F14C0005F09DFC236820465B6894
:1035E000BDE8704018472A46294604F14C0005F012
:1035F000B5FDD4F8C430002BE3D003F09FF8E0E72A
:10360000036870B504461B680D46984794F8DD3092
:10361000AB422BD065B194F8DC304BB9A26863683B
:10362000511004EB6200D20744BF6258D358984748
:1036300002F030FE05B3D4F8D4305BB104F1C80019
:10364000FDF722FD03F064F80122114604F14C005D
:1036500005F084FD02F034FE84F8DD5035B994F8AD
:10366000DC301BB904F14C0005F054FC2368204603
:103670005B68BDE8704018472A46012104F14C0000
:1036800005F06CFDD4F8D430002BE3D003F056F8ED
:10369000E0E770B5D0E90213D0E9082504465218D6
:1036A00045EB030300F078F9636B2BB104F12800BC
:1036B0001B68BDE87040184770BD884270B504466D
:1036C0000D460AD0CBF760F9EB68E3602BB12946D1
:1036D00020465B68BDE87040184770BD38B50446A9
:1036E000154600F043F9064B236000220023C4E98D
:1036F00008230023636384F83850204638BD00BF98
:103700009C49070013B5044601A802F06BF8204657
:1037100000F04CF9636B23B194F838300BB103F02F
:103720000DF804F12800CBF72FF90023636301A8FB
:1037300002F060F802B010BD70B5054614461E4692
:1037400000F034F9C5E90846A86902F005F8221826
:1037500046EB01032846BDE8704000F01DB9F7B5FF
:10376000044601A81D460F46164602F03BF8636B5F
:1037700023B994F838300BB102F0CAFF394604F18E
:103780002800FFF79AFF32462B462046FFF7D4FF6A
:1037900001A802F02FF803B0F0BD000010B50446F8
:1037A00001F0D4FD002201462046FFF797FF024BAF
:1037B0002360204610BD00BFD443070030B5436BE3
:1037C00085B00446F3B100F1280503935B682946F0
:1037D000684698472846CBF7D7F80023636394F8E8
:1037E00038300BB102F0AAFF039B2BB906490748FA
:1037F0004FF4FD7202F0A4FC68461B6898476846C7
:10380000CBF7C2F805B030BD643D0700933D07001B
:1038100010B5044601F09AFD002201462046FFF74C
:103820005DFF024B2360204610BD00BFA849070082
:10383000437D10B504461BB1037D0BB102F07EFF42
:10384000204610BD13B5044601A801F0CBFF637DEF
:1038500053B9237D0BB102F05BFF206901F07CFFBF
:10386000C4E900010123637501A801F0C3FF02B0A0
:1038700010BD37B504460D4601A801F0B3FF002383
:103880000022C4E900236B7D4BB1286901F064FF7D
:10389000D5E90032C01A61EB0201C4E9000101A8B8
:1038A00001F0A8FF204603B030BD30B585B0044616
:1038B0000D4603A801F096FF29466846FFF7D9FF99
:1038C000D5E90221009B9B18019A42EB0102C4E951
:1038D000003203A801F08EFF204605B030BD07B5C9
:1038E00001466846FFF7E1FFDDE9000103B05DF83E
:1038F00004FB13B5044601A801F074FF206901F030
:103900002BFF00220023C4E90001C4E9022301A81F
:1039100001F070FF02B010BDD0B5002300260027D3
:10392000C0E90067C0E9026704460161027543759A
:10393000FFF7DFFF2046D0BD10B5044601F036FF8B
:10394000012201462046FFF7E7FF204610BD10B5D3
:10395000044601F0FBFC002201462046FFF7DCFF95
:10396000204610BD03681B681847000010B50446C8
:10397000074B236000220023C4E9022300230846EA
:10398000A161C4E90433034901F076FE204610BD6D
:10399000C04907006539060007B5009000F108012D
:1039A000806901F0A6FE03B05DF804FB00F1080198
:1039B000806901F0B6BE000010B5034B03600446F9
:1039C000FFF7F4FF204610BDC049070000207047F4
:1039D0006FF01C0070476FF01C0070476FF015000F
:1039E00070476FF015007047012070470120704745
:1039F000002070470020704770B511F001040546A3
:103A00008EB204D0FFF7EFFC041E18BF0124F306AA
:103A100005D52846FFF7F8FC08B144F0100420460D
:103A200070BDA0F1FC00FFF7E7BF08B5FFF79FFDF1
:103A3000002008BDA0F1FC00FFF7F7BF08B5FFF7B5
:103A4000DFFD002008BDA0F1FC00FFF7F7BF00007C
:103A500010B5034B03600446FFF732FD204610BD4E
:103A6000CC490700A0F1FC00F2E700BF10B5044606
:103A7000FFF7EEFF20464FF4807103F071F9204606
:103A800010BDA0F1FC00F1E72DE9F04106460D461E
:103A90001746C2B102F0FBFB80F0010313F0FF04F4
:103AA00003D0336830461B68984705EB070815F8C4
:103AB000011B3046FFF74BFDA845F8D11CB1336818
:103AC00030465B6898473846BDE8F081A0F1FC00BD
:103AD000FFF7DABF38B504460D4662B103681B68CC
:103AE00098472046FFF730FD2870236820465B6822
:103AF0009847012038BD1046FCE7A0F1FC00FFF715
:103B0000E9BF000010B50446FFF7FEFB044B03F1CC
:103B1000080244332260C4F8FC30204610BD00BFC8
:103B2000C449070030B5056885B00446CDE90221D7
:103B300001932D68A847DDE9013220460399FFF77C
:103B4000A5FB23685B68204605B0BDE830401847F8
:103B500030B5044685B004F1080502F09BFB294608
:103B60006846F6F79AFF2846CAF70EFFE069002379
:103B7000C4E9053308B103F035FB02F0A1FB039B58
:103B800013B11B68684698476846CAF7FDFE05B042
:103B900030BD0000002204494260C0E905220160F6
:103BA000C2610284704700BFA04A0700074B10B5EE
:103BB00003608369044623B105490648262202F0C2
:103BC000BFFA0830CAF7E0FE204610BDA04A070041
:103BD000504A0700794A070070B504460E4602F0C5
:103BE00059FBA56965B104F10800CAF7CDFE0023B1
:103BF0000122636184F82020E36184F82160A361DD
:103C000002F05EFB2DB121462846BDE8704000F071
:103C10002EB970BD08B103F065BA02F03BBB08B124
:103C200003F07EBA02F04CBB2DE9F041044686B0A9
:103C30000E46174602F02EFBA56902F041FB35B394
:103C400001AD0021284603F0A7FA02F023FBD4E9D6
:103C5000068323B10F491048392202F071FAE56159
:103C600002F02EFBB8F1000F0ED03946284603F0C3
:103C70009BFA48B93046FFF7CDFF20460121FFF7F8
:103C8000ABFF3046FFF7CBFF284603F0AEFA06B095
:103C9000BDE8F081504A0700874A07000022C0E9CA
:103CA000012201220160027370477047037B33B128
:103CB000D0E90023126893428CBF002301231846E9
:103CC00070472DE9F0410468012606FA01F100234E
:103CD000271D82EA060E17F813400C4204D004F0A8
:103CE00030043AB1102C07D10233202BF3D14FF01E
:103CF000FF300DE0002CF7D0D0F808C042EA0305F1
:103D000006FA05F818EA0C0FEED1202C02D028464E
:103D1000BDE8F0814EEA030406FA04F414EA0C0F3D
:103D2000F5D0E1E770B50D4611462A4604461E4619
:103D3000FFF7C7FF002802DA0020207370BD256856
:103D40006368420805EB8205E98819446B7906FB34
:103D5000031363600121A36881400B4342EAC01052
:103D6000A360C0B2EAE713460A460121FFF7DABFB3
:103D700013460A460021FFF7D5BF13B50A46019145
:103D800000210446FFF7EFFF019A0021204602B010
:103D9000BDE81040FFF7ECBF0022C0E900227047E9
:103DA00070470068704700230B60436813B90160D7
:103DB000416070471960FBE703682BB11A6802B9CC
:103DC0004260026000221A601846704710B504680D
:103DD000002223468B420ED10AB10B6813608C423D
:103DE00004BF0B68036043688B424FF0000308BFB9
:103DF00042600B6010BD002BFCD01A461B68E9E73F
:103E000010B50446FFF7C8FF204610BD08B5FFF700
:103E1000C8FFB0FA80F0400908BD70B505462846D5
:103E2000FFF7BFFF044678B150F8043C061F9B68BB
:103E30003046984740B12846FFF7BEFF54F8043C8F
:103E40003046DB689847EAE770BD70B504460D461A
:103E5000FFF7A7FFAC610646291D2046FFF7A3FF29
:103E600026B92046BDE87040FFF7D7BF70BD70B5DA
:103E700005460C46FFF795FF064604B1043421467B
:103E80002846FFF7A3FFA64204D12846BDE87040AC
:103E9000FFF7C3BF70BD10B504462046FFF781FF92
:103EA00028B150F8043C0438DB689847F5E710BDAA
:103EB00010B50446FFF7EFFF2046FFF771FF2046DD
:103EC00010BD7047704703689B6D184770B586B08A
:103ED000154B01930023ADF808308DF80A3040F2FD
:103EE0000123ADF8123040F2031390F820434168EB
:103EF0000289ADF8143000F10A038DF80B400391EC
:103F0000ADF8102001AC05AE1D46224603CAB242F0
:103F100018605960144603F10803F6D112881A801C
:103F2000284606B070BD00BF12010002004870476D
:103F3000884D070000487047C04D07000048704793
:103F40008C4D070000487047D24D0700004870476D
:103F5000B84D070000487047A24D0700036810B530
:103F600004465B6F9847D4F8EC0203681B6F9847D0
:103F7000236820469B6FBDE81040184738B5D0F83D
:103F80003433012B044610D10025D4E9C93000F0A8
:103F9000010203B94AB14110C4E9C95504EB6000FC
:103FA0000AB16258D3589847EFE7D4F834332BB9A5
:103FB0000649074840F2C66202F0C2F8013BC4F865
:103FC0003433BDE8384002F07BB900BFB04A070087
:103FD000DB4A070008B5D0F834332BB9034904484D
:103FE00040F2CD6202F0ACF808BD00BFB04A070055
:103FF000DB4A070010B5044602F04CF9D4F834331C
:104000000133C4F834332BB9034904484FF4D76261
:1040100002F096F810BD00BFB04A0700DB4A070067
:10402000036837B5DB6F0D460446984715F0700FEF
:1040300001D12B0706D100231049114800931A46DD
:1040400002F0A2FA6B0003F01E0343EAD5118B1EA7
:10405000182000FB034393F831206AB1013900FBBB
:104060000140013A043083F83120C36823B11B6852
:1040700003B0BDE83040184703B030BDE74A070041
:1040800004011580036873B50446DB6F9847B4F8E4
:10409000F8120B0A022B25D0032B56D0012B04D18A
:1040A000236820461B6B984708B9002018E0236856
:1040B00020461B6B98470678122EF6D123682046BF
:1040C0001B6B98474578012DEFD12368C4F8046332
:1040D0001B6B2046984784F80853C4F80003284611
:1040E00002B070BD2368C9B25B6B0191204698474E
:1040F0000028DAD0236801995B6B20469847037843
:104100000199092BD1D1236820465B6B98474378EE
:104110000199022BC9D1236820465B6B984723681D
:1041200085785B6B019920469847C378019945EAE9
:1041300003252368C4F804535B6B20469847C4F8F2
:104140000003012084F80803CAE7C9B20529ACD8E6
:10415000DFE801F0030F19232D37236820469B6BFE
:1041600098470378C4F8043323689B6B204698472C
:10417000E5E723682046DB6B98470378C4F80433EF
:104180002368DB6BF2E7236820461B6C98470378B3
:10419000C4F8043323681B6CE8E7236820465B6C93
:1041A00098470378C4F8043323685B6CDEE7236820
:1041B00020469B6C98470378C4F8043323689B6CB3
:1041C000D4E723682046DB6C98470378C4F80433AF
:1041D0002368DB6CCAE70B78DB0913700B78C3F339
:1041E000411353700B7803F01F0393704B78D37017
:1041F0004B8893808B88D380CB88138170470000D5
:10420000036870B504465B6F0D46984794F80C330D
:10421000022B05D009490A4840F23D1201F090FFF7
:10422000084BC4F824330023C4F82833236884F8E7
:10423000105320469B6FBDE870401847B04A0700F6
:10424000064B07002947060038B503680446DB6FB4
:10425000984794F8083313B10025284638BDD4F8A0
:10426000EC0203685B6C9847D4F804239042F3D8BF
:10427000D4F80013121A0144C4F80013C4F804233C
:10428000A2B994F80A53022384F80C3345B1236889
:1042900084F80A239B6E04F53D7120469847DCE7BD
:1042A00001212046FFF7ACFF0125D6E7D4F8EC0248
:1042B000D4F820430368A2421B6C28BF22469847CB
:1042C000F2E70000036813B50446DB6F984794F8E3
:1042D0001C33012B06D800230F4900931A460F48C0
:1042E00002F052F994F80C3323B100230C490093E7
:1042F0001A46F4E794F80B33032B0BD02046FFF754
:10430000A3FF38B9D4F8EC020368DB6C02B0BDE857
:104310001040184702B010BD314B07000E01158048
:10432000594B070038B503680446DB6F984794F88B
:104330000833012B3BD1D4F8045335B994F8093331
:104340000BB901252CE084F80953D4F82033D4F8B4
:10435000EC02D4F800139D4228BF1D4603682A468C
:104360009B6C9847D4F800332B44C4F80033D4F83E
:1043700004335B1BC4F80433002BE2D194F8092307
:10438000002ADED194F80A53022384F80C334DB18D
:10439000236884F80A239B6E04F53D7120469847F4
:1043A000284638BD01212046FFF72AFFC9E700252E
:1043B000F6E70000036813B50446DB6F984794F8EE
:1043C0001C33012B06D800230B490C4800931A46D6
:1043D00002F0DAF894F80B33032B0BD02046FFF7EA
:1043E000A1FF38B9D4F8EC020368DB6C02B0BDE879
:1043F0001040184702B010BD314B07000E01158068
:10440000036870B504465B6F0D46984794F80C330B
:10441000032B05D009490A484FF4C37201F090FEFE
:10442000084BC4F824330023C4F82833236884F8E5
:10443000105320469B6FBDE870401847B04A0700F4
:10444000A34B0700E751060010B503680446DB6F75
:104450009847012004F21D33C4F80033C4F8040364
:1044600084F8080310BD036810B50446DB6F984755
:1044700094F81C33042B01BFB4F82E33A4F8FA329D
:10448000012004F54C7303BFC4F80033C4F80403DF
:1044900084F80803002010BD036810B5DB6F0446E4
:1044A0009847042384F80C33236894F8F8221B6F90
:1044B000B4F8FA1220469847012010BD036870B581
:1044C00004465B6F0D46984794F80C33042B05D0D7
:1044D00009490A484FF4EB7201F032FE084BC4F868
:1044E00024330023C4F82833236884F8105320466B
:1044F0009B6FBDE870401847B04A0700CF4B0700DC
:10450000B9470600036810B50446DB6F984794F876
:104510001C33042B02D0B4F8FA3233B994F8F632D3
:10452000012B25D0022B02D023B300201FE0B4F8CA
:10453000FA2222F08F03002BF7D112F00F030CD0D8
:10454000530003F01E0343EAD213023B182202FB7E
:10455000034393F83030C3F34003074AC4F8002301
:10456000138001200223C4F8043384F8080310BD2B
:104570000023F2E70123F0E71C65012010B5036872
:10458000044690B0DB6F9847D4F8EC02D4F82023AF
:1045900003686946DB6B984704F53D72694620461F
:1045A000FFF719FE0023C4F80833C4E9C033012320
:1045B00084F80C33236811465B6E984710B010BD29
:1045C000036813B50446DB6F984794F81C33012B3E
:1045D00006D800230A490B4800931A4601F0D4FF7D
:1045E00094F80C23012384F82C332AB9204602B016
:1045F000BDE81040FFF7C2BF84F82D3302B010BDF4
:10460000314B07000E0115802DE9F0411D4603686E
:1046100004465B6F0F461646984794F80C33012BFF
:1046200005D00B490B4840F2BA2201F089FD0A4B34
:10463000C4F824330023C4F82833236884F81073A3
:10464000C4E9C56520469B6FBDE8F041184700BF2F
:10465000B04A0700F74B07005B500600036870B5CF
:104660000446DB6F9847B4F8FC2292B394F8F41236
:1046700094F80833012925D1012B06D0D4F8EC0297
:104680000368DB6CBDE870401847D4F804339342EC
:1046900001D9C4F804230129D4F8043326D1934264
:1046A00008D2D4F82023B3FBF2F002FB10330BB98D
:1046B00084F80913022384F80B332046BDE87040C8
:1046C000FFF730BE002BD9D1D4F804339342E2D0A7
:1046D000D4E7D4F8EC02D4F804230368002AD0D13C
:1046E000032184F80B139B6C11460EE0D4F8EC0206
:1046F0000122016884F80B23D4F820230D6CD4F830
:1047000000139A4228BF1A462B46BDE8704018474E
:1047100010B503680446DB6F9847002384F82D33F7
:10472000032384F80B3310BD036810B5DB6F044618
:104730009847002284F80C2394F82D2394F8103322
:1047400022B12046BDE81040FFF7E2BF33B9D4F8EC
:10475000EC020368BDE81040DB6C184794F80B339B
:10476000012B0AD1D4F8EC02032384F80B3303683D
:104770009B6CBDE8104011461847022B07D1D4F8B6
:10478000EC02032384F80B3303681B6CF1E710BDC4
:10479000036810B5DB6F04469847002384F82C3378
:1047A00094F80C3323B92046BDE81040FFF7B0BFA2
:1047B000012384F82D3310BD036810B5DB6F044668
:1047C0009847002284F80C2394F82D2394F8103392
:1047D00022B12046BDE81040FFF79ABF63B1B4F89C
:1047E000FA32A4F82E33B4F8F83284F83033204685
:1047F000BDE81040FFF732BFD4F8EC020368BDE813
:104800001040DB6C1847036810B504465B6F98478F
:1048100094F8F03283B9D4F8EC02036821469B681F
:104820009847D4F8EC02036840219B6B984701231A
:10483000C4F8200384F8F032236820469B6FBDE85B
:104840001040184738B5036804465B6F984794F8E2
:104850001C53236820469B6FEDB298472B1F58428C
:10486000584138BD036810B55B6F04469847204631
:10487000FFF7C9FF94F8F1323BB9D4F8EC020368B2
:104880005B699847012384F8F132236820469B6FC7
:10489000BDE81040184700002DE9F04F904685B064
:1048A00002680391526F0293DDF8389005469047F5
:1048B000039911F0700F03D111F00F0F029B06D175
:1048C00000232B492B4800931A4601F05DFE95F812
:1048D000F2723FB92B6828469B6F9847384605B05F
:1048E000BDE8F08F4C0004F01E0444EAD114A61E6B
:1048F0004FF0180B0BFB065A9AF83020D20705D55B
:104900001D491E484FF48E6201F01AFCB8F5806F05
:1049100004D919491A4840F27142F5E7D5F8EC027A
:104920000268176D4246B84707460028D2D0601E7D
:104930000BFB0050043048450BD00290CAF724F816
:10494000D9F80C30CAF828301BB15B680298494688
:104950009847182303FB065696F83030A6F82C80AB
:1049600043F0010386F83030002386F83130B1E798
:10497000E74A070004011580B04A07001A4C0700F7
:104980003C4C0700D0F8EC0203685B6B1847000052
:10499000F8B50F461949044640F81C1B0025064689
:1049A00004F53B71F5601836B142FBD1E380BDF8E8
:1049B00018302381A28000214FF4347209F056FE92
:1049C0002822002104F53D7009F050FE0123C4E9BE
:1049D000C855C4E9CA55C4F8EC72A4F8F05284F87A
:1049E000F252C4F8345384F8305384F81C3384F8FA
:1049F0001D5384F81E532046F8BD00BF084D070024
:104A000038B503685B6F0D46044698472B071FBFF8
:104A10006B0003F01E0343EAD5118B1E1BBF182247
:104A200002FB0343D4F820539D8D236820469B6FDF
:104A30009847284638BD00000368F7B55B6F0E46FF
:104A40000546984736F08F0701D1320706D100237B
:104A50001749184800931A4601F096FD740004F0B7
:104A60001E0444EAD6141823023C03FB045494F8B1
:104A70003030DB0709D42846FFF7E4FE80B10E4949
:104A80000E4840F28C5201F05BFB94F831303BB1A0
:104A9000D5F8EC0203683146DB6E984784F8317034
:104AA0002B689B6F284603B0BDE8F040184700BF55
:104AB000E74A070004011580B04A0700544C07007C
:104AC000036873B55B6F0E460446984716F0700F87
:104AD00001D1310706D100231A491B4800931A4619
:104AE00001F052FD750005F01E0545EAD6151823A4
:104AF000023D03FB054595F83030DA0709D420461E
:104B0000FFF7A0FEB0B11149114840F2CC4201F0CC
:104B100017FB43F0020385F83030D4F8EC02036849
:104B200031469B6D984795F831301BB13146204690
:104B3000FFF782FF23689B6F204602B0BDE87040FC
:104B4000184700BFE74A070004011580B04A070074
:104B5000544C0700036810B50446DB6F984794F87F
:104B60001C33042B02D0B4F8FA32A3B994F8F6320D
:104B7000022B10D1B4F8FA1231F08F000BD111F0E2
:104B80000F030AD0B4F8F83223B92046C9B2FFF7B0
:104B900097FF012010BD0020FCE71846FAE700004F
:104BA0000368F7B55B6F0E460446984716F0700F22
:104BB00001D1310706D100231C491D4800931A4634
:104BC00001F0E2FC750005F01E0545EAD615023D30
:104BD000182707FB054393F83020D20709D4204655
:104BE000FFF730FED0B11349134840F2F14201F013
:104BF000A7FA93F831301BB131462046FFF71CFF6E
:104C000007FB0545314695F8303023F0020385F85F
:104C10003030D4F8EC020368DB6D984723689B6F53
:104C2000204603B0BDE8F040184700BFE74A070040
:104C300004011580B04A0700544C0700036810B502
:104C40000446DB6F984794F81C33042B02D0B4F869
:104C5000FA32A3B994F8F632022B10D1B4F8FA1252
:104C600031F08F000BD111F00F030AD0B4F8F832F5
:104C700023B92046C9B2FFF793FF012010BD0020E1
:104C8000FCE71846FAE700002DE9FF419846036863
:104C900003920E465B6F0746984736F08F0403D1A8
:104CA00016F00F0F039A06D10023204920480093E5
:104CB0001A4601F069FC750005F01E0545EAD61597
:104CC0001823023D03FB057595F83030DB070AD445
:104CD0003846FFF7B7FD044688B11649164840F23A
:104CE000AF5201F02DFAAB8D434505D91349144855
:104CF000009423462246DCE795F8311039B13B6831
:104D000038469B6F9847204604B0BDE8F081D7F83D
:104D1000EC0201680C6E3146A04704460028EED034
:104D200095F83130013385F83130E8E7E74A07007C
:104D300004011580B04A0700544C0700624C07007C
:104D400005011580036837B55B6F0D46044698472B
:104D500015F0700F01D12A0706D100231549164816
:104D600000931A4601F010FC6B0003F01E0343EAA7
:104D7000D513023B182202FB034393F83030DB07C4
:104D80000AD42046FFF75EFD054660B10B490C488A
:104D900040F2E95201F0D4F9D4F8EC020368294654
:104DA0005B6E98470546236820469B6F98472846C8
:104DB00003B030BDE74A070004011580B04A070080
:104DC000544C07002DE9FF419846036803920E46B4
:104DD0005B6F0746984736F08F0503D116F00F0F2B
:104DE000039A06D100232249224800931A4601F073
:104DF000CBFB740004F01E0444EAD6141823023CD2
:104E000003FB047494F83030DB070AD43846FFF70C
:104E100019FD054688B11849184840F20A6201F0A8
:104E20008FF9A38D434505D21549164800952B46A9
:104E30002A46DCE794F831303BB13B6838469B6F3B
:104E40009847284604B0BDE8F081D7F8EC02036823
:104E500031469D6E4346A847054638B194F8313037
:104E6000A4F82E80013384F83130E6E7E085E4E7EA
:104E7000B34C070004011580B04A0700544C0700EA
:104E8000D14C070005011580036837B55B6F0D46EF
:104E90000446984715F0700F01D1290706D1002369
:104EA0001249134800931A4601F06EFB6B0003F0A1
:104EB0001E0343EAD51118228B1E02FB034393F80D
:104EC0003020D2070AD42046FFF7BCFC054630B19B
:104ED0000849094840F2496201F032F9DD8D236842
:104EE00020469B6F9847284603B030BDE74A07002D
:104EF00004011580B04A0700544C0700036870B5E0
:104F00000446DB6F0D46984794F81C2384F81C5325
:104F1000AA42D3B226D0032B09D9032D8CBF002679
:104F20000126012B05D9012D03D88EB103E00026FF
:104F3000F7E786B100264FF43472002104F11C001B
:104F400009F094FB002384F81D3384F8F23216B183
:104F50002046FFF71DFC2368294620461B6EBDE84E
:104F60007040184770BD036810B50446DB6F984762
:104F7000D4F8EC0294F8F8120368DB6A9847B4F8A6
:104F8000F8322BB902212046FFF7B8FF012010BDEF
:104F90000321F8E7036810B50446DB6F984794F8DF
:104FA000F81284F81D1351B9D4F8EC0203681B6A97
:104FB000984703212046FFF7A1FF012010BD0123E0
:104FC00084F8F232032384F80C3323682046DB6E26
:104FD0009847F2E7036810B50446DB6F984794F8EA
:104FE000F532C3BB94F8F7320B2B34D8DFE803F06B
:104FF000060B331033151A331F24292E2046BDE823
:105000001040FFF77FBA2046BDE81040FFF716BEFC
:105010002046BDE81040FFF79DBD2046BDE810408A
:10502000FFF7A1BF2046BDE81040FFF72BB8204690
:10503000BDE81040FFF708BA2046BDE81040FFF772
:10504000A9BF2046BDE81040FFF70DBA2046BDE8D5
:105050001040FFF721BA002010BD036810B5DB6FC8
:1050600004469847002084F80C0394F82D0394F824
:105070001033D4E9C52190B1012B0BD8022384F859
:105080000C33236804F53D7120469B6EBDE810404B
:10509000012218472046BDE81040FFF739BB042B1A
:1050A00012D12046FFF796FF30B9D4F8EC0203681E
:1050B000BDE81040DB6C184794F80C3373B92046F8
:1050C000BDE81040FFF7CABA032BEED00120C4E9B7
:1050D000C02184F80A0384F80833F0E710BD0368A0
:1050E00010B5DB6F0446984720460221FFF706FF04
:1050F000002384F81E332046FFF74AFB236820462E
:10510000DB6DBDE810401847036810B504465B6FBF
:10511000984794F8F1323BB1D4F8EC0203689B69EC
:105120009847002384F8F13294F81C33012B03D9FB
:1051300001212046FFF7E2FE002384F81D3384F8A6
:105140001E33236820469B6FBDE810401847036854
:1051500010B504465B6F984794F8F03253B120467F
:10516000FFF7D2FFD4F8EC020368DB68984700230E
:1051700084F8F032236820469B6FBDE81040184742
:105180000D4B70B5036090F8F03204462BB10B491B
:105190000B4840F2625200F0D3FFFFF7D8FF04F54E
:1051A0003B7504F11C06B54204D0183D2846C9F7EA
:1051B000EBFBF8E7204670BD084D0700B04A07003A
:1051C000F24C070038B503680D46DB6F044698477C
:1051D00045B994F81C332BB129462046BDE8384028
:1051E000FFF78CBE38BD036870B50446DB6F984787
:1051F00094F82D3394F8106303B97EB92046FFF775
:1052000021FB054650B901464FF4347204F11C00ED
:1052100009F02CFA84F81D5384F8F252002384F824
:105220000C3394F82D3323B12046BDE87040FFF7CE
:105230006FBAD4F8EC02036856B1DB699847204690
:105240000421FFF75BFE2046BDE87040FFF706BA79
:10525000BDE87040DB6C184770B50E460446154635
:1052600002F040FF013609D02046002102F0AEFFD7
:1052700029462046BDE8704002F086BF70BD0000A0
:1052800008B5431C04D10E490E48212200F058FFF6
:10529000012351B11F2886BF0B4A00F01F004FF0B9
:1052A000A0428340C2F8083508BD1F2886BF064AC1
:1052B00000F01F004FF0A0428340C2F80C35F3E726
:1052C0007A480700B719070000030050F8B50F46E9
:1052D000044615461E4602F005FF01370ED094F92C
:1052E00000003146FFF7CCFF2046012102F06EFF9F
:1052F00029462046BDE8F84002F046BFF8BD03222B
:10530000FFF7AABF13460022FFF7E0BF0022FFF716
:10531000F9BF73B5164604461A460D46069B6EB98C
:105320000193FFF799FF01350DD0019B94F900001F
:10533000194602B0BDE87040FFF7A2BF02B0BDE859
:105340007040FFF7C3BF02B070BD00000048704757
:10535000D84D0700024B1B680BB102481847704735
:10536000F4630020D84D0700F8B5446894F8326023
:105370008EBB03685B689847226A82422BD0236900
:105380002062821A1A40A368A2FB03C194F9342058
:10539000CAB1606A10EB0C0541F10001002A1BDB69
:1053A000C2F12000A2F1200325FA02FC01FA00F06C
:1053B00021FA03F34CEA000C4CEA030CD1400CFA3E
:1053C00002F2AA1A6262D4E90A3213EB0C0341EB2F
:1053D0000201C4E90A31F8BDE76833463A46284677
:1053E00008F054FB844607FB10506062EBE78242F2
:1053F00006D98A420BD9884294BF00200120704709
:10540000884206D98A428CBF0020012070470120C3
:1054100070470020704700002DE9F74347683B6B59
:1054200023F07F4929F0FF090646B9F1000F5ED14C
:10543000FFF79AFF7B68002B5CD0D3E90040D7E9E7
:105440000A23A242834105D333685B6903B0BDE8F8
:10545000F04318477568D5E90A23A41AD5E90582EF
:1054600060EB0300EB69A24283411ED3EB68A3FB10
:10547000044103FB001195F933309BB1AA68501E1B
:10548000001941F10001002B1DDBC3F1200CA3F139
:10549000200220FA03F401FA0CFC44EA0C0421FA7D
:1054A00002F21443A04528BFA0462B6A08EB030272
:1054B0002B691A403B6A93420AD11449144840F2BE
:1054C000C91200F03DFE4B4608F0E0FA0446E9E759
:1054D0003368019210461B69984733685B689847A8
:1054E000019A0146386AFFF782FF0028ACD103B069
:1054F000BDE8F0837B69386A3A69184433681B69F0
:10550000104003B0BDE8F043184700BF044E070049
:105510002B4E07004368F7B593F830200546002A64
:105520007AD193F83230002B76D103681B68984704
:105530002B68DB69984703682BB9384938480093D2
:105540001A4601F021F8374A1F461446B7FBF2F21B
:1055500004FB12722746002AF7D16E683149B1FB6D
:10556000F4F11F22B1600127013A03D307FA02FCCC
:105570006145F9D186F83320B3FBF4F21F23F260C2
:10558000012404FA03F7BA4201D0013BF9D286F8AC
:1055900034304068071F1C2F05D9002322492348B7
:1055A00000931A46CDE720281CBF012383404FF00B
:1055B000070404FA07F414BF03F1FF334FF0FF337D
:1055C00033617461E017A4FB0143002701FB003144
:1055D000531E47F1FF3CE01841EB0C013B4608F03D
:1055E00055FA2B68C6E90601C6E900775B6898475B
:1055F0006B683062002101220020C3E90A015F626A
:1056000028461A8683F83270FFF7AEFE284603B0AC
:10561000BDE8F040FFF700BF03B0F0BD4F4E0700FC
:105620000E01048040420F00684E0700050104800F
:10563000F3B44568069C8C60C1E900236C680027C0
:1056400034B9CC607FB9696002B0F0BCFFF7E4BE4A
:10565000666801962668B242019E73EB0606F0D397
:105660002746E468ECE7F960D5E90A41944299419C
:10567000EAD202B0F0BC704738B505460C46FFF7D9
:1056800049FF00F007FE6B681C60BDE8384000F081
:1056900017BE70B5054600F0FDFDD5E90034DB68A6
:1056A000984794F832301BB1BDE8704000F008BE56
:1056B000012384F831306368A3B12846FFF754FE14
:1056C0006368D4E90A62D3E9000186428A4109D3BA
:1056D0006A68DB68526863602368002BEBD09068CF
:1056E0009847E8E7002384F831302846FFF794FE16
:1056F000DAE710B586B0CDE904210393089C029047
:1057000000F0C8FD0298FFF72FFEDDE9033205998E
:1057100002980094FFF78CFF06B0BDE8104000F03F
:10572000CFBD38B505460C4600F0B4FD6A68536835
:10573000A34209D1DB6853602846FFF76DFEBDE840
:10574000384000F0BDBD1346002BF8D0DA68A24205
:10575000F9D1E268DA60F2E713B50446FFF7DAFE42
:1057600000F098FD2046FFF7FFFD6368D3E90A01CA
:10577000CDE9000100F0A4FDDDE9000102B010BD9B
:1057800008B5FFF7E9FF08BD024B00221A7004F0CC
:1057900083B800BF5865012008B503F0EBFF024B4A
:1057A00001221A7008BD00BF5865012000487047EB
:1057B000A44E0700024B1B680BB102481847704704
:1057C000F8630020A44E070091F90C2091F9041011
:1057D00003F0C0BA024B1B6803B11847704700BF03
:1057E0009865012007B5019000F054FD019803B0C1
:1057F0005DF804FB07B5019000F062FD019803B06D
:105800005DF804FB00F046BD00F05ABD007B704718
:1058100038B50D4B03600023C0E901310273044623
:105820000A480D46FDF75AF901F05CFC55B1084BEA
:105830001A6862601C600548FDF750F901F070FCC1
:10584000204638BD6560F6E7E04E0700A065012000
:105850009C650120144B10B5036004461348FDF706
:105860003DF901F03FFCA3682BB1114962680B6858
:10587000A34212D10A600F4B0C481A68A24204BF1F
:1058800000221A60FDF72AF901F04AFC237B13B9C4
:10589000201F01F069FA204610BD19465B68A3423B
:1058A000FBD14A60E7E700BFE04E0700A06501209A
:1058B0009C650120C865012010B50446FFF7CAFFAA
:1058C0002046102101F04CFA204610BDF8B50646DE
:1058D00017480D46FDF702F901F004FC154B1C6852
:1058E00084B9072D1BD114482A46314608F088FE9A
:1058F000A8B90F48FDF7F2F801F012FC0F4B1C6835
:105900002046F8BDA76887B1384609F06FFDA84268
:105910000BD12A463146384608F072FE28B90448B1
:10592000FDF7DCF801F0FCFBEAE76468D8E700BFAC
:10593000A06501209C650120D04E0700C8650120AC
:1059400000207047036870B51B69012200210446DE
:105950009847051E0DDB236802221B6900212046A3
:1059600098472368064629461B6900222046984727
:105970003546284670BD000070B50E460025C0E9CA
:1059800000550E490446304609F038FD30440346C0
:1059900029461A782F2A07D10133236049B90849CB
:1059A00008482A2200F0CCFB002AF6D0013101334E
:1059B000EFE7FFF78BFF6060204670BD384F0700B0
:1059C0003A4F0700614F070000687047406808B50C
:1059D00020B1FFF71BFF431E5842584108BD10B5C8
:1059E0000446FFF7F3FF10B1606800B1043810BD42
:1059F000406808B520B1FFF709FFB0FA80F0400910
:105A000008BD10B50446FFF7F3FF10B1606800B1A0
:105A1000043810BD4068003818BF012070470020CE
:105A20007047F8B503681B6D0D4604468F189847FC
:105A30002E46BE42236806D09B6C16F8011B2046FA
:105A400098470130F5D1236820465B6D9847701B5D
:105A5000F8BDF8B503681B6D0E4604468F189847CD
:105A60003546BD42236805D1236820465B6D9847C3
:105A7000A81BF8BDDB6C20469847431CF4D005F802
:105A8000010BEEE700207047704700000F4B13B585
:105A90000022044640F8043BFFF7BAFE0C4B23609B
:105AA00060336360002363610A49204601F0BAF95C
:105AB0000346606128B9009002460749074800F094
:105AC00063FD00F02DFF204602B010BDF04E070030
:105AD000E84F07006A4F07006D4F0700190101806A
:105AE0000A4B03F10802683310B5044602604360B4
:105AF000406908F0C7F9064B23602046503340F850
:105B0000043FFFF7A7FE204610BD00BFE04F07008F
:105B1000884F070008B5024902488E2200F010FBAA
:105B2000505007007750070010B504460846FFF7AD
:105B300013FEC4E90001204610BD000010B5044664
:105B4000FDF714FF20460A4B40F8203BA169FFF700
:105B5000EBFFD4E90823C4E90A2300220023C4E9A7
:105B60000C230023C4E90E3384F84030204610BDD6
:105B7000A85007004FF0FF30704738B590F83F50FD
:105B800004460DB1FFF7C6FFFDF710FF94F8403053
:105B9000A5872BB184F84050BDE8384000F0CEBD59
:105BA00038BD10B5044601F1300000F001FBC4E936
:105BB0000001204610BDD0E90C32013342F1000251
:105BC000C0E90C32D0E90A3213F57A7342F10002CF
:105BD000C0E90A327047D0E90A2312F57A7243F11C
:105BE0000003FDF7D9BE37B50D46044689696846FE
:105BF000FFF79AFFD5E90A3200980199C01A61EBC4
:105C00000201B0F57A7F71F1000306D20022002371
:105C1000C4E90023204603B030BDB0F5FA6F71F13E
:105C2000000301D20122F2E700294FF47A724FF00B
:105C30000003D8BF002107F029FFC4E90001E9E70C
:105C400091F83F30F7B505460C4613B991F83C6022
:105C500026B112491248E52200F072FA6846FFF7B1
:105C6000C2FFDDE900304FF47A71A3FB017201FB42
:105C70000022A663D4E90A16C91942EB0602C4E958
:105C80000A12D4E90C125B1842EB00022846C4E960
:105C90000C32C5E9003203B0F0BD00BF5050070020
:105CA00081500700F0B51E4690F83F3085B004469D
:105CB000174623B11F492048582200F041FA90F8B6
:105CC0003C305BB9014602A8FFF7BAFF029BBB421A
:105CD000039BB34104D3012384F83D3005B0F0BDEC
:105CE000214602A8FFF75DFF4FF47A73A7FB03215B
:105CF00003FB0613D4E90810521843EB000394F891
:105D000040000121A18760B9A069006890F82000D7
:105D100038B984F84010CDE9002300F0F9FCDDE942
:105D200000230021204684F83E1005B0BDE8F04075
:105D3000FDF732BE5050070077500700024B4FF07E
:105D400080625A60704700BF00ED00E008B5012195
:105D5000383000F01BFA08B1FFF7F0FF08BD01234F
:105D600010B580F83F30836B04460BB1FFF7E6FFB8
:105D70002046FFF730FF10BD90F83C3010B50446C8
:105D80004BB1002380F83C3090F83E3013B901232A
:105D900080F83D3010BD90F83F30002BFAD0836B77
:105DA00001338363FFF7CAFF2046FFF704FF204655
:105DB000FFF711FFEEE70000024B4FF000725A6050
:105DC000704700BF00ED00E010B50446FDF7EEFDA2
:105DD000002384F83F30FFF7EFFF10BD102300F0E1
:105DE00007B8202300F004B8302300F001B84023A6
:105DF0009C46F0B404AE7546E80801D3EFF309867B
:105E00000E4F0FCE0FC70FBC0FC740464946524634
:105E10005B460FC71DCE3100A60A00D304316E09C0
:105E200000D248311FC7EFF309806946EFF31486AB
:105E300063C76046014900F079F800BFCC650120D6
:105E4000F0B52C4E2C4F85B000243546214656F82F
:105E5000042B3846013400F001FA0D2CF6D1AB6C5E
:105E600002936B6C01932B6C244C0093D5E90E23A9
:105E7000696B234800F0F2F92168224800F0EEF93E
:105E8000E16AA26AA36AA06A266BE76B000CCDE9FF
:105E900001670090C3F307231B48D2B200F0DEF97C
:105EA000A36A1E0603D5616B184800F0D7F9A36AF0
:105EB000180403D5A16B164800F0D0F9EB6C190754
:105EC00012D5144800F0CAF92B6DDA070FD5124825
:105ED00000F0C4F9EB6C5B074CBF1048104805B0EC
:105EE000BDE8F04000F0BAB90E4800F0B7F90E482E
:105EF000EEE700BFCC650120AC50070000ED00E0EC
:105F0000BA500700095107001751070066510700F2
:105F1000745107008251070091510700C1510700D9
:105F2000CD510700B15107009E51070007B5044647
:105F30000D461A48012100F032F968BB184800F0FC
:105F40008DF9302C19D0402C1CD0202C1FD1154895
:105F5000154C00F083F9154800F080F9FFF770FF49
:105F6000134800F07BF90D4B00221A7000231149F1
:105F700000932A46204600F007FB0F480F4C00F024
:105F80006DF9E8E70E480F4C00F068F9E3E70E48BA
:105F90000E4C00F063F9DEE70024E7E7DC66012041
:105FA000D9510700025207003E01FF802F5207001F
:105FB0003A52070059520700115207003F01FF8073
:105FC0001A5207004001FF80255207003D01FF8063
:105FD000F8B515460C4699B151F8087C95B128469C
:105FE00008F0AAFA064648B1AF423A46214628BF11
:105FF0002A4608F013FB204608F0A6FA3046F8BD02
:106000000F46EBE72E46F9E713B54A4310460192D7
:1060100008F092FA044618B1019A002108F026FB14
:10602000204602B010BD000070B506461D481E4C4B
:106030000D46FCF753FD01F055F815F1090F2CD86A
:1060400005F10801304608F067FB30B3A268174B32
:1060500005602A444360A2602269236801322261FC
:1060600062682B44934250F8042C88BF636023601D
:10607000002AA0F10403B8BF9B18A2691B68521B39
:1060800023F00103134400F10806A3610548FCF75F
:1060900025FD01F045F8304670BD63690133636149
:1060A0000026F3E73C66012020660120EFBEADDE4E
:1060B00000B572465DF804EBFFF7B6BF38B505468C
:1060C00019480C46FCF70AFD01F00CF81CB354F813
:1060D000042C164B9A4225D154F80C1C54F8082C69
:1060E000A4F10C030029B8BF5B181968002344F819
:1060F000043C0F4B1868801A186018690138186141
:10610000986921F001010244521A9A61A4F1080130
:10611000284608F0B3FA0448FCF7E0FCBDE8384034
:1061200000F0FEBF2146F3E73C660120EFBEADDE86
:106130002066012000B572465DF804EBFFF7BEBF94
:1061400007B50B46009201460022014800F01CFAF8
:106150004401FF8003460122D3E84F0FC3E8412FDB
:10616000C0B20029F8D17047D0E85F3F5B18C0E8A3
:10617000523F002AF8D198B27047D0E85F3F5B1ACF
:10618000C0E8523F002AF8D198B27047034653E85E
:10619000000F401A43E80002002AF8D17047034676
:1061A000D3E84F0FC3E8421FC0B2002AF8D17047AE
:1061B00013B5044600F06EF8D4E90001CDE9000102
:1061C00000F07EF8DDE9000102B010BD08B500F076
:1061D00061F8FEE773B5002201460446022000F094
:1061E00049FC0D2600F056F80022254614F8013B24
:1061F00023B902B0BDE8704000F062B80A2B09D1A3
:106200000D2A07D001220DF1070102208DF8076049
:1062100000F030FC01222946022000F02BFC14F88B
:10622000012CE2E700B5A3B002460B4601A8842189
:1062300009F0AAF9832806D9074B1A681B79CDF80B
:1062400083208DF88730002802DD01A8FFF7C2FF08
:1062500023B05DF804FB00BF695207000FB407B517
:1062600004A951F8040B0191FFF7DCFF03B05DF8BE
:1062700004EB04B07047EFF31080C04300F001005E
:106280007047EFF30580003818BF0120704701F018
:106290001DBE000008B501F009FE064A1368591C2E
:1062A00004D1054905483F22FFF74AFF0133136037
:1062B00008BD00BF646601206E52070098520700B7
:1062C000044A136823B1013B13600BB901F0F6BD1A
:1062D000704700BF6466012008B50B48FFF73AFF1E
:1062E00028B1FFF7D7FFBFF34F8F20BFFDE7FFF7C0
:1062F000C8FF08B1FFF76AFFFFF7BDFF0028F9D01C
:10630000012000F008FB00BFA46601202DE9B04386
:106310004B4C0F462168C1F34173032B0CBF4D4218
:106320008DB2C1F3074398B08146904645482A464E
:10633000FFF794FF6FF498731D44132D0FD8DFE817
:1063400005F00A6265686B716E740E0E0E0E0E0E0D
:106350000E0E0E0E0E77A1683B48FFF77FFF4846F2
:10636000FFF738FF61683948FFF778FF4FB13848C9
:10637000FFF730FF3846FFF72DFF36484146FFF75D
:106380006DFFA1683448FFF769FF2368334A1A4458
:10639000012A05D9324A934202D0033A93424BD1A3
:1063A000A06820B1C06C80F00800C0F3C000E368B2
:1063B000002B43D059682B4A002908BF1146E269D7
:1063C0000392A26902926269019222690092264DAB
:1063D000264A002818BF2A462548FFF73FFF04A891
:1063E00000F0CAFD079B01939DF8183021680093C7
:1063F0002048DDE90423FFF731FF1F48FFF72EFF98
:1064000018B0BDE8B083A1681C48A6E7A1681C4885
:10641000A3E7A1681B48A0E7A1681B489DE7A16806
:106420001A489AE7A1681A4897E7A168194894E7BB
:106430001948FFF713FF92E70020B8E70949BEE7C4
:10644000A8660120DE5207002F530700D75307002C
:10645000E8530700F0530700F4530700C2FE007F23
:106460004001FF80C9520700D3520700585207006D
:106470000854070061540700DB5407004553070028
:106480005553070064530700775307008B530700E9
:106490009F530700AE530700C45307007047000026
:1064A00070B5294C8EB034EA200428BF04460D464E
:1064B00016460021302202A808F0D8F8234B019498
:1064C0002344012B039505D9214B9C4202D0033B69
:1064D0009C4233D1EB6B02936B6B08931D4B5B6952
:1064E0000493DA6B05925A6B1B6B06920793FFF7C6
:1064F000D1FE194A13680133012B136009D101AD94
:106500000FCD164C0FC40FCD0FC40FCD0FC42B6889
:10651000236001AC0FCC124D0FC50FCC0FC50FCCB3
:106520000FC523682B600F4B1B68A5F1300043B1EA
:106530009847FFF7C5FE00200EB070BD029601AB74
:10654000CBE7FFF7ABFFF4E70101FF80C2FE007F5E
:106550004001FF80246200206866012070660120EF
:10656000A86601206C66012000207047014B187856
:10657000C0B27047DC66012000B5114672465DF876
:1065800004EBFFF78DBF000080B506460C460A48B5
:106590000121F04617461D46FFF701FE48B9424665
:1065A00039463046FFF77CFF029A29462046FFF71E
:1065B000ADFEFFF791FE00BFDC66012038B5064C4A
:1065C00023683BB9FEF7C2FE044D01462846FFF79B
:1065D000B5FA2560206838BD28670120E0660120F3
:1065E00008B5836823B9054B1B6893F83D0008BDC7
:1065F000C06898470028F6D0F9E700BF2867012057
:10660000F7B5194F04464FF0FF356FF000462046AE
:10661000FFF7E6FF30BBD4E90023B34208BFAA422C
:1066200002D03868FFF73EFB01A8FFF7DBF82046F1
:10663000FFF7D6FF98B9D4E90023B34208BFAA42B6
:1066400007D100F09FF801A8FFF7D4F8BFF36F8FD0
:10665000DDE73B6893F83C30002BF2D1F3E701A86B
:10666000FFF7C8F803B0F0BD2867012030B587B048
:10667000CDE902230A9B0C4D04930B9B0593044622
:10668000FFF79CFF02A8FFF7BBFF2868FFF775FA2A
:1066900068462968FFF7D4FADDE900232046C4E9FB
:1066A000002307B030BD00BF286701202DE9F0416D
:1066B000DFF83C8086B005460E4604A8D8F80010E6
:1066C0001746FFF76EFAD8F80020DDE90443926B15
:1066D000A41A63EBE2732A1943F1000302A8CDE97F
:1066E0000067FFF7C3FF0298001B06B0BDE8F0810A
:1066F0002867012010B5054C236813B9FEF726FE64
:1067000020602068BDE81040FFF726B838670120F8
:1067100013B5074C01212046FFF726FD034628B993
:106720000090228803490448FFF72EFF02B010BDF5
:106730002C670120F55407002301048013B5094C90
:1067400001212046FFF719FD4FF6FF73984206D14D
:1067500000232288044905480093FFF715FF02B083
:1067600010BD00BF2C6701201755070024010480CD
:10677000034B188880B2B0FA80F04009704700BF20
:106780002C670120F8B5FFF785FDFFF7B3FF07463B
:10679000FFF7EEFF0E460546A8B102F0EBFDFFF74E
:1067A000A9FF04460A468DB10E4DD5E90031DB1B29
:1067B00061EB06011B1942EB0101C5E90031BDE89F
:1067C000F840FFF77DBD02F0B1FDE8E70649D1E9E9
:1067D0000030DB1B60EB06051B1942EB0502C1E92B
:1067E0000032ECE730670120406701206FF01C00A9
:1067F00070476FF015007047012070470020704708
:1068000070470000034B186818B14FF0FF31CBF709
:10681000DFB9704778070120024B186808B1CBF741
:10682000EFB9704778070120F8B5074F15460C46B9
:106830008E18B44201D12846F8BD14F8011B384621
:1068400002F0FAFCF5E700BFD46A012038B511F078
:1068500001048DB205D0084802F024FD041E18BFC3
:106860000124EB0605D5044802F03CFD08B144F0D4
:106870001004204638BD00BFD46A012010B504467C
:1068800007F062FE204610BD10B50C462AB1044840
:1068900002F090FC2070012010BD1046FCE700BF04
:1068A000D46A012038B5084B0360084B1B680446C6
:1068B000154633B90648FEF787FF0548294602F01A
:1068C0005FFB204638BD00BF54560700406B0120D7
:1068D000D46A01200020704700207047074A084909
:1068E00013681844884289BF064B10600C224FF091
:1068F000FF308CBF1A601846704700BFFC64002050
:1069000000FC03204070012008B508B1FFF75EFCD1
:10691000FEE70120704708B5FFF7F6FF012070473A
:10692000002108F0CBBB08B5CCF7A8F808BD08B526
:10693000CCF7ACF808BD000010B50446037803F0AE
:106940000303012B08D0FFF75DFF237803F0030258
:10695000012A03D1FFF760FF00200AE02AB10549B0
:1069600005484FF4D462FFF7EBFB43F002032370BA
:10697000012010BD355507006155070008B50378A3
:1069800003F00302022A05D00749084840F2A96231
:10699000FFF7D6FB23F0030343F001030370BDE8C8
:1069A0000840FFF739BF00BF355507007F55070086
:1069B0003F2870B504462EDC184E56F820305A1C7D
:1069C00013D1022811DCFFF787FF034658B9204690
:1069D000FFF780FF034630B9114D2B68BFF35B8F83
:1069E000DB0704D50F4B46F82430184670BD284607
:1069F000FFF7A2FF0028F5D00B490A484FF4E13217
:106A0000FFF750FF094A0A490648FFF782FF284668
:106A1000FFF7B4FFE6E70023E7E700BFFC630020D1
:106A200048670120F46701209C56070000600020A1
:106A30000168060038B50546FFF7BAFF0B4B002486
:106A400043F8254030B907F0ABF9092303604FF054
:106A5000FF3038BD03685B699847051E04DA07F00C
:106A60009FF96D420560F2E72046F2E7FC630020E3
:106A7000FFF7E0BF13B5CDE90021FFF799FFDDE98E
:106A8000002140B907F08CF9092303604FF0FF346F
:106A9000204602B010BD0368DB689847041EF7DA91
:106AA00007F07EF964420460F0E713B5CDE90021F8
:106AB000FFF77EFFDDE9002140B907F071F90923F6
:106AC00003604FF0FF34204602B010BD03689B689E
:106AD0009847041EF7DA07F063F964420460F0E7B0
:106AE00010B5FFF765FF044628B907F059F90923E7
:106AF0000360204610BD0368DB699847041EF8DA7E
:106B000007F04EF9644204600024F2E737B54023F1
:106B1000CDF80100054668468DF8003007F0A6FB69
:106B2000044630B12846FFF7DBFF10B12046FFF7DF
:106B3000F7FE204603B030BD2DE9F74F06460F465D
:106B40009046FFF79EFB054630B100232D492E48A5
:106B500000933246FFF718FDFFF78DFB0028F4D0B5
:106B6000B8F1000F09DA07F01BF9162303604FF0A4
:106B7000FF34204603B0BDE8F08F3046FFF7B0FF8A
:106B8000044640B1DFF884B0DFF884A01BF806901B
:106B90002C46A84511DCA045EBDDA8EB0402391911
:106BA0003046FFF767FF0028E1DB24181FBF3F19BD
:106BB000164B17F8012C9A55DBE77A5D0A2A1CD18F
:106BC000B9F10D0F19D0AC420BDA2A1B3919304636
:106BD000FFF750FF0028CADB0444A542C9DC0BF8CC
:106BE0000690012251463046FFF744FF0028BEDBE5
:106BF000BFD04FF00D030BF8063017F805900135A4
:106C0000C7E700BFB65507002F0101808C67012040
:106C1000F0550700FFF764BF7FB504460D461646E2
:106C2000FFF72FFB30B100231F4920480093224675
:106C3000FFF7AAFCFFF71FFB0028F4D0002E07DAAD
:106C400007F0AEF8162303604FF0FF3004B070BDBC
:106C50002046FFF745FFF8B1154E01220DF10F0157
:106C60002046FFF722FF0028EEDBEFD09DF80F3023
:106C70000D2B08D1325D0A2A0AD01A460A23325552
:106C80002B700120E2E70A2B04D1325D0D2AF3E7D5
:106C90003355E2E71A46F2E732462946204604B069
:106CA000BDE87040FFF701BFF25507002F010180DA
:106CB0004C67012013B5CDE90021FFF779FEDDE92E
:106CC000002140B907F06CF8092303604FF0FF344E
:106CD000204602B010BD03681B699847041EF7DA0E
:106CE00007F05EF864420460F0E7FFF7E3BF38B5F1
:106CF0000D46FFF75DFE044630B907F051F8092351
:106D000003604FF0FF3038BD0368DB699847002807
:106D100014BF4FF400534FF400436B6023682046C8
:106D20009B6A984728610020EDE7FFF7E0BF00006D
:106D30001FB5039007F000FC039A034620B90090AA
:106D400003490448FFF720FC05B05DF804FB00BFD1
:106D50002E5607001F01018007F0EEBB07F0ECBBC9
:106D600007F0F2BB07F0F0BB10B504460B48FBF789
:106D7000B5FE00F0B7F90A4A4023002152F8040B8F
:106D8000A04208BF42F8041C013BF7D10348FBF7BF
:106D9000A5FEBDE8104000F0C3B900BFCC670120DC
:106DA000FC63002010B51248FBF798FE00F09AF93A
:106DB000104B032453F824207AB10134402CF9D12C
:106DC00006F0EEFF182303600948FBF787FE00F08A
:106DD000A7F94FF0FF34204610BD4FF0FF3243F8C3
:106DE00024200348FBF77AFE00F09AF9F3E700BF8E
:106DF000CC670120FC63002010B50446FFF7D2FFEA
:106E0000002807DB044B054A43F8204000231354B5
:106E1000034A135410BD00BFFC6300204C670120DF
:106E20008C67012073B506460191FFF7E5FF051E4B
:106E300013DB0199FFF76AFE044630B9084B53F89B
:106E40002520964204D143F82500204602B070BDAB
:106E500006F0A6FF09230360F7E70024F5E700BF6B
:106E6000FC6300200EB42DE9F04187B00190FFF7DC
:106E700099FF041E13DB00230199039304A8FEF776
:106E80007BFD04A8FEF7C6FD1E4E054668B906F058
:106E900087FF1323036046F824504FF0FF34204649
:106EA00007B0BDE8F04103B0704704A8FEF7A0FDAD
:106EB000074604A85FB1FEF7A4FD0390039B124AA6
:106EC00046F8243000231355104A1355E7E7FEF720
:106ED00086FD05460028DAD0036804A8D3F80880A8
:106EE000FEF772FD0D9B024603A92846C0470546E2
:106EF0000028E3D006F054FF6D42056046F8247088
:106F0000CBE700BFFC6300204C6701208C670120A9
:106F100070B50E461549054608F05EFA044618B9E4
:106F2000FFF746FD204670BD1149284608F054FA87
:106F300020B90120FFF73CFD0124F3E70D49284665
:106F400008F04AFA20B90220FFF732FD0224E9E7EF
:106F50002B78402B02D1D5F80140E3E726F48031AD
:106F60002846BDE87040FFF77DBF00BFBC56070054
:106F7000C3560700B456070010B5044620B90F49A0
:106F80000F489022FFF7DCF84C220021043007F074
:106F90006DFB4FF23C0323604FF0005323614FF42D
:106FA000802323624FF480132364064B1B686360C5
:106FB00002232372044BE36010BD00BFCB560700D1
:106FC000F256070000ED00E078AE010070B504460F
:106FD000FEF7ECFB0646FEF7D3FB05463046FEF710
:106FE000CFFB431BA342F9D370BD00001FB50023A4
:106FF000CDE90013031D0446029368461023039352
:10700000C9F760FE206020B9034904483522FFF724
:1070100097F804B010BD00BF0057070025570700C0
:1070200010B503490446FFF7E1FF204610BD00BF3D
:10703000295707000068C9F75DBE10B5044600680F
:10704000C9F7B6FE204610BD10B49DF804400CB937
:1070500042F0020200685DF8044BC9F77BBE07B539
:10706000009313460122FFF7EFFF03B05DF804FB26
:10707000FFF7F5BF07B5009313460022FFF7E4FFC3
:1070800003B05DF804FBFFF7F5BF00001FB5002358
:1070900003620D4B002918BF0B460093031D02939A
:1070A0001C230446039368460B230193CAF778FD1B
:1070B000206038B9FFF75AFA20B9044904483D2244
:1070C000FFF73EF804B010BD4957070063570700AB
:1070D0008357070010B500210446FFF7D7FF20466D
:1070E00010BD000037B504464FF0FF310068CAF705
:1070F0006FFD054620B9236A0133236203B030BD1A
:10710000FFF734FA03460028F8D1034903480093F7
:107110002A46FFF739FA00BFA7570700150102807A
:10712000036A013B13B503620068CAF769FD0446B0
:1071300048B1FFF71BFA034628B9009003490448F9
:107140002246FFF721FA02B010BD00BFB957070071
:107150001701028010B504460068CAF769FD204691
:1071600010BD00001FB504460023CDE90033231DE8
:10717000104602936A4610230393CAF785FE2060E7
:1071800020B9034903483722FEF7DAFF04B010BDE7
:10719000CD570700F157070010B54FF6FF720446B0
:1071A000FFF7E0FF204610BD13B500680C46CAF794
:1071B00083FE024670B1C11C4FF0000006D15CB1E5
:1071C0000090064906480023FFF7DEF9931CF7D12B
:1071D00002B010BD0120FBE72046F9E70058070088
:1071E000140102800068CAF78FBE10B5044600681B
:1071F000CAF7B8FE204610BD08B538B1C9F710FC73
:1072000020B103490348E322FEF79AFF08BD00BFFF
:1072100019580700C3580700FFF7EEBFCBF738BB7C
:10722000036910B504462BB90B490C484FF4FD72A5
:10723000FEF786FF1B680430984704F15400FFF7FF
:1072400051FF00236361012384F83D3004F14000C5
:10725000BDE81040FFF7C6BF643D0700933D07003F
:107260002DE9F047DDE9085799466B07044618BF3A
:1072700025F00706884692464FF000014FF0440281
:1072800000F1780014BF08362E4607F0EFF9B5FA82
:1072900085F300215B0984F83C30616184F83D107E
:1072A000202204F11C0007F0E1F905EB09039D1B06
:1072B000074BC4F830A025F00705002F08BF1F4674
:1072C000E562A761A662C4F83480BDE8F08700BF1C
:1072D000D258070013B5049CCDE9003413460A4682
:1072E0000021FFF7BDFF02B010BD000073B50446DA
:1072F00000F1540528460E46FFF7F4FE636913B902
:1073000094F83D3033B12846FFF70AFF6FF00300D1
:1073100002B070BDD4E90A30002B32D027490023D7
:10732000E26AB3EB920F3FD34423201D6362B04265
:1073300004F17803236209D00190C7F725FBF368B5
:1073400023611BB15B680198314698471C4804F1E2
:1073500018022146CBF770FA606150BB94F83C30BC
:107360002BB1A06A08B1FFF7FDFC0023A3622846F9
:10737000FFF7D6FE04F14000FFF734FF6FF0020084
:10738000C6E7104B1049984294BF20F003004FF01D
:10739000FF30FFF7E3FCA0620028BFD12846FFF7CB
:1073A000BFFE6FF00400B3E7A26A42F82310013376
:1073B000B6E72846FFF7B4FE0020A9E7A52E5AE25B
:1073C00021720600FBFFFF7F5C5D070070B500F1D6
:1073D000540504462846FFF785FE04F1400066691F
:1073E000FFF700FF0023636194F83D302BB10024C8
:1073F0002846FFF795FE204670BD012384F83D30F6
:10740000002EF4D03046CBF759FA0446F0E70000DE
:1074100010B50D4B03600446FFF7D8FF94F83C30DD
:107420002BB1A06A08B1FFF79DFC0023A36204F111
:107430005400FFF78FFE04F14000FFF7D6FE201D39
:10744000C7F7A2FA204610BDF858070010B5044649
:10745000FFF7DEFF2046BC21FFF782FC204610BD6F
:1074600013B5044654300190FFF73CFE646901985F
:1074700014B1A26B246B141BFFF752FE204602B01E
:1074800010BD4FF08043D3F8383413F0010004D01E
:1074900013F0020F14BF022001207047704708B597
:1074A000FFF7EFFF012804D0FFF7EBFF831E5842E0
:1074B000584108BD704701230372704700230372CF
:1074C0007047704700487047085A070010B5F4210C
:1074D0000446FFF745FC204610BD08B50023437263
:1074E00003F066FB08B103F0D9FE03F057FB18B1B7
:1074F000BDE8084003F0F4BE08BD03F0C1BB70B5A1
:107500004C00E4B2054604EBD11408460C214C4370
:1075100004F11C06A919002625444E608E60C5E9B9
:10752000072303F0C3FBB0FA80F0400970BD70B5CB
:107530004C00E4B2054604EBD11408460C214C4340
:1075400004F11C01294400262C444E608E60C4E9DD
:1075500007231BB9636A43F00103636203F0A6FBD0
:10756000B0FA80F0400970BD002003F013BC08465B
:1075700003F010BC03F0A9BC13B5144608460191F2
:1075800003F0FAFE0198A1B203F020FB019802B0CB
:10759000BDE8104003F064BB01F07F03082B07B582
:1075A000084603D0019103F01BFC019803B05DF87D
:1075B00004EB03F0AFBE084603F004BC10B5084668
:1075C0000C4603F00BFC10B1204603F029FF2046C7
:1075D00003F006FC204603F09DFE2046BDE8104067
:1075E00003F0CABE084603F025BD0000036810B5CD
:1075F0009B690446984703F0EBF920B10749084816
:107600008422FEF79DFD04F0A3FA63680BB1FFF737
:1076100095F8044A00236360136010BD18590700F1
:10762000785907000868012008B501234372FFF765
:1076300028FF012810D103F0B1FA08B903F0D8F9F6
:10764000FFF71FFF022807D103F0B2FA20B9BDE807
:107650000840012003F076BA08BD000038B51E4B83
:10766000802204460D46C3F88420BFF34F8FBFF33A
:107670006F8F43680BB9FFF74BF86560002004F08B
:1076800043FA20B1582215491548FEF759FD15480F
:1076900004F07AFA144803F09FFA054608B1642210
:1076A000F1E7402103F092FA4021802003F08EFAA6
:1076B0000E4B0F4A1C600F4B0F491D70D2F830352E
:1076C00043F00103C2F83035272000F01FFABDE86F
:1076D000384004F05FBA00BF00E100E0185907002D
:1076E000785907004C5A0700357A060008680120CF
:1076F0000070024004680120997A060013B50B4619
:10770000F9B9F2B990F9121000291ADA802003F0C1
:1077100043FB164B70B1D3F8002242F00402C3F8C9
:107720000022134B01221A70124B8022C3F804214D
:1077300002B010BD01221A65BFF36F8FBFF34F8FE8
:10774000EFE7002400F11C01C0E907324462019117
:1077500003F078FB0199204603F0A8FA0028E7D04F
:107760000549064840F24312FEF7EAFC0070024069
:107770000468012000E100E018590700785907006B
:1077800010B50B4601BBFAB9018B19B190F9121073
:10779000002919DB002003F0FFFA164B68B1D3F87B
:1077A000002242F00402C3F80022134B01221A7097
:1077B000124B8022C3F8042110BD01221A65BFF3C9
:1077C0006F8FBFF34F8FF0E70024C0E90A3200F15A
:1077D000280104631AB9036B43F00103036380209B
:1077E00003F064FA0028E7D00549064840F2711218
:1077F000FEF7A6FC007002400468012000E100E0F2
:107800001859070078590700044A026000224260B4
:107810000281827201220274704700BF94590700EE
:1078200010B50B4C2368BFF35B8FDB070ED42046EB
:10783000FFF782F850B107480749FFF7E5FF074A0D
:107840000448FFF766F82046FFF798F8014810BD96
:10785000006801200C6801209D7406000060002073
:1078600010B5044603F00CFA03F02CFB064A002383
:107870008021A372C2F88411044AC2F8FF3FBFF30B
:107880006F8FBFF34F8F10BD00E100E00060034039
:10789000034B8022C3F884215A6004F07BB900BFF7
:1078A00000E100E0837A012B10B504464FD1037B41
:1078B000062B1DD8DFE803F0150E04091C3D22003D
:1078C00040680368DB6901212CE040680368DB69DC
:1078D000002127E0FFF7C4FF606803689B689847B2
:1078E00006E0037A23B14068E18903681B6A984780
:1078F0000023A372BDE81040FFF7CABFC37B002B73
:10790000F6D1807B03F06AFA0028F1D194F90E20B9
:107910006068A17B0368002A06DA4A0601D15B6928
:10792000DDE79B6A9847E3E709B91B69D7E75B6A1C
:10793000F8E7802003F074FD002003F071FD04F1EE
:10794000120003F05DFA60680368DB68C7E7022B8A
:107950001ED1037C012B0FD0022B11D0002BC7D1DD
:10796000437A002BC4D003F019F908B903F040F8AA
:10797000606803689B69A6E7406803689B69A7E79E
:1079800003F016F90028B3D1012003F0DBF8AFE7CC
:10799000032BADD194F912204068002A0368BEDAA7
:1079A000C3E70000044B8022C3F88420BFF34F8F4D
:1079B000BFF36F8F04F0F5B800E100E013B50C469B
:1079C000FFF7F0FF402C28BF4024A1B20020019116
:1079D00003F0FCF80199802003F0F8F8FFF758FF56
:1079E000204602B010BD37B5154604460191FFF799
:1079F000D9FF082D2A46019828BF082204F1120158
:107A000006F00CFE03B0BDE83040FFF741BF0000B8
:107A100010B50446FFF7C6FF054B22681B6858687F
:107A2000DA6001229A720368BDE81040DB6A1847E9
:107A300008680120024B1B680BB1FFF7E9BF7047D4
:107A40000868012010B50446FFF7ACFF054B1B6822
:107A500058681C7402229A720368BDE81040DB6A01
:107A6000184700BF08680120024B1B680BB1FFF7E5
:107A7000E9BF70470868012010B5FFF793FF054B79
:107A80001B68586803229A720368BDE81040DB6ADD
:107A9000184700BF0868012010B5074C237833B1A0
:107AA000064B1B680BB1FFF7E7FF00232370BDE80F
:107AB000104003F0FDBA00BF0468012008680120EF
:107AC0000749084A084B9B1A03DD043BC858D050AD
:107AD000FBDC064880470648804706480047000010
:107AE000246007000060002068670020497B0600D2
:107AF000E987060041710200FEE7FEE7FEE7FEE7C8
:107B0000FEE7FEE7FEE7FEE7FEE7FEE7024B10308A
:107B100043F82010704700BF00000020024B1030D7
:107B200053F82000704700BF000000204FF0805342
:107B3000D3F83021082A03BFD3F83401B0FA80F01B
:107B4000400900207047000008B5FFF7EFFF40B183
:107B50004FF080430022C3F80C21C3F81021C3F872
:107B60003825FFF7E3FF002846D04FF08052674BDF
:107B7000D2F80414C3F82015D2F80814C3F8241559
:107B8000D2F80C14C3F82815D2F81014C3F82C1529
:107B9000D2F81414C3F83015D2F81814C3F83415F9
:107BA000D2F81C14C3F84015D2F82014C3F84415B9
:107BB000D2F82414C3F84815D2F82814C3F84C1589
:107BC000D2F82C14C3F85015D2F83014C3F8541559
:107BD000D2F83414C3F86015D2F83814C3F8641519
:107BE000D2F83C14C3F86815D2F84014C3F86C15E9
:107BF000D2F84424C3F87025FFF798FF18B1444B1E
:107C0000444AC3F88C26FFF791FF18B1424BFB2280
:107C1000C3F81825FFF78AFF70B14FF080414FF08D
:107C20008053D1F8E42ED3F8583222F00F0203F03B
:107C30000F031343C1F8E43EFFF778FF20B1374B41
:107C40004FF40072C3F84026FFF770FF48B14FF0C1
:107C50008043D3F80024D20744BF6FF00102C3F879
:107C600000242F4AD2F8883043F47003C2F88830D9
:107C7000BFF34F8FBFF36F8F4FF01023D3F8002265
:107C8000002A03DBD3F80432002B2EDA254B012225
:107C9000C3F80425D3F80024002AFBD04FF01022AB
:107CA0001221C2F80012D3F80024002AFBD04FF0B2
:107CB00010231222C3F804221A4BD3F80024002AFE
:107CC000FBD00022C3F80425D3F80024002AFBD0FF
:107CD000BFF34F8F1249144BCA6802F4E06213439A
:107CE000CB60BFF34F8F00BFFDE7104B104A1A6007
:107CF0004FF0804301220021C3F81825C3F8041176
:107D00009A60D3F80421002AFBD008BD00C00040CF
:107D1000005000404881030000F000400090024005
:107D200000ED00E000E001400400FA0500650020DD
:107D30000090D0030F4BD3F8042182B052B100223F
:107D4000C3F80421D3F804210B490192019A0A686F
:107D500001320A60D3F84421084B0AB91A7832B1CB
:107D60001A780AB100221A7002B0FDF7F3BA02B015
:107D7000704700BF00100140046901200069012024
:107D8000F0B5244F3A7885B06AB1234B0022C3F88E
:107D90004421D3F844210192019A4FF40032C3F8F0
:107DA000082305B0F0BD4FF08043C3F80421012241
:107DB0009A60D3F80421002AFBD0174C17490025FC
:107DC0000126656011206660FFF7A0FEC4F8085523
:107DD000C4F84451D4F844310393039BC4F80451CC
:107DE000D4F804310293029B4FF00213C4F84833D5
:107DF0000223C4F804330A4B4FF400324021C4F884
:107E0000082383F81113C3F880211A6026603E709E
:107E1000C7E700BF0169012000100140357D060061
:107E200000E100E0084A012353604FF40033C2F838
:107E30000833064AC2F88030BFF34F8FBFF36F8F0D
:107E4000034B00221A7070470010014000E100E06F
:107E50000169012073B504460E461546FEF71AFA6D
:107E6000114B24F07F40D3F80445A04204D00134E4
:107E700024F07F44844202D1023020F07F4006F596
:107E8000A87643F82600D3F804232A4007D1C3F884
:107E90004421D3F844210192019AC3F8045302B05B
:107EA000BDE87040FEF70CBA0010014002480378AC
:107EB0000BB101F00DBD704704650020024B01229B
:107EC00000201A7001F012BD04650020024B1878E2
:107ED000B0FA80F040097047046500201F288BBF6E
:107EE00000F01F0303461A4A4FF0A04203F5E07367
:107EF00030B452F82330174AC3F30143032BD2E9BD
:107F00000035C0F12004A0F1200223FA00F305FAA5
:107F100004F443EA040325FA02F243EA02030CBF25
:107F200001210221DB0710D50B4B01291B5C09D174
:107F300013F0400F09D0094B094A1B6852F8200082
:107F400030BC184713F0200FF4E730BC704700BF77
:107F500000030050006A0120C8690120086A01205E
:107F600008690120114930B4D1E90025C0F120048D
:107F700005FA04F4A0F12001C240224325FA01F1E0
:107F80000A43D40703460ED5094A115CC1F3001217
:107F9000890703D51AB930BC03F046BB1AB130BC0F
:107FA000184603F093BC30BC704700BFF86901204D
:107FB000C86901202DE9F347DFF82481444F18F800
:107FC000003004460126A4F12005C4F1200106FA80
:107FD00005F526FA01F1C3F3001013F0010F024674
:107FE00045EA010506FA04F6A4F1200AC4F12009C5
:107FF00001D1002865D018F804309B07214601D52F
:10800000002A44D00023ADF8053003238DF8043056
:1080100018F80430C3F38100012801D0032801D1EE
:108020008DF8050022B32B4A01A9204603F062FB1C
:10803000294AD2E9003202FA09F9E34043EA090386
:1080400022FA0AF21343D90709D518F804305A0660
:1080500001D49B0603D50121204603F0CBFBD7E9D1
:10806000002316431D43C7E9006502B0BDE8F08751
:108070001F2C9DF8053086BF184A04F01F014FF0F1
:10808000A04201F5E0719B0042F82130E7E71F2C88
:1080900088BF124BADF8042094BF4FF0A04304F00A
:1080A0001F02D3F804358DF8060098BF2246D3404E
:1080B00003F0010301A920468DF8053003F04AFAC8
:1080C000CDE7D7E9002322EA060623EA0505CAE739
:1080D000F8690120DD7E0600006A012000030050DF
:1080E000C86901204B1C10B50446017014D0C9B2F8
:1080F0002F2904D909490A485422FEF721F80949D1
:108100000620FFF703FD03F0E5F9074994F9002085
:108110008B5C43F001038B5410BD00BF505A070025
:10812000955A070041B90600C869012008B590F9C1
:108130000030591C04D1104910485F22FEF700F8A6
:108140000F4AD25C92070CD51F2B8ABF0D4A4FF005
:10815000A04203F01F03D2F80405D84000F001004C
:1081600008BD1F2B8ABF074A4FF0A04203F01F0330
:10817000D2F81005F1E700BF505A0700B719070001
:10818000C86901200003005038B5044690F900008A
:10819000431C0D4604D10A490A48AC22FDF7D0FF22
:1081A000C0B2FFF7DFFE94F90000074B1A5C65F3DD
:1081B00083021A54BDE83840C0B2FFF7FBBE00BFCF
:1081C000505A0700B7190700C869012038B504469E
:1081D00090F90000431C0D4604D10A490A48B72211
:1081E000FDF7AEFFC0B2FFF7BDFE94F90000074BEC
:1081F0001A5C65F341021A54BDE83840C0B2FFF77B
:10820000D9BE00BF505A0700B7190700C86901203E
:1082100000280CDB4309064900F01F00203301222F
:10822000824041F82320BFF34F8FBFF36F8F704719
:1082300000E100E00023435082B043580193019BCA
:1082400002B070470378012B10D0022B10D0002B06
:1082500014BF02230823CA690B6213420AD08B6938
:1082600043B100228A6101220A7518470423F2E70C
:108270001023F0E770470000F0B50668044689B0A7
:10828000304600F0A3F9844205D12369022B02D1C4
:10829000237D002B3BD02E4D2146304600F08EF939
:1082A0000223236155F83630D3F80035F70053B177
:1082B00094F824306BB327483844019004F026FD2D
:1082C000019804F0BBFC244B53F8260040F3073020
:1082D000FFF79EFF94F8253094F9050094F90410F7
:1082E000FBB194F826301B4C069100225B083C44FD
:1082F000CDE90420039303A907232046ADF81C20F1
:108300008DF81E3004F012FC204604F0CBFC09B0BE
:10831000F0BDE819019004F0DDF9019804F0F4F9DA
:10832000D1E7A36805930723ADF81830A369CDE919
:1083300003013D444BB1094A234603A9284604F0F2
:1083400031F9284604F0B6F9E1E71A46F5E700BF2F
:108350001C5B0700345B07002C5B070045820600AE
:1083600070B50E461546044604F026FE184B02680A
:10837000B3FBF2F3174A29463046136000F030F998
:10838000012804DD144915487E22FDF7D9FE00239B
:108390004FF0CC72C4E9022301222275104A2060FA
:1083A00011782671C4E90633657123612362A384C1
:1083B00084F8263051B10B4913700320FFF7A6FB58
:1083C000BDE8704008490420FFF7A0BB70BD00BFA6
:1083D00040420F0008650020B45A0700F85A070011
:1083E000056500209DCE0600A9CE060090F8253038
:1083F00063B9084B99420ADD074B9942D4BF4FF04D
:1084000080614FF0CD6101238160037570474FF0AB
:10841000CC71F8E78FD003007F1A06000268114B79
:108420002DE9F04153F822500F4F4FF4827104466A
:108430002846FFF7FFFE01236B6104F0C5FD3B6892
:1084400042F20F7803FB00F6D5F8043133B904F09B
:10845000BBFD3B6843439B1B4345F5D90020E060CF
:10846000BDE8F0812C5B070008650020F7B51C46CD
:1084700001230375076801920E46FFF7FDFE0848C9
:10848000019A2346C6F3470100EBC70004F006FA41
:1084900000280CBF20464FF0FF3003B0F0BD00BFF6
:1084A0001C5B0700F0B51D4685B001230375076806
:1084B00003920E46FFF7E0FE0A9C0A48039AB4FABC
:1084C00084F4640900942B46C6F3470100EBC7000F
:1084D00004F0CCF900280CBF28464FF0FF3005B05F
:1084E000F0BD00BF1C5B0700C368003918BF012145
:1084F0004BB190F8253080F82430012380F8251006
:108500000375FFF7B9BE0B46F5E7000010B5036829
:10851000064C04EBC304204604F064FC18B9204662
:1085200004F050FC10BD0320FCE700BF345B0700E3
:1085300073B506680D4D05EBC6042046CDE9001263
:1085400004F050FCDDE900120028F6D0204604F0CB
:1085500015FC204604F066FC0028FAD155F83630A8
:10856000D3F83C05C0B202B070BD00BF345B070059
:1085700073B506680D4D05EBC6042046CDE9001223
:1085800004F020FCDDE900120028F6D0204604F0BB
:10859000D1FB204604F036FC0028FAD155F83630DD
:1085A000D3F84C05C0B202B070BD00BF345B070009
:1085B0000121017580F82620FFF75EBE0228DCBF8E
:1085C000014B43F8201070470C6A01200228DABFE3
:1085D000024B53F820004FF0FF3070470C6A012027
:1085E0002A4B70B500220446184693F900506E1CC1
:1085F00003D193F90160013612D0A5422BD193F932
:1086000001508D4227D100EBC200214D406800EBA4
:108610004002AB18AC54FF2259709A70431C19D118
:108620001B4A92F90000844207D192F901308B4233
:1086300003D192F90230013326D092F903309C42E3
:108640000CD192F904508D4208D192F905500135B0
:1086500004D1012070BD01320833C6E755782840A7
:1086600095782840FF280DD01079034050790340B9
:10867000FF2B09D1012303EB430015181454697033
:108680001846E7E70023F6E70020E3E70059070074
:108690000C6500202C4BF0B504461D46002093F9D4
:1086A0000060771C07D193F90170013703D193F96A
:1086B0000270013715D0A6423CD193F901608E4279
:1086C00038D193F90260964234D105EBC0051F4EB4
:1086D000686800EB40057319745559709A70431C13
:1086E00027D11A4B02201D461E4695F90670A74257
:1086F00007D195F907708F4203D195F90870974219
:1087000017D00138471CA5F10305EED1022093F9DB
:108710000650013511D193F9075001350DD193F968
:108720000850013509D100EB400573197455597093
:108730009A70F0BD01300833B1E70138451CA3F150
:108740000303E4D10220F4E7085907000C65002078
:10875000234B70B500220446184693F90060751C3F
:1087600013D093F90150B5F1FF3F0ED0A6421FD1AF
:108770008D421DD100EBC2001A4B406803F8104037
:1087800003EB4003461C597016D1164A92F90000BB
:10879000844203D192F901308B420CD092F902301D
:1087A0009C420AD192F903508D4206D1012003E088
:1087B00001320833D1E7002070BD55782840FF28EA
:1087C0000BD0D0780340FF2BF0D1012302F81340E7
:1087D00002EB430218465170EEE70023F6E700BFB4
:1087E000105907001565002008B5054B05494FF4E1
:1087F0008072184605F012FF034A906008BD00BF62
:10880000000000200070020000ED00E000F0ACBFAE
:108810000023435082B043580193019B02B070473C
:108820002822074B50431A181B58002151741A6A0A
:1088300022B1586A800701D5D8691047704700BF38
:10884000806A0120074B282250431A1800215173D7
:108850001B581A6A2AB1596AC90702D5D869012179
:1088600010477047806A0120084B282250431A188D
:108870000021D17351731B581A6B2AB1596B4907E8
:1088800002D5042199631047704700BF806A012018
:1088900008B5174B1A7832B100201870154BDB7BE6
:1088A000F3B1FFF7E1FF144B1A781AB100201870EA
:1088B000FFF7B6FF114B1A7842B100221A700D4B28
:1088C00093F8373001207BB1FFF7CEFF0C4B1A78BD
:1088D0006AB100221A70BDE808400120FFF7A0BF6E
:1088E0001846FFF7AFFFDEE7FFF7ACFFEEE708BD86
:1088F000D26A0120806A0120D06A0120D36A012057
:10890000D16A012008B5114B024653F82000104BE4
:10891000C0F808334FF4A671FFF77AFF4FF488715F
:10892000FFF776FFD0F8003223F02003C0F80032C2
:10893000084B282101FB023301221A74002283F81C
:1089400024201023C0F8043308BD00BFE45B0700F7
:1089500010000800806A0120184B2DE9F04153F8FF
:108960002080174E174FC8F80873282303FB00F424
:1089700035190434686900F0F0FF2023AB614FF42F
:10898000A6714046FFF744FF4FF48871FFF740FFA0
:10899000D8F8003243F02003C8F800320023264400
:1089A0000122AB74C8F834652B74C8F8382585F8F3
:1089B0002430C8F80473BDE8F08100BFE45B070011
:1089C000806A01201000080040B9074B01221A708C
:1089D000064B4FF48012C3F8002170470128FCD1E8
:1089E000034B1870F4E700BFD26A012000E100E0F9
:1089F000D36A01202DE9F74FDFF84481044658F887
:108A00002000D0F81031EBB14FF48871FFF700FF70
:108A1000DFF81CA1282363430AEB030B9BF81060CB
:108A2000002E43D000228BF810208BF80E205AF82D
:108A30000330D3E90F212AB1C80503D54FF4807163
:108A40005964904758F82450D5F84C31FBB1D5F80B
:108A50001031E3B94FF4A6712846FFF7D9FE344A26
:108A600028236343191D1344987C80F001000144BE
:108A7000186A0A44C5F83425411C4FF00102C5F8B4
:108A8000382504D0996903294CD902F023FED5F882
:108A90002031002B49D028464FF49071FFF7B8FEE3
:108AA000204603B0BDE8F04FFFF78EBF9BF8125091
:108AB000D0F83C9585F001028BF81220B9F1000F37
:108AC000C0D01D4403F11807043557445544DBF862
:108AD000140001A900F063FF88B115F8013B037091
:108AE000DBF8140001A900F084FF57E8002F013AD9
:108AF00047E80023002BF8D10136B145E7D1282300
:108B000003FB04A35A7C002A9CD101225A744FF41F
:108B10008011084B24B908480270C3F8001191E78E
:108B20000648F9E783F82420B1E703B0BDE8F08FE9
:108B3000806A012000E100E0D06A0120D16A0120B2
:108B4000E45B07000120FFF755BF0020FFF752BF8D
:108B50002DE9F341044628B95749584840F24222CA
:108B6000FDF7EEFA41684D1C10D01F2987BF544A0B
:108B700001F01F030B464FF0A0420120984003F57F
:108B8000E073C2F80805032042F82300A268501CD5
:108B90000CD01F2A8BBF02F01F03134648484FF02A
:108BA000A04003F5E073002540F823502368454EAC
:108BB00056F82300C0F80C15C0F81425227D012AB0
:108BC00015D1E268511C0CD01F2A8BBF02F01F0187
:108BD00011463B4D4FF0A04501F5E071002745F8E7
:108BE00021704FF0FF31C0F80815C0F81025364D40
:108BF0002169282707FB03531A6A91424ED0187F38
:108C000003F08AF820B140F26F222B492F48A7E7E2
:108C1000236807FB03531B6A013302D0206902F06B
:108C200003FD2069431C33D0294902F093FC082836
:108C300006D1206902F0F8FC2549206902F08AFC7F
:108C400010B140F28622E0E72368206956F823102D
:108C5000282707FB035201F5887192F81C800191C7
:108C600002F02AFD01990246404603F01FF810B1B8
:108C70004FF42372C9E7236807FB0353187F03F0FF
:108C800035F810B140F28F22BFE7206902F002FDF3
:108C90002368282202FB035523692B622368217D68
:108CA00056F82320637D0B43C2F86C35A369C2F8E4
:108CB000243502B0BDE8F081445B07008B5B070000
:108CC00000030050E45B0700806A01207859070028
:108CD000DE5B070070B5044628B91A491A484FF4FC
:108CE0003C72FDF72DFA0568184E28236B43F218E5
:108CF000F358834202D193F82C1081B12046FFF73C
:108D000027FF28236B432846F450002384F82C3097
:108D100094F82D304BB1BDE87040FFF7F3BD93F8E8
:108D20002D30127C4BB93AB12846FFF715FE084B9F
:108D300053F8253001221A6070BD002AFCD1284664
:108D4000E9E700BF445B07008B5B0700806A0120F6
:108D5000E45B07002DE9F84F88461746044628B91A
:108D60005749584840F23732FDF7EAF9564B574D0C
:108D70001A78002A5ED000221A7002F0E1FB08B9CE
:108D800002F0A8FB524E53491420FEF7BFFEE02329
:108D900086F814334FF48013C6F880313360DFF85F
:108DA0006C914D4901232122484600F0C3FD002368
:108DB000C5F8149049482B6002F04AFF814620B163
:108DC0004FF456723E494648CEE7464B46494FF06F
:108DD000FF3AC5F820A00220C3F808A3FEF796FECC
:108DE000042386F80293C6F880313360DFF820B19F
:108DF0003E4901232122584600F09CFDC5F82890E9
:108E00003B48C5F83CB002F023FF814610B140F268
:108E10006E32D7E7374BC5F848A03749C3F808A3E7
:108E20002820FEF773FE4FF4807386F82893C6F867
:108E30008431736039464046FFF78AFC2823434358
:108E4000EA18206096680136012E96601ED12B4AE2
:108E500052F820000822C0F800250C334FF0FF32F2
:108E6000C0F80C251D44C0F814254FF08052C0F8FE
:108E700024254FF49071C0F84455C0F84865FFF7B9
:108E8000C7FC8660D0F81C31002BFBD01C4BA361C3
:108E90004FF0FF33C4E903330023A3822362194B4D
:108EA0009C4208BF184A4FF00103C4E9018708BF7C
:108EB000136084F82C302046BDE8F84FFFF70ABF56
:108EC000445B07008B5B070019650020806A012066
:108ED00000E100E091880600186A01209C6A0120E8
:108EE00078590700002000404B8B06004C6A012097
:108EF000C46A012000800240458B0600E45B070045
:108F000000502700D46A0120406B01203C6A0120F8
:108F1000706A012008B528B9134914484FF47572D6
:108F2000FDF70EF902681249282303FB02118B6832
:108F300083B1013B8B606BB90E4951F82210C1F827
:108F4000003501213AB90C4BC3F8FC2FD3F8FC2FA4
:108F5000C3F8FC1F08BD094AC2F8FC3FD2F8FC3F29
:108F6000C2F8FC1FF6E700BF445B07008B5B0700FD
:108F7000806A0120E45B070000200040008002407E
:108F800008B528B93449354840F20242FDF7D8F80F
:108F9000B1F5166F39DBB1F5965F39DBB1F5165FC8
:108FA00039DBB1F5615F38DBB1F5964F37DBB1F5F1
:108FB000E14F36DB47F61123994234DDB1F5164F08
:108FC00033DBB1F5614F33DBB1F5963F33DBB1F500
:108FD000E13F33DBB1F5613F32DB214B994232DDBA
:108FE000B1F5E12F32DBB1F5612F32DB1D4B994238
:108FF000D4BF4FF070614FF0805183698B421EBF28
:109000000123816180F82C3008BD4FF49E21F4E7E4
:109010004FF41D21F1E71449EFE71449EDE7144936
:10902000EBE71449E9E71449E7E74FF40001E4E707
:109030004FF41D01E1E74FF46B01DEE70F49DCE778
:109040004FF0EB71D9E74FF06C71D6E74FF08061CC
:10905000D3E74FF0E861D0E7445B07008B5B070084
:109060008FD003003F420F0000B0130000502700D4
:1090700000F03A0000A04E0000C0750000903A01D8
:1090800008B528B91549164840F24242FDF758F88C
:10909000082904D01149134840F24742F6E712F07C
:1090A000FD0F04D00D4910484FF48962EEE7012B03
:1090B00004D00A490D4840F24942E7E7417D31B109
:1090C0001AB9427580F82C3008BD0E29FCD0022A4E
:1090D000FAD10E2343750123F4E700BF445B070078
:1090E0008B5B07008F5B07009E5B0700CF5B070071
:1090F00008B528B90F49104840F26A42FDF720F838
:10910000B3F1FF3F03D0012908BF4FF0FF33C36025
:10911000531C03D0022908BF4FF0FF32003918BF9B
:1091200001210123017580F82C300261BDE808405F
:10913000FFF7D0BD445B07008B5B070008B528B97B
:109140000449054840F2D642FCF7FAFFC0E907217E
:1091500008BD00BF445B07008B5B0700F8B50E46F7
:1091600028B91149114840F2EB42FCF7E9FF012907
:109170000768446A0CBF0125022582B12543456278
:10918000FFF7A8FD012E0DD1094B53F82730D3F876
:109190001C313BB13846BDE8F840FFF715BC24EA66
:1091A00005044462F8BD00BF445B07008B5B070009
:1091B000E45B0700F7B528B91C491D4840F214527A
:1091C000FCF7BEFF002207681A4C80F82D20FFF73D
:1091D00081FD282303FB07435D696A89EB8892B20E
:1091E0009BB29A42F9D001A9284600F012FC01A9CD
:1091F0000646284600F038FC282303FB07431833B3
:1092000053E8001F013143E80012002AF8D1282357
:1092100003FB074494F8243023B1206A84F8242007
:1092200002F058FA307803B0F0BD00BF445B07008D
:109230008B5B0700806A012038B50D4628B91549B7
:10924000154840F24552FCF77BFF0468FFF742FDEA
:10925000124B53F82400D0F81C31002BFBD04FF4F4
:109260008E71FFF7D5FA28220D4B54431A190C348E
:10927000234415730122C0F844354FF49071C0F8AF
:109280004825FFF7C5FA4FF48073C0F804338260B5
:1092900038BD00BF445B07008B5B0700E45B070041
:1092A000806A012010B528B90B490C4840F26D5274
:1092B000FCF746FF002280F82D200468FFF70AFD26
:1092C000074B282202FB04335B695889DB88C01AEC
:1092D00018BF012010BD00BF445B07008B5B070077
:1092E000806A012008B528B90C490D4840F28A521D
:1092F000FCF726FF02680B4B282101FB02335B7B46
:10930000DBB243B9084B53F82230D3F81C010038C4
:1093100018BF012008BD0020FCE700BF445B070028
:109320008B5B0700806A0120E45B07000E4B1A6923
:1093300042F010021A61F1EE102A22F09F02E1EED3
:10934000102AF1EE102A094A4021C2F884114FF088
:1093500080420121D16740BF20BF5A68044B1340AF
:1093600003B920BF704700BF00ED00E000E100E05E
:109370003FF0439E074808B5037813B1064B01221E
:109380005A60FFF7D3FF037813B1034B01221A6031
:1093900008BD00BF476B01200090004073B5056811
:1093A00004462846FFF712F9844201D1237EF3B127
:1093B000104E114800232376735D00EBC5001BB1EE
:1093C000019002F055FE0198E36904F1080163B1D0
:1093D0000A4A234602F050FD0123214628467355D0
:1093E00002B0BDE87040FFF7E9B81A46F2E702B0F4
:1093F00070BD00BF446B0120685C07007D940600CF
:1094000030B5C26A056B046CC36B816A521B85B0B0
:109410001B1BFF2A28BFFF222944FF2B28BFFF2345
:109420000091816B03930068054B2144CDE9012134
:1094300003EBC0000022694602F05EFE05B030BDBD
:10944000685C07001F2886BF044A00F01F004FF029
:10945000A04201238340C2F80C357047000300503E
:109460001F2886BF044A00F01F004FF0A0420123CE
:109470008340C2F8083570470003005010B50C4611
:10948000017831BB8368226B00691A44236C226324
:109490000344E06A236482420CD383420AD3236AE2
:1094A00058070CD494F90400431C07D0BDE81040C1
:1094B000FFF7D6BF2046FFF7A3FF50B910BDE36901
:1094C000002BEFD001222276E161042262629847EC
:1094D000E8E7236A9A07E5D5E369002BE2D000228A
:1094E000E261012222760222F0E700002DE9F0413C
:1094F0000F46164604461A46314638469DF918501E
:109500009846FFF7C7F80228206004DD1F4920486D
:10951000FA22FCF715FEFF23E3724FF60773A381CF
:109520004FF0804323610023C4E90733A3826362C1
:10953000257184F808806772A6722046FFF72EFF17
:109540006B1C0ED02846FFF78BFF1F2D86BF05F042
:109550001F05104B4FF0A04305F5E071032243F8BF
:1095600021200D4B1A787AB100220C491A70032081
:10957000FEF7CCFA0A490420FEF7C8FABDE8F0412C
:1095800008492320FEF7C2BABDE8F081EC5B070072
:10959000305C0700000300501A6500209DCE0600D5
:1095A000A9CE0600B5CE0600082908B505D00D499C
:1095B0000D4840F26312FCF7C3FD23B109490B4883
:1095C00040F26512F7E7511E022998BFD3B2027D1F
:1095D0009A421EBF037501230376BDE80840FFF7DA
:1095E000DDBE00BFEC5B0700945B07005C5C07001E
:1095F000154B994219DD154B994219DD144B9942CF
:1096000019DD144B994219DD134B994219DD134BA7
:109610009942B4BF4FF080414FF0004103698B4243
:109620001EBF01230161037670474FF00071F5E71B
:109630004FF08061F2E74FF00061EFE74FF08051AB
:10964000ECE74FF00051E9E78FD003001FA10700BE
:109650003F420F007F841E00FF083D0000127A0089
:1096600030B5044687B005688DF80610FFF796FE02
:1096700094F90400421C01D0FFF7E4FE0DF106034B
:109680000B4802930DF107020123CDE9042302A93F
:10969000002200EBC500039302F02EFD94F90400B4
:1096A000431C01D0FFF7DCFE9DF8070007B030BD7A
:1096B000685C07002DE9F04F87B015469A46427B5B
:1096C0009DF844300768109E00919A4218BF01220D
:1096D00004461CBF02764373FFF760FE94F9040052
:1096E000421C01D0FFF7AEFE1E4B002003EBC70962
:1096F00080460746002D0EDC002E0CDC94F9040099
:10970000431C01D0FFF7ACFEB8454046B8BF384611
:1097100007B0BDE8F08F0028F0D1FF2D2B46A8BF81
:10972000FF23002DC8BF009A0193C8BF02EB0800B9
:10973000FF2EB346A8BF4FF0FF0B002ECCBF0AEBA5
:1097400007020022CDE90203CDE9042B02A9002281
:10975000484602F0D1FC019BA6EB0B06ED1A98449B
:109760005F44C7E7685C0700704700000048704727
:10977000805C070073B5224E224C327862B1002320
:10978000C4F84031D4F840310093009B4FF480334B
:10979000C4F8083302B070BD01254FF48033656012
:1097A000C4F80833D4F80435174923F00303C4F888
:1097B0000435D4F8103523F00F0343F00403C4F844
:1097C0001035D4F8083543F00303C4F80835C4F85D
:1097D0004025C4F84021D4F8403101930920019B71
:1097E000FEF794F9094B402283F809234FF40072E5
:1097F000C3F880211A60256065643570CAE700BF30
:10980000476B012000900040B557060000E100E0E2
:10981000024B01225A64D3F844057047009000407F
:1098200013B50446FCF736FD0B4BC3F84045D3F89F
:10983000042312F4803209D1C3F84021D3F8402127
:109840000192019A4FF48032C3F8042302B0BDE8BC
:109850001040FCF735BD00BF00900040024B4FF4B4
:109860000072C3F80021704700E100E0024B4FF4A2
:109870008032C3F80823704700900040054B002257
:1098800082B0C3F84021D3F840310193019B02B06C
:10989000704700BF009000400A4B01225A601A61D5
:1098A0004FF48032C3F80823074B4FF40072C3F81B
:1098B0008020BFF34F8FBFF36F8F044B00221A70CD
:1098C000704700BF0090004000E100E0476B0120BE
:1098D00072B6054A1378191E18BF012101330170B1
:1098E00013700020704700BF486B0120044B1A78AA
:1098F00018B1013A1A7000207047187062B6FAE782
:10990000486B012010B5034653E8002F02EA01001E
:1099100043E8000494F0000FF6D110BD10B50346E3
:1099200053E8002FA2EB010043E8000494F0000F7D
:10993000F6D110BD10B561B1B2FBF3F403FB1424F2
:10994000A4B244B9C0E9001484608281C381204676
:1099500010BD0E20FCE70920FAE782B050E8022F84
:10996000C188B2EB324F4FF0000317BF92B241EA09
:10997000014142EA014104E04268B2EB324F08BFC4
:10998000012340E80212002AE8D18DF807309DF843
:109990000730002B0CBF1120002002B0704737B5F4
:1099A00050E8013F9DB2C48925448489A54228BF5F
:1099B0002D1B0489A54202BFBFF32F8F002207E0B1
:1099C000C5EA030540E80154002CE9D14FF001023B
:1099D0008DF803200193019A0A609DF8031001F0AD
:1099E000FF0321B1006810FA82F003B030BD1846C1
:1099F000FBE70A884B889A4209D150E8012FC2EA56
:109A0000024240E80123002BF7D1012070470020DB
:109A1000704737B550E8023F1FFAA3F5C488A54246
:109A200002BFBFF32F8F00220DE0C4892544848933
:109A3000A54228BF2D1BC3EA054540E80254002C6F
:109A4000E8D14FF001028DF803200193019A0A60DA
:109A50009DF8031001F0FF0321B1006800EB1240F4
:109A600003B030BD1846FBE70A884B889A4209D1FB
:109A700050E8022FC2EA224240E80223002BF7D12D
:109A8000012070470020704770B5064D064600243F
:109A900055F8043B0BB1304698470134042CF7D1FC
:109AA00070BD00BF586B01204388033300EB830374
:109AB000994209D382884FF6FF739A4206D00088F4
:109AC000B0FA80F0400970470220704701207047CB
:109AD0000B4A0C495388142000FB0311CB6833B99F
:109AE0000420496810700122074800F0C8BB0749EC
:109AF0000523137002238B80012209680023F3E7FA
:109B0000706B0120886B012054670020C46B01201A
:109B100007B5002305490093054A0968054808234D
:109B200000F07FFB03B05DF804FB00BFC46B0120B5
:109B3000945C07005467002007B50023014600939A
:109B4000034A0448082300F06CFB03B05DF804FBF3
:109B50008C5C07005467002013B500230C4600936B
:109B60000146084A0848042300F05BFB38B907495E
:109B7000142202FB041101230B7402B010BD0E204D
:109B8000FBE700BF885C070054670020886B01205A
:109B900037B50A480A4B42689C88196853880325E0
:109BA000033305709BB2002000909B0001EB840101
:109BB000044800F036FB03B030BD00BF706B0120DD
:109BC000C46B01205467002038B5144B14220D4695
:109BD00002FB00302B68446804F58051A3B15C8817
:109BE000033403EB84048C4215D22368013312D072
:109BF0002046FFF759FF012808D002280BD0002883
:109C0000F1D12C60012038BD0834ECE763880333C0
:109C100004EB8304E7E70020F5E700BF886B012031
:109C20004368F7B505460E46002B43D0234AD1685A
:109C30008B423FD3126993423CD813F0030439D1CD
:109C40001F4A01891289914235D101689A6891426F
:109C500031D11C494A68934203D902F5805293429C
:109C60000DD38A6993420CD902F58052934208D2EF
:109C700001233380B4FA84F0400903B0F0BD2346D9
:109C8000F7E70A24F6E7019701A92046FFF79CFFB2
:109C900030B90134A4B2022C3480F4D10020ECE7B6
:109CA000019B2A6899689142EED16B60044B1B8935
:109CB0002B81E2E700240027EDE700BF5467002076
:109CC000706B0120886B01202DE9F0471C461D4B6D
:109CD0001B780746884616467BB382B37CB3DFF811
:109CE0006C904FF0140AA588012D01D90A2022E0BA
:109CF0000AFB05F319F803302BB921462846FFF774
:109D000063FF18B920600135A580ECE723681FB117
:109D100099883A889142F0D1B8F1000F04D019889F
:109D2000B8F800209142E8D19A68C6E90023064BB2
:109D30001B8933810020BDE8F0870220FBE7052066
:109D4000F9E700BF686B0120706B0120886B012070
:109D500008B5074B5888191DFFF736FF18B1BDE845
:109D60000840FFF715BFBDE80840FFF7B1BE00BFD0
:109D7000706B01202DE9F0479E4FDFF89C8288B080
:109D800006463B6823B99C484146FFF742FE3860CF
:109D90003D6829784B1E052B07D8DFE813F01F001C
:109DA000770077000501050159010F2414220021D5
:109DB00003A804F05BFC41F61D539C4208BF00243D
:109DC0003B6804941A78023A042A00F2F781DFE82B
:109DD00012F0D801E40106020E02150226B1874BEB
:109DE00000225A600124E1E72B79032B1CD8DFE81D
:109DF00003F014022934824A1378022B19D0137D00
:109E0000022B4FF0010316D114214B43D11800202F
:109E1000D0544868FFF790FE03E001232B71FFF751
:109E200077FE002800F0BB80744B00225A600E249D
:109E3000BCE70023E8E7714A13700023536041F642
:109E40001D54B3E76F497048002302222B718A80AA
:109E50000968012200F013FAE3E76A4C00262E712C
:109E60002068FFF769FE694BDFF894C15B882568BD
:109E7000142253430CEB03020CF803605168556045
:109E8000A588158102222160A280CAE7B5F814A036
:109E9000AA7DDFF86C919EB1022AEB8806D91421C5
:109EA00001FB0A91DA1C088902440A81142202FB90
:109EB0000A92C3F57F435189FD330B44538191E7E7
:109EC000142303FB0A9318895C6804EB8004062AB8
:109ED00068D8DFE802F0274D35431D59040041F6EC
:109EE0001D54AA7DEB88022A06D9142101FB0A9190
:109EF000DA1C088902440A81142202FB0A99C3F57C
:109F00007F43B9F80A20FD331344A9F80A304DE71E
:109F10003F48404900234360AB690360FFF780FE80
:109F2000002859D00223AB75002300930423EA18BC
:109F30002146354800F075F9002830D00E24D0E7CE
:109F40002B69002B14BF03230123AB75002300935F
:109F500005F10C02042304F10801EAE70123AB75C3
:109F60000022EB8800922A699B0004F10C01E0E7D3
:109F700003290CBF05230623AB750023009304239C
:109F800005F10802E118D4E70623AB75214B1988C7
:109F90001F4B5868FFF7E0FD04460028A1D108B028
:109FA000BDE8F0870F249CE7002E7FF41BAF2B79D0
:109FB000012B33D0022B3FF442AF002B7FF4F5AEE0
:109FC00002232B710DF10A01EB68039303A8CDE97D
:109FD0000466FFF725FE08B90A24E7E60498BDF8F1
:109FE0000A108388EB8003882B81FFF7B5FD0446B8
:109FF00027E000BF846B0120B06B0120686B01205B
:10A00000886B0120C46B012054670020706B012015
:10A010004C6B0120CC6B0120806B0120DFF8F891A4
:10A0200003AA4B463146A81DFFF74EFE044660B911
:10A03000B9F804100498FFF78FFD04460A2C3FF48A
:10A04000FEAE002C7FF4B2AEA9E7C9E90066F5E7E1
:10A05000002E7FF4C7AE6B4B197B1A78B1B11E731B
:10A060001A78013A062A3FF6A0AE01A151F822F073
:10A0700017A106003DA106005BA1060061A1060034
:10A08000AB9D060067A1060079A10600072AE7D864
:10A0900001A151F822F000BFB9A0060061A006009E
:10A0A00061A00600DFA00600F3A0060013A10600D1
:10A0B00013A10600DBA006001A89534901321A8158
:10A0C00000225A801A730A78B2FA82F252099A72FE
:10A0D0000A7DB2FA82F25209DA72012207E04B4994
:10A0E00058688A884088033202448A8002221A70A3
:10A0F000B6E75C88444A4549142505FB04220868F4
:10A10000546850608888108102228A800C60062280
:10A11000EDE70722EBE79A7A32B9DA7A8AB90022B8
:10A120001A705A805A608AE6374900229A72CA68C1
:10A13000002AF2D1097C0029EFD05A80FFF708FEEF
:10A1400055E70022DA72304A116A0029E7D192F805
:10A150002420002AE3D00122EFE7FFF719FD46E7AC
:10A16000FFF7B6FC43E75A88274B142101FB023363
:10A170005868FFF7E1FC3AE700225A60FFF7C8FC95
:10A1800035E701228DF80C201A89ADF818209A883D
:10A19000DB68ADF81A20059310E002228DF80C2040
:10A1A0001A89ADF818209A88ADF81A20DA689B7DD4
:10A1B00005929A1F534253418DF81C3003A8FFF7B4
:10A1C00063FC0026414612483E60FFF74DFC1148F3
:10A1D0000121FFF7A3FB00287FF4D3ADDFE60322C4
:10A1E0008DF80C20DA88ADF818201A89D0E70422FF
:10A1F0008DF80C20DB88ADF81830DFE705238DF8EB
:10A200000C30DBE7706B0120886B0120C46B0120F0
:10A21000B06B0120C06B0120D06B01204068FFF7BC
:10A22000A9BD2DE9F04308B302B3D0F800E0BEF1B8
:10A23000000F1ED0FBB14768D7F80490B3FBF9F7C5
:10A2400009FB1737BFB942EA010C1CF0030F14D108
:10A25000C768B94211D305694C1E1C44AC420CD8E6
:10A26000DEF80C40A446BDE8F04360470E20BDE890
:10A27000F0830820FBE70920F9E71020F7E7F0B5A5
:10A28000D8B1D0F800C0BCF1000F18D0CAB14768EF
:10A29000D7F800E00EF1FF370F4214D1C768B9427A
:10A2A00011D305694C1E0EFB0244AC420BD8DCF8FE
:10A2B0001040A446BDE8F04060470E20F0BD0820E5
:10A2C000FCE70920FAE71020F8E7FBF7E3BFFBF70C
:10A2D000F7BF00F1804000F51C3001230360BFF39D
:10A2E0006F8FBFF34F8F7047020713D400F00F0337
:10A2F00010F0800F084A0BBF03F5887303F58473D1
:10A3000002EB830252F8230008BF5068431E5842F4
:10A3100058417047002070470070024010F0080F4D
:10A32000074B06D0D3F8C00410F4803F18BF0020BC
:10A33000704700F00F0000F5947053F8200070474C
:10A34000007002404FF08053D3F83021082A05D125
:10A35000D3F83401003818BF01207047002070473F
:10A3600030B5D1E900549C4229BFC0E90053002117
:10A37000E41AED1832BFC0E900514C600D60934201
:10A3800003D1201E18BF012030BD0020FCE74B6820
:10A3900010B59A420C6828BF1A46C0E90042981AC4
:10A3A0000B684860134400380B6018BF012010BDD3
:10A3B00030B54C680B68A24228BF2246002A14BF61
:10A3C0001D460025A4EB02041344C0E900524C6072
:10A3D0000B6014BF0120002030BD0000054B10F0C1
:10A3E000800FA3F1900208BF134600F00F0003EBAB
:10A3F000001070474C6D0120C343C3F3C01300F03D
:10A400000F0000EB03107047034A0023C2F81C3C06
:10A41000024A1370704700BF00700240D96B0120E0
:10A4200007B5074A00231370064A137001230193EE
:10A43000054B01A81B68984703B05DF804FB00BFFB
:10A44000D86B0120E06D0120DC6D012013B5124CAA
:10A450000122236802FA01F10B4323600F4B1B68B2
:10A46000194003060DD551B906238DF804308DF837
:10A4700006008DF807100A4B01A81B68984702B028
:10A4800010BD0029FBD106238DF804308DF806009D
:10A490008DF80720EFE700BFB86C0120486C012061
:10A4A000DC6D012008B5054B1A781046FFF7A4FFB4
:10A4B000BDE8084001461046FFF7C8BFE06D012027
:10A4C0001C4B13B5D3F80044C3F80044BFF36F8F9F
:10A4D000BFF34F8FBFF36F8FBFF34F8FE10508D5E9
:10A4E000154B01221A7002230193144B01A81B681B
:10A4F0009847A20508D5104B00221A700323019338
:10A500000E4B01A81B689847630511D50A4B1A78B2
:10A5100072B100221A70074B0122C3F80825582097
:10A52000FFF7D7FE04230193044B01A81B6898474B
:10A5300002B010BD00700240D86B0120DC6D01201C
:10A540004B689A4228BF1A460A4B70B50C4606461D
:10A5500009681846154604F061F8C6E90005606808
:10A560002368401B60602B440038236018BF012023
:10A5700070BD00BFE86D01204B689A4228BF1A46A3
:10A5800070B506460D46144682B10968084804F0C5
:10A5900045F8074BC6E900346B681B1B6B602B68E2
:10A5A000201E23442B6018BF012070BD1346F1E725
:10A5B000E86D012008B5FFF727FF084B93F89E20B0
:10A5C000032A06D1BDE8084005486FF00101FFF7F6
:10A5D00099B9D3F89030002BF4D008BDBC6C0120A1
:10A5E000486C01200A4AD2F86834C2F86834BFF3D4
:10A5F0006F8FBFF34F8F012103B9704793FAA3F216
:10A60000B2FA82F201FA02F223EA0203F4E700BF8F
:10A610000070024008B5FFF7F7FE0146FFF7DEFEC7
:10A62000837B032B0AD10846FFF7E6FE0121814018
:10A63000BDE808400348C943FFF764B90368002B2D
:10A64000F1D008BD486C01208720FFF7E3BF8620CA
:10A65000FFF7E0BF8520FFF7DDBF8420FFF7DABFFB
:10A660008320FFF7D7BF8220FFF7D4BF8120FFF7F9
:10A67000D1BF00002DE9F04FDFF8648198F8003079
:10A6800085B0002B5BD1504D504B19682B68194099
:10A6900055D091FAA1F1002954D0B1FA81F30F2BD2
:10A6A000194651DDA1F11004E4B22046FFF796FEF1
:10A6B0004FFA84FA4FF0010B0BFA01FBBAF1000FCD
:10A6C00081466FEA0B0B42DA03688289416802A86F
:10A6D000984708B9C9F800003D4BD9F80810822204
:10A6E000C3F81C2C012288F800202A6802EA0B0219
:10A6F0002A60039ABAF1000F1144C9F8081004F057
:10A700000800029904F00F044FDA002845D0C3F87E
:10A71000A016C3F8A426042000EB8400FFF7D9FD9F
:10A720002C4A2D4B13EA2A0338BF134633F8143052
:10A7300003F1804303F51C331A68002AFCD005B0EE
:10A74000BDE8F08F2021ADE743F08004ADE720465F
:10A75000FFF7E4FDB9F80C20D9F80410D9F800602F
:10A760000346074602A8B047029A002AB1D0039ACE
:10A770009742AED9022789F80E7059461348FFF761
:10A78000C1F806238DF80430144B8DF806401B6881
:10A790008DF8077001A8984776E7142000FB043372
:10A7A000C3F80016C3F80426B5E728B1C3F8A0170C
:10A7B000C3F8A4272820AFE7142000FB0433C3F814
:10A7C0000017C3F80427F5E7B86C0120486C012096
:10A7D00000700240C25C0700A65C0700DC6D01202F
:10A7E000D96B012037B5FFF70FFE0446FFF7F6FDE2
:10A7F000837B032B0DD12046FFF7FEFD0121814015
:10A80000C9431048FFF77EF803B0BDE83040FFF7BA
:10A8100031BF0568002DF7D12046FFF7EDFD01217E
:10A820008140C9430748FFF76DF806238DF80430CF
:10A83000054B8DF806401B688DF8075001A8984716
:10A84000E2E700BF486C0120DC6D01200720FFF724
:10A85000C9BF0620FFF7C6BF0520FFF7C3BF04200E
:10A86000FFF7C0BF0320FFF7BDBF0220FFF7BABF4D
:10A870000120FFF7B7BF000007B500238DF80430B3
:10A880000B4BD3F82025ADF80620D3F8C034094A85
:10A89000002B13680CBF4FF480714FF001210B4364
:10A8A0001360054B01A81B68984703B05DF804FBD3
:10A8B00000700240B86C0120DC6D012007B5FFF785
:10A8C000A3FD0D4B93F88E20032A11D0D3F88030CE
:10A8D00073B90A486FF08071FFF714F806238DF8FA
:10A8E00004300823ADF80630054B01A81B689847D3
:10A8F00003B05DF804FB00BFBC6C0120486C012074
:10A90000DC6D012007B5FFF77FFD114B93F81E2189
:10A91000032A07D10F486FF4807103B05DF804EB90
:10A92000FEF7F0BFD3F8103173B90A486FF48071A5
:10A93000FEF7E8FF06238DF804308823ADF80630D3
:10A94000054B01A81B68984703B05DF804FB00BFE6
:10A95000BC6C0120486C0120DC6D012038B51A4B1D
:10A96000D3F86C44C3F86C44BFF36F8FBFF34F8FC1
:10A97000BFF36F8FBFF34F8FFFF7E4FC38B9134A73
:10A98000136823F0011103F001130C431360012538
:10A990001CB9BDE83840FFF76DBE94FAA4F171B15F
:10A9A000B1FA81F30F2B19460BDDA1F11000C0B2F3
:10A9B00005FA01F324EA0304FFF748FDE8E7202144
:10A9C000F3E743F08000F3E700700240E46D0120FC
:10A9D000054B1A78012A01BF044A00201060187044
:10A9E00018BF0820704700BFDA6B0120DC6D012022
:10A9F0004E4B4FF4006210B5C3F80024BFF36F8FC5
:10AA0000BFF34F8FFFF79EFC98B10020FFF75DFC6E
:10AA1000474BD3F8001C0322002979D149F2753144
:10AA2000C3F8001CC3F8142DC3F8001C0020FFF766
:10AA30004EFC0020FFF749FC3D4BD3F8001CC02220
:10AA4000002968D149F27531C3F8001CC3F8142CF1
:10AA5000C3F8001C0020FFF73AFC344B0122C3F876
:10AA60000025BFF36F8FBFF34F8FD3F8002412057B
:10AA7000FBD54FF40062C3F80024BFF36F8FBFF320
:10AA80004F8F0020FFF721FC294BD3F8001C002931
:10AA900044D149F27532C3F8002CC3F8141CC3F832
:10AAA000002C0020FFF713FC204B40F2E372C3F8A8
:10AAB00000284022C3F80428BFF36F8FBFF34F8FE5
:10AAC0008022C3F81C251B4B40F2FF121A601A4B60
:10AAD00000241C60FFF798FC184B1C70184B0222D6
:10AAE0001A70FFF72FFC00B32046FFF7EEFB104B68
:10AAF000D3F8001CB1B949F27532C3F8002CC3F881
:10AB0000141DC3F8002CBDE810400020FFF7DFBB88
:10AB1000C3F8142D8AE7C3F8142C9BE70022C3F86E
:10AB2000142CBEE7C3F8144DEDE710BD00700240D1
:10AB300000E00640B86C0120486C0120E06D012067
:10AB4000DA6B012008B5104B00221A70C8B9FFF764
:10AB5000F9FB0E4B0E4A002818BF13460D4AC2F8E7
:10AB600004330D4BE02183F827138021C3F88411AF
:10AB700059600123C2F80435BFF36F8FBFF34F8FC5
:10AB800008BD024BEAE700BFD86B01200714E001C3
:10AB90000714C0010070024000E100E0034B187888
:10ABA000012894BF00200120704700BFDA6B01200C
:10ABB000044B1B78012B83BF034B5868C0F3C010B4
:10ABC00000207047DA6B012000E100E008B5FFF7D4
:10ABD00005FC818108BD000073B5002837D01E4BED
:10ABE0001C78002C35D11D4A106001221A702546B0
:10ABF000264615F0080F65F07F00C0B20CBF40215B
:10AC00004FF400710190FFF7E1FF0198FFF7E6FBB9
:10AC10000135092D867306608660EAD14021002542
:10AC20002046FFF7D3FF2046FFF7D8FB0134E4B2FC
:10AC3000092C85730560856002D1002002B070BDCB
:10AC400014F0080F14BF4FF400714021E8E707200B
:10AC5000F4E70820F2E700BFDA6B0120DC6D012089
:10AC6000064A10F0800F00F00F0314BFD2F8100551
:10AC7000D2F81405D84000F001007047007002407F
:10AC8000084B094AC3F8082341F20402C3F804231D
:10AC90000122C3F81025C3F81425BFF36F8FBFF34B
:10ACA0004F8F704700700240F8EB1F002DE9F0470E
:10ACB000804600208A46FFF708FB18F00F0503D1F5
:10ACC000294B1B7843454AD1284B294F1C683E68C5
:10ACD0004046FFF791FBE443A4B24FF0010934432F
:10ACE00009FA00F914EA09043BD14046FFF776FB64
:10ACF0000C2218F0800F034602FB05F52BD01D4AED
:10AD0000DAF80010154401F06041DAF80820B1F1DA
:10AD1000005F02F0010219D1B2B9174A1A609AE82D
:10AD2000070085E8070000229A609A735D60134B64
:10AD300046EA090680223E60C3F804210020FFF79E
:10AD4000C6FA2046BDE8F0870D4AE7E70AB90D4A82
:10AD5000E4E70D4AE2E70D4A15440D4ADEE7102408
:10AD6000ECE71124EAE700BFE06D0120B86C012098
:10AD7000486C01204C6C01208FA3060000E100E02C
:10AD8000B1A3060041A5060079A50600DC6B0120F1
:10AD900061A30600FFF7C2BA08B5084B1A68084B52
:10ADA000D2431B6892B21A43FFF726FB012303FA32
:10ADB00000F0104214BF1846002008BDB86C0120F6
:10ADC000486C0120044B40F48070C3F81805BFF3B1
:10ADD0006F8FBFF34F8F704700700240FFF784BA48
:10ADE000064BC3F80C05BFF34F8F40F48070C3F8D7
:10ADF0000C05BFF36F8FBFF34F8F70470070024099
:10AE00000023036043600E4BD3F880240270D3F814
:10AE100084244270D3F88824D3F88C1442EA0122A7
:10AE20004280D3F89024D3F8941442EA012282801D
:10AE3000D3F89824D3F89C3442EA0323C3807047A4
:10AE40000070024008B5FFF77DFA58B9EFF31082A1
:10AE500072B64C20FFF73DFA4C20FFF73AFA82F326
:10AE6000108808BDBDE808404C20FFF732BA00004A
:10AE700013B5FFF7C9FA104B9A7B032A09D10F4883
:10AE80006FF48031FEF73EFD02B0BDE81040FFF7E1
:10AE9000D9BF1C68002CF7D16FF480310748FEF74A
:10AEA00031FD06238DF80430054BADF806401B68D4
:10AEB00001A8984702B010BDBC6C0120486C01206D
:10AEC000DC6D01205020FFF704BA5420FFF701BACF
:10AED000F8B50446FFF736FA06462046FFF78CFA27
:10AEE00001258540174FED43B6B93046FFF7EDF920
:10AEF0003B6804F00F042B403B606400124B04F2EB
:10AF0000C574C3F80048C3F80468D3F80438BDE832
:10AF1000F8400020FFF7DBB90020FFF7D6F93B68C7
:10AF200014F0080203EA05033B60F0D104F00F04BB
:10AF3000054B04F5947443F82420BFF36F8FBFF3DF
:10AF40004F8FE4E7B86C012000700240F7B504466B
:10AF50000020FFF7BAF92046FFF740FA05462046E1
:10AF6000FFF74AFA012214F0800F02FA00F22D488E
:10AF700018D1036832EA03010AD02046FFF7A8FF80
:10AF80000323AB73002003B0BDE8F040FFF79FB987
:10AF90002960254923EA020303600B6823EA0203C0
:10AFA0000B60EDE7230715D4802C204B2ED004F046
:10AFB0000F0101F2DA314900C3F80018D3F8041880
:10AFC000D3F80468C9B241F002013143C3F8041850
:10AFD000D3F80438144E0168336861EA0307174256
:10AFE000D0D0134321EA02013360002301602B60BB
:10AFF0000323AB738DF807300D4B8DF80640062206
:10B000001B688DF8042001A89847BBE740F2B47193
:10B01000C3F80018D3F80418D3F80468C9B241F093
:10B020000401D2E7486C0120B86C01200070024096
:10B03000DC6D0120FFF78ABF184BD3F8002273B5EF
:10B0400022F00402164CC3F80022D3F8805423687F
:10B05000144EDA43144B31781B6892B208461A43F7
:10B06000FFF7CAF9012303FA00F0104202D00846A4
:10B07000FFF76CFF6FF0011105F080050A4835708D
:10B08000FEF740FC236843F001032360052301938E
:10B09000064B01A81B68984702B070BD00700240C3
:10B0A000B86C0120E06D0120486C0120DC6D0120AE
:10B0B0005F4B2DE9F041D3F80443002122460125DE
:10B0C0000E46002A40F09180FFF73CF900287DD120
:10B0D000584B1B78002B79D18D0277D5544B544FA8
:10B0E00040F2A972C3F80028D3F8040810F0FF005A
:10B0F0001CBFD3F80428104040F2AA72C3F80028FD
:10B10000D3F8042812F0FF021CBFD3F804381A4009
:10B1100040F2AB73C7F80038D7F8043813F0FF03D8
:10B120001CBFD7F804582B4040F2AC75C7F8005844
:10B13000D7F804582840404D0AD02E6806432E60A8
:10B1400040F2A976C7F80068C7F80408D7F80408E1
:10B15000374840F2AD76C0F80068D0F80468324055
:10B160000BD02E6846EA02462E6040F2AA76C0F85E
:10B170000068C0F80428D0F804282D4A40F2AE70C8
:10B18000C2F80008D2F80428134010D0D80748BFEE
:10B1900041F40001DA06264A40F2AB70C2F800081A
:10B1A000C2F80438D2F8043848BF41F001012B68D6
:10B1B00033F001121CBF04F08070014313F0011F33
:10B1C00004D0630544BF2A6041F480611B4F01F441
:10B1D000000621F400044FF00108D4B9FFF74AFA41
:10B1E0001EB3BDE8F041FFF727BF154892FAA2F35E
:10B1F000B3FA83F39F00384405FA03F307682FB1CD
:10B200000660BFF36F8FBFF34F8F194322EA03022B
:10B2100057E794FAA4F5B5FA85F557F8253008FAFA
:10B2200005F5984724EA0504D7E7BDE8F08100BF9B
:10B2300000700240D96B0120E46D0120D45C07004E
:10B2400000710240F8B5134E134B34681B68240C90
:10B2500024041C4301271CB940F2FF133360F8BDDE
:10B2600094FAA4F585B1B5FA85F30F2B1D460DDDD3
:10B27000A5F11000C0B2030701D4FFF767FE07FA7B
:10B2800005F524EA0504E6E72025F1E743F0800010
:10B29000F1E700BFB86C0120486C012038B50E4CB6
:10B2A0008025C4F8845163681B0613D5FFF7CAFFD5
:10B2B0000A4B0022C3F80425BFF36F8FBFF34F8FF3
:10B2C000C4F88450BFF34F8FBFF36F8F4FF0FF323E
:10B2D000C3F8082338BD00BF00E100E00070024061
:10B2E00008B5FFF7DBFF094BD3F80423C3F80823A5
:10B2F0000022C3F80025BFF36F8FBFF34F8FFFF716
:10B3000083F8034B01221A7008BD00BF0070024091
:10B31000DA6B012010B50446FFF718FE134A04F05B
:10B320000F0064B2002C4FF00103B4BFD2F8101527
:10B33000D2F8141503FA00F36FEA0303B5BF0B400C
:10B340000B40C2F81035C2F81435BFF36F8FBFF34E
:10B350004F8F074A074B13EA240338BF13461A5C82
:10B3600001239340014AC2F8083310BD0070024027
:10B37000B85C07009C5C070038B5254A254B45B2F0
:10B38000002DA8BF134600F00F010446585C224A66
:10B390004FF0010303FA00F0C2F804032ADAD2F8EE
:10B3A0001005C840C00731D4D2F810058B400343C4
:10B3B000C2F81035BFF36F8FBFF34F8F31B3002D3D
:10B3C00024DB14F0080521D12846FEF77EFF204635
:10B3D000FFF77EFD2046FFF70FF8104A012303FA1E
:10B3E00000F0136823EA000313602846BDE83840E4
:10B3F000FEF76DBFD2F81405C840C00706D4D2F8D6
:10B4000014058B400343C2F81435D3E738BD00BFA1
:10B41000B85C07009C5C070000700240486C01208B
:10B42000030610B5044605D4FEF75EFF10B12046B2
:10B43000FFF74EFD034BC3F81845BFF36F8FBFF303
:10B440004F8F10BD0070024000F1804000F5C040F9
:10B45000002382B0036003680193019B02B0704730
:10B4600003681F2B83BF03F01F03036001484FF0E5
:10B47000A04070470003005007B5019001A8FFF7F6
:10B48000EFFF019B00EB8300D0F8003723F440333B
:10B49000C0F80037D0F8003743EA0141C0F8001780
:10B4A00003B05DF804FBC208012300F007008340ED
:10B4B000885C03438B547047054B4FF0FF320728DD
:10B4C00043F8202084BF1B1883F86820704700BF12
:10B4D000286E012038B5164D95F87E402CBB3022E1
:10B4E000FF2105F1400003F0C1F8E0B20134FFF79D
:10B4F000E3FF102CF9D10F4B0022AA679A800E4B64
:10B50000E02183F806134021C3F8801119604FF43D
:10B51000BE70FFF799FF094B4FF00041C3F80413C9
:10B52000012385F87E30104638BD0820FCE700BFB7
:10B53000286E0120A06E012000E100E000600040C4
:10B54000034B93F87E00003818BF0120704700BFFE
:10B55000286E012037B5324B1A18044692F9400084
:10B5600001305AD1887800284BD01846002250F874
:10B57000045B01353FD1181980F84020002043F8C2
:10B580002200920002F1804202F5C0420B78D2F80C
:10B590001055487825F499151B04000525F4F85535
:10B5A00000F4801003F44033C2F810550343200226
:10B5B000D2F8105500F47C5003432B43C2F81035E9
:10B5C0004A780194012A01A81FD1FFF749FF019B86
:10B5D0009A40C0F8082501A80194FFF741FF019B9C
:10B5E000104903F5E073032240F823202046FFF7BB
:10B5F0005AFF002003E00132082AB8D1042003B02A
:10B6000030BDFE2382F84030DAE7FFF729FF019AC8
:10B6100001239340C0F80C35DDE70820EFE700BFB9
:10B62000286E0120A06E012037B5174C2518014661
:10B6300095F84000072809D8FFF73EFF95F94030FC
:10B64000124A03F5A273002042F823000C44FF23A2
:10B6500084F840300E4DCC0801F0070301229A40D7
:10B660002B5D13420DD001A80191FFF7F9FE019B5C
:10B6700003F5E073022140F823102B5D23EA020357
:10B680002B5503B030BD00BF286E01200060004084
:10B69000A06E0120074B184490F940309B0003F145
:10B6A000804303F5C043D3F8102542F00302C3F8EA
:10B6B00010257047286E0120054B184490F9400072
:10B6C0008000C0B200F1804000F5C040704700BF6C
:10B6D000286E0120064B1844012290F9403018339F
:10B6E0009B00DBB203F1804303F5C0431A6070474F
:10B6F000286E01202DE9F341DFF8F48008EB000308
:10B70000054693F94030002B0F466CDA8B78C3F373
:10B710004003002B0BBF08240024102108218C4279
:10B7200003D1042002B0BDE8F08158F824000130B4
:10B7300041D108EB050166B248F8242081F8406049
:10B740001BB908EB040383F86850BB785A0712D47E
:10B75000D90732D501A80195FFF782FE019B00EBC6
:10B760008300D0F8003723F00203C0F800371F49E8
:10B770002846FFF798FEBB783A7813F0020328D0EA
:10B78000A40004F1804404F5C0442D02D4F810351F
:10B7900023F44F3323F44073C4F810351204D4F863
:10B7A000103505F47C5502F4403215431D43C4F8AE
:10B7B00010550020B6E70134B1E701A87A78019569
:10B7C000FFF74EFE019B03F5E073920040F8232043
:10B7D000CDE7083E48FA86F696F8701041EA8212E4
:10B7E00086F87020E5E708209CE700BFA06E0120E6
:10B7F000286E012037B5224D2B18044693F94020BE
:10B80000072A1DDD083A45FA82F292F870309B094A
:10B81000032B10D1019001A8FFF722FE019BD0F865
:10B820001015D94001F001010231204603B0BDE8F6
:10B830003040FFF721BE012B0CBF02210321F4E7AA
:10B84000D3B2072B1AD8930003F1804303F5C0430A
:10B85000D3F8100540F00100C3F8100502F14000D4
:10B8600040B2800080B2FFF7EFFD39B155F82230C9
:10B8700023B101239340034AC2F8043303B030BD1F
:10B88000286E0120006000400E4B034493F94020D5
:10B89000072A02DD0021FFF7EFBDD3B2072B0FD837
:10B8A000930003F1804303F5C043D3F8101521F052
:10B8B0000101C3F8101501239340034AC2F808336D
:10B8C000704700BF286E012000600040F7B50446B5
:10B8D000FFF7DAFF174A184E1119E50891F94030C1
:10B8E00091F8401007299FBF144903F5A273002067
:10B8F00041F8230004F0070301219940735D0B42D6
:10B900000DD001A80194FFF7ABFD019B03F5E07397
:10B91000022740F82370735D23EA01037355144432
:10B9200094F84000FFF7C8FDFF2384F8403003B0CF
:10B93000F0BD00BF286E0120A06E01200060004015
:10B940002DE9F04F00248BB0CDE90444654D4FF450
:10B950008072012102F1804303F5C04390B21B685D
:10B96000012B06D1D5F804330B4202D0FFF76CFD52
:10B970000C430432B2F5907F4FEA4101EAD1594BB2
:10B98000D3F87C31012B0ED14FF4BE70FFF75CFD74
:10B990004FF0A04344F00044D3F810350493524BC9
:10B9A000D3F810350593E3B2D3B1504F01260025EB
:10B9B000344210D0AB0003F1804303F5C043D3F809
:10B9C0001005D3F8101557F8253023B1C1F3014104
:10B9D000C0F3052098470135082D4FEA4606E7D108
:10B9E000002C7BDA0023CDE906334FF0FF33CDE99D
:10B9F0000833DFF8F8A03E4B019300252F46019B4A
:10BA000013F9014B0193631C4FD0C4F3C20601220A
:10BA1000E3B204F03F0B04F0070402FA04F406F169
:10BA200028020DEB020616F8081C21423DD00AEB55
:10BA30000B014FEA931991F940105AF82180B8F19F
:10BA4000000F07D1B9F1030F2FD106A95846FFF710
:10BA50002AFD02E0B9F1030FF7D003A8CDF80CB02E
:10BA6000FFF7FEFC039901F5E07150F8211016F87C
:10BA7000180C2042C1F3014106D0022915D1B9F1B9
:10BA8000030F0CD1494605E003290ED1B9F1030F8C
:10BA900005D102215846FFF7EFFC0135EDB2B8F1B0
:10BAA000000F02D049465846C0470137082FA6D19B
:10BAB000A5B14FF0A0430499D3F8102503F54073C6
:10BAC0009142D3F8103502D10599994206D00492DB
:10BAD0000593069A079B089209938CE70BB0BDE883
:10BAE000F08F00BF0060004000030050286E01206E
:10BAF000986E012000F180431A68002A1BBF0022C3
:10BB0000012000201A6070470F4A1378D3B90378D8
:10BB10004FF08041C3F34003C1F88035037803F050
:10BB20000103C1F87835094B1968C90706D4E0212B
:10BB300083F800130121C3F88011196001231370E9
:10BB40000020704785207047B46E012000E100E0BE
:10BB5000084B0122C3F88020BFF34F8FBFF36F8FD4
:10BB6000054A00231360054A1360054A1360054A1D
:10BB70001370704700E100E0A86E0120AC6E012058
:10BB8000B06E0120B46E0120014B02681A6070474C
:10BB9000B06E01204FF080434FF46072C3F804236D
:10BBA00070474FF080434FF46072C3F8082370472A
:10BBB0004FF0804310B5D3F80443620707D54FF424
:10BBC0008470FFF797FF10B11E4B1B689847A306C0
:10BBD00008D54FF48A70FFF78DFF18B11A4B00207B
:10BBE0001B689847600608D54FF48C70FFF782FFFA
:10BBF00018B1154B01201B689847210608D54FF452
:10BC00008E70FFF777FF18B1104B00201B68984724
:10BC1000E20508D54FF49070FFF76CFF18B10B4B9D
:10BC200001201B689847A3050AD54FF49270FFF7CF
:10BC300061FF28B1054BBDE810401B680220184782
:10BC400010BD00BFA86E0120AC6E0120B06E0120B7
:10BC50002DE9F84F134DDFF8508007464FF0000AEA
:10BC600004264FF001095FFA8AFB002009FA0BF461
:10BC7000FEF72BFB2C420AD0D8F8003014EA03025E
:10BC800001BF2343C8F8003087F800B016460020F3
:10BC9000FEF71DFB1EB1A5430AF1010AE3D13046B0
:10BCA000BDE8F88FFFFF0F00B86E012010B5A1B1FD
:10BCB0009AB101238340C3F3130484B10A4C24686E
:10BCC00023420ED0C00000F1804000F5F830C0F8EB
:10BCD0001015C0F81425002010BD0E20FCE7072029
:10BCE000FAE70820F8E700BFB86E0120012303FA45
:10BCF00000F0C0F313031BB1054B1B68184204D0BE
:10BD0000044BC3F80405002070470820704700BFAB
:10BD1000B86E012000F00140012303FA00F0C0F3E7
:10BD200013031BB1054B1B68184204D0044BC3F826
:10BD30000805002070470820704700BFB86E01203A
:10BD400000F00140074B0022C3F8002182B0D3F875
:10BD500000210192019AD3F80805034B1B68C0B279
:10BD600002B0184700D00040BC6E012037B5D0F8B3
:10BD700018358A69DBB28DF807304B6A93423EBFB3
:10BD80004A699DF80740D4544A6A91F828500C69D2
:10BD9000531C4B62023235B1A2428C6938BF0A6132
:10BDA000944288BF8A610D69954205D9CB689B5C36
:10BDB000C0F81C3501200BE08C69944202D991F83F
:10BDC0002030F5E7AB42F5D3A3422CBF0020012081
:10BDD00003B030BD1F2886BF044A00F01F004FF09B
:10BDE000A04201238340C2F80C3570470003005085
:10BDF0001F2886BF044A00F01F004FF0A042012315
:10BE00008340C2F8083570470003005037B500255D
:10BE1000C0F80851D0F808310193019B0C46FFF798
:10BE2000A5FF70B9887FFF2801D0FFF7E1FF20460A
:10BE3000257250F8083B6168657703B0BDE8304073
:10BE4000184703B030BD000001490248FFF7DEBFCC
:10BE5000C06E01200030004002494FF04020FFF743
:10BE6000D5BF00BFEC6E012001490248FFF7CEBFED
:10BE7000186F0120003002402DE9F04F90F804A027
:10BE8000774D2C2707FB0AF705EB070B85B091468A
:10BE90009BF81C20009380460C46002A40F0DC8072
:10BEA000704A006852F82A1001F00AF80646002885
:10BEB00040F0D48045F80790009BCBF8043094F80C
:10BEC0000CB02778BBF1010F384600F2B080FFF7C5
:10BED00081FF1F2F8BBF07F01F033B46624A4FF0C5
:10BEE000A04203F5E073012142F823106178FF2995
:10BEF00000F0A0800846FFF76DFF1F298BBF01F0FF
:10BF00001F030B46584A4FF0A04203F5E07303208D
:10BF100042F82300A278FF2A00F08F801F2A8ABFF0
:10BF200002F01F0313465048009298BF4FF0A04004
:10BF300003F5E0734FF0040C40F823C098F8043088
:10BF40002C2000FB0350C277E078FF2815D0CDE904
:10BF500001000393FFF74CFF0198DDE902231F283E
:10BF600086BF00F01F02DFF800C14FF0A04C02F5C1
:10BF7000E0724FF0030E4CF822E02C2202FB035239
:10BF80009077D8F80020C2F80875C2F80C1500990F
:10BF9000C2F81015A168C2F82415617B003918BFDA
:10BFA0000121BBF1020F4CD0BBF1030F4CD0BBF110
:10BFB000010F01D141F00201C2F854152C2101FBFF
:10BFC0000353617983F82010B9F1000F02D00423E4
:10BFD000C2F804330120C2F80005B9F1000F1BD0EC
:10BFE000217942F307334901002BC2F30732C9B26A
:10BFF0002DDB03F160445B099B0003F1604304F512
:10C00000614403F5614302F01F0200FA02F284F872
:10C010000013C3F880211A602C2303FB0A55002368
:10C020006B7701232B77304605B0BDE8F08FFFF723
:10C03000DFFE4EE74FF0FF316CE74FF0FF33009328
:10C040007CE741F00401B7E741F00601B4E7074B94
:10C0500002F00F029954DFE70826E4E71126E2E731
:10C06000C06E0120385D07000003005014ED00E0B1
:10C0700070B505791D4C2C236B43E35893B10368CD
:10C08000190B43F30733002B0CDB01F01F015B0995
:10C0900001228A402033164941F82320BFF34F8FF5
:10C0A000BFF36F8F2C2303FB05F20068A25812B177
:10C0B0000422C0F8082303FB0543DB7FFF2B0BD0D2
:10C0C0001F2B86BF03F01F030A4A4FF0A04203F55F
:10C0D000E073022142F823100026C0F8006500F04A
:10C0E00006FF2C2303FB0544267770BDC06E01209C
:10C0F00000E100E0000300502DE9F34790F80480D0
:10C100003B4D2C2303FB08F31746EA180E46517FDC
:10C11000824600296AD155F80390B9F1000F01D089
:10C120000123537796E80F002C2404FB085404F1F4
:10C130000C0C8CE80F00A07F0023FF2884F8283027
:10C1400001D0FFF747FE2C2347B103FB0853002221
:10C150005A770627384602B0BDE8F087DAF8004083
:10C160000422C4F8082303FB0853C4F80871D4F868
:10C1700008215F620092009A726882B133681B786E
:10C18000C4F81C35012A0DD933685B78C4F81C3516
:10C19000B9F1000F0FD00423C4F80433DAE793F8A1
:10C1A0002030EDE7F368012BF2D92C2303FB085371
:10C1B00093F82030EAE72C2108FB0151D4F808312C
:10C1C000002BFBD0C4F80891D4F808310193204625
:10C1D000019BFFF7CBFD0028F0D12C2303FB085572
:10C1E000A87FFF28B6D0FFF703FEB3E71127B1E71A
:10C1F000C06E01200023435082B043580193019B3D
:10C2000002B070472DE9F0470F78DDF820809DF8E7
:10C2100024A004460E469946002F58D1D0F8243168
:10C2200015683BB14FF49271FFF7E4FF012363619E
:10C23000337012E0D0F81C312BB34FF48E71FFF73E
:10C24000D9FFD0F82431002BECD1454511D219F893
:10C250000530C0F81C356B1C1360454535D1D4F84A
:10C26000043193B34FF482712046FFF7C3FF0027D8
:10C2700004E00123BAF1000F03D0C3613846BDE8E2
:10C28000F0874361E9E7D0F80831002BE5D04FF49F
:10C290008471FFF7AFFFD0F82431002BC2D14545A0
:10C2A000DBD2D0F8183509F8053013680133136074
:10C2B00008F1FF32934205D10223C0F80032012376
:10C2C0002362CAE79845FAD1C7E70127D6E74FF4BA
:10C2D0009271FFF78FFF4FF48E71FFF78BFF4FF4D2
:10C2E0008471FFF787FFBAE72DE9FF470C46054643
:10C2F0004FF4827120461F46384B03939DF83080DF
:10C30000FFF778FF4FF49271FFF774FF4FF48E71CF
:10C31000FFF770FF4FF48471FFF76CFF00230121DA
:10C32000C4F8003216466B6385F82E302162A16096
:10C33000DFB11378C4F81C3569632B68E3B905F1E4
:10C34000340A05F12E09039B002B1FDC95F82E30D3
:10C3500053BB0020039B002B15DC0023C4F80035E1
:10C360000523C4F8003503200DE0B8F1000F01D01B
:10C37000E161E2E76161E0E740F28623AB60AB6830
:10C38000C4F80433002004B0BDE8F087CDE900789C
:10C390003346524649462046FFF734FF0028D5D0A1
:10C3A000039B013B0393CEE7D4F8C434C4F8C434F0
:10C3B000002BCED013F0010F14BF4FF40240032026
:10C3C00048F2012213F0020F18BF104613F0040FB9
:10C3D00048F2022318BF1846BCE700BFA086010040
:10C3E0002DE9FF470C4605461E462046364B039373
:10C3F0004FF48271FFF7FEFE4FF49271FFF7FAFEE1
:10C400004FF48E71FFF7F6FE4FF48471FFF7F2FEE2
:10C410000023012ED5F800806B6385F82E30174677
:10C420004FF0010306BF0222C4F80022C4F8003214
:10C4300023622360B8F1000F15D105F1340A05F12C
:10C440002E09039B002B18DC95F82E301BBB002017
:10C45000039B002B0EDC0023C4F800350523C4F831
:10C460000035032006E040F28623AB60AB68C4F8D9
:10C470000433002004B0BDE8F087CDE900683B46F6
:10C48000524649462046FFF7BDFE0028DCD0039BFC
:10C49000013B0393D5E7D4F8C434C4F8C434002B6B
:10C4A000D5D013F0010F14BF4FF40240032048F21F
:10C4B000012213F0020F18BF104613F0040F48F2C8
:10C4C000022318BF1846C3E7A0860100F0B589B063
:10C4D00091F82C3001938B6A00934B6A0C4601F162
:10C4E00034022E310746FFF78DFEE8B994F82EE0AE
:10C4F000D4F820C0BEF1000F1FD1207B831E012B7A
:10C500001BD8626AA3699A4217D1E26963696262C1
:10C51000CCF340110328A36284F82C1006D10091BB
:10C5200020463946FFF7E0FE09B0F0BD3946204607
:10C5300009B0BDE8F040FFF753BF04F10C060FCE81
:10C5400003AD0FC533682B60BEF1000F17D0D7F8CD
:10C55000C434C7F8C4349A070DD501238DF80830C8
:10C5600000231CF0040F84F82F30DDD1D4E9003112
:10C5700002A89847D8E75B07F2D50223EEE78DF8CB
:10C5800008E0EDE701490248FFF7A0BF446F012032
:10C590000030004002494FF04020FFF797BF00BF36
:10C5A000806F01202DE9F84F05793E4C4FF03C0A91
:10C5B0000AFB05FA04EB0A079B4697F82D308046E4
:10C5C0000E469146002B68D1374B006853F8251072
:10C5D00000F076FC002862D13168737B87F8383030
:10C5E0001F298CBF01F01F030B4603F5E07388BFC2
:10C5F0002E4AB86098BF4FF0A04240F20C6C87F80A
:10C600002F0042F823C07268C7F804B01F2A8CBFFD
:10C6100002F01F03134687F8300003F5E07388BF6C
:10C62000224F44F80A9098BF4FF0A04747F823C024
:10C63000D8F80030C3F80815C3F80C25B268C3F861
:10C640002425B9F1000F1BD0317B43F30732490198
:10C65000002AC3F30733C9B21ADB02F1604606F5BC
:10C66000614603F01F0386F8001301219940530926
:10C670009B0003F1604303F56143C3F88011196027
:10C680003C2303FB0544012384F82D30BDE8F88FDB
:10C69000074A03F00F03D154F2E70820F6E7112010
:10C6A000F4E700BF446F0120445D07000003005021
:10C6B00014ED00E0036802790521C3F80015044B6E
:10C6C0003C2101FB0233022283F82D20704700BF7A
:10C6D000446F012003680A4A0179C3F80823D3F89C
:10C6E000002222F00302C3F800220022C3F8002532
:10C6F000044B3C2202FB0133012283F82D207047BA
:10C7000086420400446F012070B50679234D3C2316
:10C7100073430446EB5893B10368190B43F3073393
:10C72000002B0CDB01F01F015B0901228A40203342
:10C730001B4941F82320BFF34F8FBFF36F8F204673
:10C74000FFF7C8FF206800F0D2FB3C2303FB065331
:10C7500093F83830DBB92268D2F808351F2B86BF32
:10C7600003F01F030F484FF0A04003F5E0730221D0
:10C7700040F82310D2F80C351F2B86BF03F01F039F
:10C78000084A4FF0A04203F5E07342F823103C231F
:10C7900003FB0655002385F82D3070BD446F012042
:10C7A00000E100E0000300502DE9F74F2D4F06791E
:10C7B000D0F800902C4BC9F808333C2505FB0675D2
:10C7C000C6EB061C95F82F308E46144607EB8C0CF2
:10C7D00003F0FF0B33B1AB68C9F80433112003B089
:10C7E000BDE8F08F82F00403C3F3800385F82F3097
:10C7F0002A628A46BAE80F0005F10C08A8E80F0083
:10C80000DAF80030C8F80030DEF80430AB62DEF849
:10C810000C206A629EF80110C9F888159EF8001075
:10C82000012917D0A1B9C4F340143C2101FB0671C2
:10C83000604681F82C4000944946FFF755FD3C23A3
:10C840005E43BA19BB59002BC9D182F82F30C6E715
:10C850000124EAE785F82CB049466046FFF7C0FDA1
:10C86000EDE700BF446F012086420400F0B587B0B9
:10C8700004460F4615460021142201A81E4601F069
:10C88000F5FE9DF830208DF80570520101A9204673
:10C8900002960495FFF788FF07B0F0BDF0B587B0AA
:10C8A00004460F4615460021142201A81E4601F039
:10C8B000DDFE0123002201A920468DF804308DF809
:10C8C000057002960495FFF76FFF07B0F0BD0000FA
:10C8D00000280CDB4309064900F01F002033012229
:10C8E000824041F82320BFF34F8FBFF36F8F704713
:10C8F00000E100E00023435082B043580193019BC4
:10C9000002B070474358002B10B50A4614BF0124EB
:10C91000002401D0FFF7EEFFA2F58070800804FA32
:10C9200000F010BD03680BB108461847704707B503
:10C93000002A8DF80010416808BF4FF48072019200
:10C940000A4342606946FFF7EDFF03B05DF804FB60
:10C950008B7A2DE9F74307460E46002B65D101235C
:10C960008B724D7ADFF83881DFF838914FF482719D
:10C97000FFF7C8FF4FF4927104463846FFF7C2FF35
:10C980004FF4A67104433846FFF7BCFF4FF4A8717B
:10C9900004433846FFF7B6FF4FF4B27104433846FC
:10C9A000FFF7B0FF4FF4B47104433846FFF7AAFF16
:10C9B000EDB20443002C35D0042D56D8DFE805F045
:10C9C000033845575E0014F0020302D024F002043D
:10C9D000F0E7610110D5E20258BF01258DF8003063
:10C9E0004CBF02252B46694630468DF8043024F0B2
:10C9F000C364FFF797FFDDE7A3010BD503238DF891
:10CA0000003004F40023002B0BBF01230023032577
:10CA10000425E8E7D7F8D024C7F8D024062130460B
:10CA2000FFF785FF00237572B37203B0BDE8F08392
:10CA30001A4D254003D024F480140225BAE7D7F814
:10CA4000D024C7F8D0240221E9E714EA0805F6D07B
:10CA500001238DF80030D7F84C35DBB269463046FB
:10CA60000193FFF75FFF24F002040025A2E714EA18
:10CA700009050CD024F4002404259BE714EA0805DA
:10CA800005D004238DF80030D7F83C35E5E7D7F81A
:10CA9000D024C7F8D0240521C1E700BF020010064A
:10CAA0000200000602000806037906490C225A43D8
:10CAB0008A5832B903EB4303006801EB8301FFF7A7
:10CAC00047BF7047BC6F012001490248FFF740BFD4
:10CAD000BC6F01200030004002494FF04020FFF7BA
:10CAE00037BF00BFC86F01201F2886BF00F01F009E
:10CAF000054A4FF0A04240F2026300F5E07043EABD
:10CB0000810142F820107047000300501F2886BFA3
:10CB100000F01F00044B4FF0A04300F5E07002222C
:10CB200043F82020704700BF000300502DE9F84F64
:10CB3000DFF804A190F804900C2303FB09A30C4632
:10CB40001B7A9046002B6FD10668394B304653F85C
:10CB5000291000F0B5F90746002867D14FF0FF33E0
:10CB600046F30735C6F80005C6F808352846C6F866
:10CB70000C35FFF7ADFE4FF0FF33C6F80833217CCC
:10CB8000A068FFF7B1FF617CE068FFF7ADFFD4E973
:10CB9000002352EA03014FEA163B3ED0003A18BF89
:10CBA00001220BB142F00202A17C002D4FEA41119B
:10CBB0005FFA8BF3C9B232DB05F160406D0900F515
:10CBC0006140AD0005F1604580F8001305F5614551
:10CBD000012103F01F0301FA03F3C5F880312B6034
:10CBE000D4E90231C6F808352378C6F80C15C6F822
:10CBF00088352379C6F88C350C2303FB09F90AEB39
:10CC00000903C6F8942500229A724AF809805A72DC
:10CC100001221A723846BDE8F88F0122C4E70548A0
:10CC200003F00F03C154DBE70827F3E71127F1E70F
:10CC30004C5D070014ED00E0BC6F012073B5046883
:10CC40000579D4F80C15D4F8080502AB03E9030004
:10CC50004FF0FF360023C4F8003544F30730C4F822
:10CC60000865C4F80C65FFF733FEC4F80863009B41
:10CC7000002B02DB0098FFF749FF019B002B02DB32
:10CC80000198FFF743FF204600F031F904490C23D7
:10CC90006B43C8180022CA50027202B070BD00BFB8
:10CCA000BC6F012010B5026804794FF48271104600
:10CCB000FFF720FE4FF49271FFF71CFE4FF4A671B0
:10CCC000FFF718FE4FF4A871FFF714FE4FF4B2718E
:10CCD000FFF710FE4FF4B471FFF70CFE0C21094B67
:10CCE0006143595811B10849C2F804130921C2F827
:10CCF00000150C2202FB0433022100225A60197233
:10CD00005A7210BDBC6F0120020218060368074961
:10CD10000279C3F808130021C3F80015044B0C2155
:10CD200001FB023301221A72704700BF020218068B
:10CD3000BC6F012030B5104B04790C2505FB043382
:10CD40001B7A022B11D101F06043B3F1005F0ED1C9
:10CD500093B293420DD10268DBB2C2F84415C2F817
:10CD6000483501235363002030BD0820FCE7102024
:10CD7000FAE70920F8E700BFBC6F012030B5104B7F
:10CD800004790C2505FB04331B7A022B11D101F029
:10CD90006043B3F1005F0ED193B293420DD10268AC
:10CDA000DBB2C2F83415C2F8383501231363002012
:10CDB00030BD0820FCE71020FAE70920F8E700BFA3
:10CDC000BC6F012010B50446FFF76EFE2279044BBC
:10CDD0000C2101FB0233587A431E5842584110BDC2
:10CDE000BC6F012010B50446FFF75EFE2279044BAC
:10CDF0000C2101FB0233587AC31E5842584110BD22
:10CE0000BC6F012010B50446FFF74EFE2279044B9B
:10CE10000C2101FB0233587A831E5842584110BD41
:10CE2000BC6F012010B50446FFF73EFE2279044B8B
:10CE30000C2101FB0233587A031F5842584110BDA0
:10CE4000BC6F01200E4B984211D0B0F1402F10D092
:10CE500003F5003398420ED0A3F5803398420CD0EE
:10CE6000084A094B904218BF002318467047074BE9
:10CE7000FBE7074BF9E7074BF7E7074BF5E700BF81
:10CE80000030004000200040F46F0120D46F0120EA
:10CE9000DC6F0120E46F0120EC6F0120014B1B6867
:10CEA000184700BFD46F0120014B1B68184700BF13
:10CEB000DC6F0120014B1B68184700BFE46F0120A5
:10CEC00070B5FFF7BFFF0D46044608B9002070BDDE
:10CED0000020FDF7FAF9267916B9012325602371A0
:10CEE0000020FDF7F4F9002EF0D01120EFE708B58F
:10CEF000FFF7A8FF10B100230360037108BD000015
:10CF0000074A084B1360084A03F110011160074AF1
:10CF100003F120011160064A0120C2F80435704770
:10CF2000347001200470012000700120FC6F01208A
:10CF300000E00040164B1B688B4210B507D001F192
:10CF4000100251F8044B43F8044B9142F9D1114AB5
:10CF50000023C2F80031012313604FF08073D2F830
:10CF6000001181B10023C2F800310B4B1B688342D2
:10CF700007D003F1100253F8041B40F8041B93423E
:10CF8000F9D1012002E0013BE9D1184610BD00BFF4
:10CF90000070012000E00040FC6F0120054B1B6881
:10CFA00000F1100250F8041B43F8041B9042F9D121
:10CFB000704700BF3470012000487047545D07007F
:10CFC000FAF7DEBEFAF72EBF014BD3F8040570471F
:10CFD000001001404FF400320121FAF73BBF00007E
:10CFE00008B5F9F757F9064B01221A70054B4FF4B3
:10CFF0000032C3F80021BDE80840F9F761B900BF6D
:10D000000069012000E100E0024B4FF40032C3F858
:10D010000823704700100140054B002282B0C3F87E
:10D020004421D3F844310193019B02B0704700BF03
:10D030000010014081F0004102E000BF83F0004396
:10D0400030B54FEA41044FEA430594EA050F08BFA3
:10D0500090EA020F1FBF54EA000C55EA020C7FEA67
:10D06000645C7FEA655C00F0E2804FEA5454D4EBE4
:10D070005555B8BF6D420CDD2C4480EA020281EAAE
:10D08000030382EA000083EA010180EA020281EAE6
:10D090000303362D88BF30BD11F0004F4FEA013138
:10D0A0004FF4801C4CEA113102D0404261EB410147
:10D0B00013F0004F4FEA03334CEA133302D05242CD
:10D0C00063EB430394EA050F00F0A780A4F1010489
:10D0D000D5F1200E0DDB02FA0EFC22FA05F28018C3
:10D0E00041F1000103FA0EF2801843FA05F35941A9
:10D0F0000EE0A5F120050EF1200E012A03FA0EFC28
:10D1000028BF4CF0020C43FA05F3C01851EBE37151
:10D1100001F0004507D54FF0000EDCF1000C7EEB6E
:10D1200000006EEB0101B1F5801F1BD3B1F5001FAC
:10D130000CD349085FEA30004FEA3C0C04F10104CB
:10D140004FEA445212F5800F80F09A80BCF1004FF4
:10D1500008BF5FEA500C50F1000041EB045141EA76
:10D16000050130BD5FEA4C0C404141EB010111F477
:10D17000801FA4F10104E9D191F0000F04BF014622
:10D180000020B1FA81F308BF2033A3F10B03B3F100
:10D1900020020CDA0C3208DD02F1140CC2F10C0290
:10D1A00001FA0CF021FA02F10CE002F11402D8BFEE
:10D1B000C2F1200C01FA02F120FA0CFCDCBF41EABA
:10D1C0000C019040E41AA2BF01EB0451294330BD89
:10D1D0006FEA04041F3C1CDA0C340EDC04F1140466
:10D1E000C4F1200220FA04F001FA02F340EA03003D
:10D1F00021FA04F345EA030130BDC4F10C04C4F183
:10D20000200220FA02F001FA04F340EA0300294662
:10D2100030BD21FA04F0294630BD94F0000F83F4AC
:10D22000801306BF81F480110134013D4EE77FEA8F
:10D23000645C18BF7FEA655C29D094EA050F08BFDB
:10D2400090EA020F05D054EA000C04BF19461046BC
:10D2500030BD91EA030F1EBF0021002030BD5FEA00
:10D26000545C05D14000494128BF41F0004130BD28
:10D2700014F580043CBF01F5801130BD01F000457C
:10D2800045F0FE4141F470014FF0000030BD7FEAEF
:10D29000645C1ABF194610467FEA655C1CBF0B46EA
:10D2A000024650EA013406BF52EA033591EA030F01
:10D2B00041F4002130BD00BF90F0000F04BF0021F9
:10D2C000704730B54FF4806404F132044FF000052C
:10D2D0004FF0000150E700BF90F0000F04BF0021A5
:10D2E000704730B54FF4806404F1320410F000450B
:10D2F00048BF40424FF000013EE700BF42004FEA06
:10D30000E2014FEA31014FEA02701FBF12F07F4382
:10D3100093F07F4F81F06051704732F07F4208BF39
:10D32000704793F07F4F04BF41F40021704730B540
:10D330004FF4607401F0004521F000411CE700BF8C
:10D3400050EA010208BF704730B54FF000050AE00F
:10D3500050EA010208BF704730B511F0004502D510
:10D36000404261EB41014FF4806404F132045FEA12
:10D37000915C3FF4D8AE4FF003025FEADC0C18BFBB
:10D3800003325FEADC0C18BF033202EBDC02C2F1AD
:10D39000200300FA03FC20FA02F001FA03FE40EA3F
:10D3A0000E0021FA02F11444BDE600BF70B54FF043
:10D3B000FF0C4CF4E06C1CEA11541DBF1CEA135521
:10D3C00094EA0C0F95EA0C0F00F0DEF82C4481EA89
:10D3D000030621EA4C5123EA4C5350EA013518BFA9
:10D3E00052EA033541F4801143F4801338D0A0FB96
:10D3F00002CE4FF00005E1FB02E506F00042E0FB43
:10D4000003E54FF00006E1FB03569CF0000F18BF48
:10D410004EF0010EA4F1FF04B6F5007F64F54074F0
:10D4200004D25FEA4E0E6D4146EB060642EAC62183
:10D4300041EA55514FEAC52040EA5E504FEACE2EF0
:10D44000B4F1FD0C88BFBCF5E06F1ED8BEF1004FF3
:10D4500008BF5FEA500E50F1000041EB045170BD6F
:10D4600006F0004646EA010140EA020081EA0301B3
:10D47000B4EB5C04C2BFD4EB0C0541EA045170BDAF
:10D4800041F480114FF0000E013C00F3AB8014F129
:10D49000360FDEBF002001F0004170BDC4F1000472
:10D4A000203C35DA0C341BDC04F11404C4F12005F3
:10D4B00000FA05F320FA04F001FA05F240EA02004E
:10D4C00001F0004221F0004110EBD37021FA04F684
:10D4D00042EB06015EEA430E08BF20EAD37070BD3E
:10D4E000C4F10C04C4F1200500FA04F320FA05F09D
:10D4F00001FA04F240EA020001F0004110EBD3709F
:10D5000041F100015EEA430E08BF20EAD37070BD0E
:10D51000C4F1200500FA05F24EEA020E20FA04F3E7
:10D5200001FA05F243EA020321FA04F001F0004196
:10D5300021FA04F220EA020000EBD3705EEA430E07
:10D5400008BF20EAD37070BD94F0000F0FD101F036
:10D550000046400041EB010111F4801F08BF013C6F
:10D56000F7D041EA060195F0000F18BF704703F0AD
:10D570000046520043EB030313F4801F08BF013D34
:10D58000F7D043EA0603704794EA0C0F0CEA1355F0
:10D5900018BF95EA0C0F0CD050EA410618BF52EAAA
:10D5A0004306D1D181EA030101F000414FF00000B0
:10D5B00070BD50EA410606BF1046194652EA4306BE
:10D5C00019D094EA0C0F02D150EA013613D195EA32
:10D5D0000C0F05D152EA03361CBF104619460AD17A
:10D5E00081EA030101F0004141F0FE4141F4700184
:10D5F0004FF0000070BD41F0FE4141F4780170BD74
:10D6000070B54FF0FF0C4CF4E06C1CEA11541DBFD8
:10D610001CEA135594EA0C0F95EA0C0F00F0A7F8DA
:10D62000A4EB050481EA030E52EA03354FEA013107
:10D6300000F088804FEA03334FF0805545EA13131A
:10D6400043EA12634FEA022245EA111545EA1065E2
:10D650004FEA00260EF000419D4208BF964244F179
:10D66000FD0404F5407402D25B084FEA3202B61A98
:10D6700065EB03055B084FEA32024FF480104FF46C
:10D68000002CB6EB020E75EB030E22BFB61A7546E0
:10D6900040EA0C005B084FEA3202B6EB020E75EB73
:10D6A000030E22BFB61A754640EA5C005B084FEADB
:10D6B0003202B6EB020E75EB030E22BFB61A7546A8
:10D6C00040EA9C005B084FEA3202B6EB020E75EBB3
:10D6D000030E22BFB61A754640EADC0055EA060E74
:10D6E00018D04FEA051545EA16754FEA06164FEAB7
:10D6F000C30343EA52734FEAC2025FEA1C1CC0D163
:10D7000011F4801F0BD141EA00014FF000004FF0EF
:10D71000004CB6E711F4801F04BF01430020B4F1B0
:10D72000FD0C88BFBCF5E06F3FF6AFAEB5EB030C68
:10D7300004BFB6EB020C5FEA500C50F1000041EB65
:10D74000045170BD0EF0004E4EEA113114EB5C0432
:10D75000C2BFD4EB0C0541EA045170BD41F4801105
:10D760004FF0000E013C90E645EA060E8DE60CEA0D
:10D77000135594EA0C0F08BF95EA0C0F3FF43BAF2A
:10D7800094EA0C0F0AD150EA01347FF434AF95EAE1
:10D790000C0F7FF425AF104619462CE795EA0C0FC5
:10D7A00006D152EA03353FF4FDAE1046194622E792
:10D7B00050EA410618BF52EA43067FF4C5AE50EA6C
:10D7C00041047FF40DAF52EA43057FF4EBAE12E75C
:10D7D0004FF0FF3C06E000BF4FF0010C02E000BF3D
:10D7E0004FF0010C4DF804CD4FEA410C7FEA6C5C20
:10D7F0004FEA430C18BF7FEA6C5C1BD001B050EAC3
:10D80000410C0CBF52EA430C91EA030F02BF90EAAD
:10D81000020F0020704710F1000F91EA030F58BF6C
:10D82000994208BF90422CBFD8176FEAE37040F0CE
:10D83000010070474FEA410C7FEA6C5C02D150EA6C
:10D84000013C07D14FEA430C7FEA6C5CD6D152EA27
:10D85000033CD3D05DF8040B704700BF84461046EC
:10D8600062468C461946634600E000BF01B5FFF7EB
:10D87000B7FF002848BF10F1000F01BD4DF808EDBB
:10D88000FFF7F4FF0CBF012000205DF808FB00BF8C
:10D890004DF808EDFFF7EAFF34BF012000205DF8E6
:10D8A00008FB00BF4DF808EDFFF7E0FF94BF012033
:10D8B00000205DF808FB00BF4DF808EDFFF7CEFF34
:10D8C00094BF012000205DF808FB00BF4DF808ED73
:10D8D000FFF7C4FF34BF012000205DF808FB00BF44
:10D8E0004FEA410C7FEA6C5C02D150EA013C0AD15C
:10D8F0004FEA430C7FEA6C5C02D152EA033C02D14E
:10D900004FF0000070474FF0010070474A0011D2FD
:10D9100012F5001211D20DD56FF47873B3EB625289
:10D920000ED44FEAC12343F0004343EA505323FA95
:10D9300002F070474FF00000704750EA013002D10A
:10D940004FF0FF3070474FF0000070474FEA410240
:10D95000B2F1E04324BFB3F5001CDCF1FE5C0DD94D
:10D9600001F0004C4FEAC0024CEA5070B2F1004F97
:10D9700040EB830008BF20F00100704711F0804F9A
:10D9800021D113F13872BCBF01F00040704741F45F
:10D9900080114FEA5252C2F11802C2F1200C10FA63
:10D9A0000CF320FA02F018BF40F001004FEAC12347
:10D9B0004FEAD32303FA0CFC40EA0C0023FA02F3EB
:10D9C0004FEA4303CCE77FEA625307D150EA0133C1
:10D9D0001EBF4FF0FE4040F44000704701F0004091
:10D9E00040F0FE4040F40000704700BF7BB972B9C0
:10D9F0000029BEBF00204FF0004106E008BF00280C
:10DA00001CBF6FF000414FF0FF3000F0BFB9ADF127
:10DA1000080C6DE904CE002909DB002B1ADB00F0AD
:10DA20004DF8DDF804E0DDE9022304B07047404220
:10DA300061EB4101002B1BDB00F040F8DDF804E056
:10DA4000DDE9022304B0404261EB4101524263EB45
:10DA500043037047524263EB430300F02FF8DDF8B5
:10DA600004E0DDE9022304B0404261EB410170476C
:10DA7000524263EB430300F021F8DDF804E0DDE9F6
:10DA8000022304B0524263EB4303704753B94AB9CF
:10DA9000002908BF00281CBF4FF0FF314FF0FF30B6
:10DAA00000F074B9ADF1080C6DE904CE00F006F891
:10DAB000DDF804E0DDE9022304B070472DE9F0470A
:10DAC000089E04468846002B40F085808A42154611
:10DAD00048D9B2FA82F24AB1C2F1200701FA02F340
:10DAE00020FA07F7954047EA030894404FEA154E9D
:10DAF000230CB8FBFEF71FFA85FC0EFB178843EAE0
:10DB0000084307FB0CF1994209D9EB1807F1FF30E4
:10DB100080F0E380994240F2E080023F2B445B1AA0
:10DB2000A4B2B3FBFEF00EFB103344EA034400FB47
:10DB30000CFCA44509D92C1900F1FF3380F0CB80EF
:10DB4000A44540F2C88002382C4440EA0740A4EBC8
:10DB50000C0400271EB1D4400023C6E90043394617
:10DB6000BDE8F087002A53D0B2FA82F2002A40F0D2
:10DB7000B680491B4FEA154E1FFA85F80127B1FB05
:10DB8000FEFC230C0EFB1C1143EA014308FB0CF1C5
:10DB9000994207D9EB180CF1FF3002D2994200F2FA
:10DBA000EC808446591AA3B2B1FBFEF00EFB1014B0
:10DBB00043EA044408FB00F8A04507D92C1900F1FA
:10DBC000FF3302D2A04500F2DC801846A4EB080423
:10DBD00040EA0C40BEE78B4208D9002E78D00027DF
:10DBE000C6E9000138463946BDE8F087B3FA83F745
:10DBF0007FB98B4202D3824200F2BD80841A61EB6E
:10DC0000030301209846002EA9D0C6E90048A6E7E4
:10DC1000FFDEC7F12005BB4022FA05FC4CEA030CED
:10DC200001FA07F420FA05F821FA05F34FEA1C4E31
:10DC300048EA0404B3FBFEF9210C0EFB19331FFA6A
:10DC40008CF841EA034309FB08FA9A4502FA07F205
:10DC500000FA07F10BD91CEB030309F1FF3080F048
:10DC600088809A4540F28580A9F102096344A3EBBC
:10DC70000A03A4B2B3FBFEF00EFB103344EA0344E4
:10DC800000FB08F8A04508D91CEB040400F1FF33A1
:10DC90006BD2A04569D90238644440EA0940A4EB3C
:10DCA0000804A0FB02894C45C6464B4654D351D0CC
:10DCB000002E69D0B1EB0E0264EB030404FA05F503
:10DCC00022FA07F3FC401D43C6E90054002746E74B
:10DCD0003746304643E7184637E707461FE7C2F1A5
:10DCE000200320FA03F7954001FA02F021FA03F32A
:10DCF0004FEA154E3843010CB3FBFEF71FFA85F8C7
:10DD00000EFB173341EA034107FB08F38B4204FA89
:10DD100002F407D9691807F1FF3C28D28B4226D9B3
:10DD2000023F2944CB1A81B2B3FBFEF00EFB103345
:10DD300041EA034100FB08F38B4207D9691800F15F
:10DD4000FF3C10D28B420ED902382944C91A40EA4E
:10DD5000074714E74145ABD2B8EB020E69EB0C0262
:10DD600001381346A4E76046F0E7184695E7674692
:10DD7000D8E781467BE7384645E7ACF1020C2B44F7
:10DD800010E702382C4421E73746E8E6704700BF29
:10DD900008B5062001F084FA0120F8F7B5FD00006F
:10DDA000014B1868704700BF1C65002070B5054620
:10DDB0000C4611B90026304670BD18B183690BB905
:10DDC00000F082F92C4B9C4214D16C68636ED8072A
:10DDD00005D4A389990502D4A06D00F047FBB4F9DE
:10DDE0000C308BB9666E16F00106E3D1A06D00F021
:10DDF0003EFBE0E7214B9C4201D1AC68E6E7204BBB
:10DE00009C4208BFEC68E1E72146284600F042F852
:10DE1000236B064633B1216A284698470028B8BFCD
:10DE20004FF0FF36A3891A0603D521692846F8F773
:10DE300081F9616B41B104F14403994202D0284653
:10DE4000F8F778F900236363A16C21B12846F8F74D
:10DE500071F90023A36400F01FF90023A381636E0E
:10DE6000DB0702D4A06D00F002FBA06D00F0FDFA0C
:10DE700000F018F99FE700BF805E0700A05E070072
:10DE8000605E0700024B01461868FFF78FBF00BFB6
:10DE90001C6500208A892DE9F041054610070C46D3
:10DEA00058D44B68002B05DC0B6C002B02DC0020E7
:10DEB000BDE8F081E66A002EF9D0002312F480520A
:10DEC0002F682B6032D0606DA3895A0705D563682F
:10DED000C01A636B0BB1236CC01A00230246E66ABA
:10DEE000216A2846B047431CA38906D129681D2909
:10DEF00049D82A4ACA40D60745D500226260D904CB
:10DF00002269226004D5421C01D12B6803B96065E7
:10DF1000616B2F600029CAD004F14403994202D0FA
:10DF20002846F8F707F900206063C1E7216A01235A
:10DF30002846B047411CC7D12B68002BC4D01D2BED
:10DF400001D0162B01D12F60B1E7A38943F0400324
:10DF5000A381ADE70F69002FA9D093070E6808BF12
:10DF60004B690F6018BF0023A6EB07088B60B8F160
:10DF7000000F9CDD43463A46216AA66A2846B04710
:10DF8000002806DCA38943F04003A3814FF0FF3053
:10DF90008EE70744A8EB0008E9E700BF0100402036
:10DFA00038B50B6905460C4613B90025284638BD1F
:10DFB00018B183690BB900F087F8144B9C421BD150
:10DFC0006C68B4F90C30002BEFD0626ED00704D42B
:10DFD000990502D4A06D00F049FA28462146FFF7C2
:10DFE00059FF636EDA070546E0D4A3899B05DDD4AB
:10DFF000A06D00F03CFAD9E7054B9C4201D1AC681A
:10E00000DFE7044B9C4208BFEC68DAE7805E07005C
:10E01000A05E0700605E0700002310B50446C0E95B
:10E020000033836081814366C281C0E90433836128
:10E03000194608225C3000F019FB054B6362054B62
:10E04000A362054BE362054B2462236310BD00BF4E
:10E0500019F306003BF3060073F3060097F306007E
:10E06000014900F0BFB900BFA1DF060070B54A1E2C
:10E07000682555430E4605F17401F8F719F8044672
:10E0800040B10021C0E900160C30A06005F1680223
:10E0900000F0ECFA204670BD014800F0E7B900BF7F
:10E0A0004B700120014800F0E2B900BF4B70012025
:10E0B000014800F0DBB900BF48700120014800F0C2
:10E0C000D6B900BF4870012010B50446FFF7F0FF35
:10E0D000A3691BB1BDE81040FFF7F0BFC4E91233DC
:10E0E0002365134B134A1B68A262A34204BF01239A
:10E0F000A361204600F020F86060204600F01CF884
:10E10000A060204600F018F80022E060042160685A
:10E11000FFF782FF01220921A068FFF77DFF02229D
:10E120001221E068FFF778FF0123A361D2E700BF67
:10E13000C05E070061E00600F8B50746FFF7ACFFD8
:10E140001E4B1E68B36913B93046FFF7BDFF483652
:10E15000D6E90134013B03D533680BB33668F7E7E2
:10E16000B4F90C50D5B9164BE36004F1580065665C
:10E1700000F07AF9FFF796FF2560C4E90155C4E97C
:10E180000455A5610822294604F15C0000F06EFAEE
:10E19000C4E90D55C4E912552046F8BD6834D9E7E5
:10E1A00004213846FFF762FF044630600028D5D1CD
:10E1B000FFF778FF0C233B60EEE700BFC05E07006F
:10E1C0000100FFFFF7B50F46114601AA054602F010
:10E1D0004DF8064618B90024204603B0F0BD284685
:10E1E000FFF7AAFF04460028F5D039464FF4DB7349
:10E1F000019A284600F038FF071E09DA0025FFF7CC
:10E200004BFFA06DA58100F030F9FFF74BFFE2E76F
:10E21000636EDB0705D4A389980502D4A06D00F0D6
:10E2200025F90E4B63620E4BA3620E4BE362F105C0
:10E230000D4BE781A6812462236305D502230022CA
:10E240002146284600F01AF8636EDA07C4D4A38981
:10E250009B05C1D4A06D00F00AF9BDE719F30600D3
:10E260003BF3060073F3060097F30600024B0A46E1
:10E2700001461868FFF7A6BF1C65002000F000B833
:10E280002DE9F0410C4690461D46064618B18369BB
:10E290000BB9FFF719FF504B9C421FD17468636E96
:10E2A000D90705D4A3899A0502D4A06D00F0DEF841
:10E2B000A38903F48473B3F5847F03D121463046E8
:10E2C000FFF76EFEE76A9FB91D233360636ED907BF
:10E2D00079D54FF0FF352846BDE8F0813F4B9C4291
:10E2E00001D1B468DBE73E4B9C4208BFF468D6E737
:10E2F000012D37D0022D01D0002D62D123691BB929
:10E300002146304600F0D8F821463046FFF748FE57
:10E310000028DBD12B464246216A3046B8470130FF
:10E32000D4D0616B41B104F14403994202D030462C
:10E33000F7F700FF0023636323692360A3890026A6
:10E3400023F402636660A3810822314604F15C0075
:10E3500000F08CF9656E15F001053BD1A3899B0592
:10E36000B9D421E021463046FFF71AFEA28912F403
:10E3700080520CD0656DA3895A0719D56368ED1AD0
:10E38000636B0BB1236CED1AA8440025B6E72B464E
:10E39000216A3046B847431C0546ECD1636ED80766
:10E3A00097D4A389990594D4A06D00F060F892E702
:10E3B0001807E9D523682269002BE5D09B1A1D4474
:10E3C000E2E7162381E7A3899A0582D4A06D00F0C5
:10E3D0004EF87EE735467EE7805E0700A05E0700C8
:10E3E000605E07002DE9F8438046894600F1480445
:10E3F000002614B93046BDE8F883D4E90175013F21
:10E4000001D52468F5E7AB89012B07D9B5F90E30A2
:10E41000013303D029464046C84706436835EEE736
:10E4200070B50D4D0D4C641BA4100026A64209D1F9
:10E430000B4D0C4C02F01CFC641BA4100026A642E1
:10E4400005D170BD55F8043B98470136EEE755F805
:10E45000043B98470136F2E7F0660020F0660020A2
:10E46000F06600203467002070477047704770479F
:10E4700070B50E46B1F90E10002996B014461D462F
:10E4800007DA00232B60B3891A0610D44FF4806397
:10E490000EE06A4601F020FF0028F2DB019A02F448
:10E4A0007042A2F500535A425A412A60EEE74023D7
:10E4B0000020236016B070BD8B8973B59D0706469A
:10E4C0000C4607D504F147032360236101236361F0
:10E4D00002B070BD01AB6A46FFF7CAFF009905465E
:10E4E0003046F7F7E5FD48B9B4F90C309A05EFD49A
:10E4F00023F0030343F00203A381E3E70D4BB36270
:10E50000A389206043F08003A381009B6361019B8A
:10E5100020615BB1B4F90E10304601F0EFFE28B176
:10E52000A38923F0030343F00103A381A3891D43BF
:10E53000A581CDE761E00600024B01461868F7F7B8
:10E54000B7BD00BF1C650020024B01461868F7F7F5
:10E55000F1BD00BF1C6500200000000000000000AD
:10E5600001F0FF01102A2BDB10F0070F08D010F884
:10E57000013B013A8B422DD010F0070F42B3F6D188
:10E58000F0B441EA012141EA014122F007047FF0A1
:10E5900000070023F0E80256083C85EA010586EAF8
:10E5A000010685FA47F5A3FA87F586FA47F6A5FA34
:10E5B00087F68EB9EED1F0BC01F0FF0102F0070240
:10E5C00032B110F8013B013A83EA010313B1F8D1EB
:10E5D0000020704701387047002D06BF35460338CC
:10E5E000073815F0010F07D1013015F4807F02BF05
:10E5F000013015F4C03F0130F0BC0138704700BF56
:10E6000030B501390024A24201D1002005E0035DAC
:10E6100001340D5DAB42F6D0581B30BD0A44914227
:10E6200000F1FF3300D1704710B511F8014B03F82A
:10E63000014F9142F9D110BD884210B501EB0203A0
:10E6400002D983421C4607D8421E994208D011F8CD
:10E65000014B02F8014FF8E783189A1A9A4200D149
:10E6600010BD14F8011D03F8011DF7E7024403462D
:10E67000934200D1704703F8011BF9E738B505460E
:10E68000002945D051F8043C0C1F002BB8BFE418FA
:10E69000F8F749F91F4A1368104633B963601460EC
:10E6A0002846BDE83840F8F742B9A3420CD92168A2
:10E6B0006218934204BF1A685B68636004BF521813
:10E6C00022600460ECE713465A680AB1A242FAD904
:10E6D00019685818A0420BD120680144581882428A
:10E6E0001960DDD1106852685A6001441960D7E79B
:10E6F00002D90C232B60D3E7206821188A4204BF7B
:10E7000011685268626004BF091821605C60C7E745
:10E7100038BD00BF38700120F8B5CD1C25F00305C9
:10E7200008350C2D38BF0C25002D064601DBA9420B
:10E7300003D90C2333600020F8BDF8F7F4F8214921
:10E740000A6814469CB9204F3B6823B921463046DD
:10E7500000F0A4FC38602946304600F09FFC431CC2
:10E7600023D10C2333603046F8F7E1F8E3E7236860
:10E770005B1B17D40B2B03D923601C44256004E0DA
:10E780006368A2420CBF0B6053603046F8F7CFF8C5
:10E7900004F10B00231D20F00700C21ACCD01B1A75
:10E7A000A350C9E722466468CCE7C41C24F00304E4
:10E7B000A042E3D0211A304600F070FC0130DDD1D8
:10E7C000CFE700BF387001203C7001202DE9F047F1
:10E7D00088B0002B149F109EDDF84CA01D461446F7
:10E7E000BCBF03F10043144627F02007129AB6BFBE
:10E7F0001D4600232D23462F137004D0452F00D132
:10E800000136022300E0032307AA049206AACDE9F9
:10E8100002A2CDE9003622462B4600F071FF472FB9
:10E82000804602D1119BDB0722D5462F08EB060953
:10E8300011D198F80030302B0AD100220023204655
:10E840002946FFF71BF818B9C6F10106CAF800609F
:10E85000DAF8003099440022002320462946FFF7C9
:10E860000DF808B1CDF81C903022079B4B4508D31A
:10E87000079B159AA3EB08034046136008B0BDE858
:10E88000F087591C07911A70EFE7F7B50029BABF56
:10E8900049422D232B2309290270437021DD0DF1FC
:10E8A00007031F460A2691FBF6F206FB12143034CA
:10E8B000632903F1FF3503F8014C0ADC303205F817
:10E8C000012C023B821CBB42144605D3201A03B024
:10E8D000F0BD2B461146E6E713F8011B02F8011BB9
:10E8E000F1E7302319448370041DC170EEE7000086
:10E8F0002DE9F04F91B00C46DDF8688016461F46B2
:10E90000054601F00BFD03680A93184600F06EFD02
:10E9100000230E93D8F800300B90073323F0070341
:10E9200003F1080294F818A0D4F800B0C8F8002049
:10E93000D3E90023C4E9122394ED127B8DED087B0B
:10E94000DDE9088323F000494FF0FF32AA4B40462F
:10E950004946FEF7C5FF70BB4FF0FF32A64B40465D
:10E960004946FEF79FFF30BB00220023DDE9080186
:10E97000FEF78EFF10B12D2384F843309F4AA04B41
:10E98000BAF1470F94BF90469846032323612BF0BA
:10E99000040323604FF00009009733460FAA214675
:10E9A000284600F0D7F9013040F093804FF0FF3057
:10E9B00011B0BDE8F08FDDE9082310461946FEF7D7
:10E9C0008FFF60B100220023DDE90801FEF760FF40
:10E9D00010B12D2384F843308A4A8B4BD0E763680B
:10E9E0005A1C0AF0DF0941D1062363600022069217
:10E9F0000EAACDE904A20DAA4BF4806303920DF197
:10EA00003302CDE901322360636800932846DDE9D3
:10EA10000823FFF7DBFEB9F1470F80460D9908D1B7
:10EA2000C81C02DB6368994241DDAAF1020A5FFA61
:10EA30008AFABAF1650F20D80139524604F1500024
:10EA40000D91FFF722FF0E9A1318012A81462361C8
:10EA500002DC2268D20701D5013323619DF83330EF
:10EA6000002B99D02D2384F8433095E7B9F1470F57
:10EA7000BCD1002BBAD10123B7E7BAF1660F18D188
:10EA8000002963680BDD216113B92268D00702D524
:10EA900001330B442361A1654FF00009DEE713B990
:10EAA0002268D20701D50233F4E70123F2E74FF0E1
:10EAB000670A0E9B994205DB23682161D807EAD5D6
:10EAC0004B1CE7E70029D4BFC1F102020122134425
:10EAD000E0E723685A0507D42369424631462846B1
:10EAE000B84701302BD161E7BAF1650F40F2DD8004
:10EAF00000220023D4E91201FEF7C0FE002833D023
:10EB00000123424A31462846B84701303FF44EAF10
:10EB1000DDE90D239A4202DB2368D8070FD5DDE932
:10EB20000A2331462846B84701303FF43FAF4FF043
:10EB3000000804F11A090E9B013B434509DC2368D8
:10EB40009B0700F10281E0680F9B9842B8BF18460E
:10EB50002EE701234A4631462846B84701303FF4A4
:10EB600025AF08F10108E6E70D9B002B2BDC012304
:10EB7000264A31462846B84701303FF417AFDDE951
:10EB80000D23134302D12368D907D8D5DDE90A2321
:10EB900031462846B84701303FF408AF4FF000092E
:10EBA00004F11A0A0D9B5B424B4501DC0E9B94E776
:10EBB0000123524631462846B84701303FF4F6AEAD
:10EBC00009F10109EEE70E9AA36D9A42A8BF1A4611
:10EBD000002A914607DD1346314642462846B8478B
:10EBE00001303FF4E3AE04F11A034FF0000B29EAC1
:10EBF000E979089316E000BFFFFFEF7FC45E0700CE
:10EC000024190700C85E07002019070080140700B8
:10EC10000123089A31462846B84701303FF4C6AE72
:10EC20000BF1010BD4F858A0AAEB09035B45EFDC0C
:10EC3000DDE90D239A421BDB2368DA0718D4DDE9EE
:10EC40000D2392451CDBA3EB0A09B9F1000F08DD87
:10EC50004B4608EB0A0231462846B84701303FF4DC
:10EC6000A5AE4FF0000829EAE97904F11A0A14E088
:10EC7000DDE90A2331462846B8470130DFD195E661
:10EC8000A3EB0209E1E70123524631462846B84783
:10EC900001303FF48BAE08F10108DDE90D239B1A2A
:10ECA000A3EB09034345EEDC49E70E9A012A01DC98
:10ECB000DB0737D50123424631462846B8470130A5
:10ECC0003FF474AEDDE90A2331462846B8470130E7
:10ECD0003FF46CAE00220023D4E91201FEF7CEFD12
:10ECE000D8B90E9B08F10102013B31462846B847CE
:10ECF00001300ED15AE60123524631462846B84724
:10ED000001303FF453AE08F101080E9B013B43452F
:10ED1000F1DC4B4604F15002E0E64FF0000804F14C
:10ED20001A0AF2E701234246DFE701234A46314649
:10ED30002846B84701303FF439AE08F10108E368CE
:10ED40000F9A9B1A4345F0DCFDE64FF0000804F1F2
:10ED50001909F4E72DE9F04791461F468A680B69C7
:10ED6000DDF820809342B8BF1346C9F8003091F80F
:10ED7000432006460C4612B10133C9F8003023681F
:10ED8000990642BFD9F800300233C9F8003025682F
:10ED900015F0060507D104F1190AE368D9F8002037
:10EDA0009B1AAB4228DC94F843302268003318BF2A
:10EDB000012392062DD404F1430239463046C04760
:10EDC000013020D02368E568D9F8002003F006035D
:10EDD000042B08BFAD1AA36822690CBF25EAE575AC
:10EDE00000259342C4BF9B1AED184FF000091A3456
:10EDF0004D451AD1002008E00123524639463046DD
:10EE0000C047013003D14FF0FF30BDE8F087013536
:10EE1000C3E7E1185A1C302081F84300224494F8DB
:10EE2000451082F843100233C5E7012322463946D4
:10EE30003046C0470130E6D009F10109D8E70000AB
:10EE40002DE9F04306460C4601F14300097E85B0EA
:10EE50006E29984617460C9B00F0BA8024D8632987
:10EE600039D00AD8002900F0C380582900F09180D9
:10EE700004F1420584F8421035E0642901D0692983
:10EE8000F6D125681A6815F0800F02F104012CD024
:10EE900012681960002A03DA2D23524284F84330A5
:10EEA000DFF8BCC10A233FE0732900F0A58008D831
:10EEB0006F2921D07029DBD1226842F02002226024
:10EEC00003E0752918D07829D2D1782284F845201A
:10EED000DFF890C161E01A68111D1960136884F8A9
:10EEE000423004F14205012393E01268196015F0E5
:10EEF000400F18BF12B2CDE7D4F800C01A681CF05A
:10EF0000800F02F104051D6001D0126803E01CF0BF
:10EF1000400FFAD01288DFF848C16F290CBF0823D0
:10EF20000A23002184F843106568A560002DA2BF64
:10EF3000216821F0040121600AB9002D46D0054660
:10EF4000B2FBF3F103FB112E93421CF80EE005F81F
:10EF500001ED39D9082B0BD12368DA0708D52369CD
:10EF600062689A42DEBF302305F8013C05F1FF35A7
:10EF7000401B2061CDF800803B4603AA2146304665
:10EF8000FFF7E8FE013049D14FF0FF3005B0BDE892
:10EF9000F083DFF8CCC084F845101D68216855F86F
:10EFA000042B1D600D060BD5CD0744BF41F0200199
:10EFB00021601AB9236823F0200323601023B0E7EF
:10EFC0004B0648BF92B2EFE70A46B9E70546C1E7EC
:10EFD0001A68D4F800C06169151D1D601CF0800F0F
:10EFE000136801D0196003E01CF0400FFAD01980BB
:10EFF000002323610546BDE71A68111D19601568D5
:10F00000626800212846FFF7ABFA08B1401B606038
:10F0100063682361002384F84330ABE723692A4601
:10F0200039463046C0470130AED023689B0713D421
:10F03000E068039B9842B8BF1846A7E701234A46F9
:10F0400039463046C04701309ED00135E368039A07
:10F050009B1AAB42F2DCEBE7002504F11909F5E756
:10F06000CC5E0700DD5E070038B5074C0546084654
:10F070001146002222601A46F7F74AFF431C02D1CC
:10F08000236803B12B6038BD40700120024B0A4653
:10F0900001461868F6F79CBF1C65002038B5064C81
:10F0A0000023054608462360F7F718FC431C02D1ED
:10F0B000236803B12B6038BD4070012000294FF454
:10F0C00080630CBF0222002200F000B82DE9F74354
:10F0D0001E465B4B1D6804460F46904625B1AB6942
:10F0E00013B92846FEF7F0FF564B9C4266D16C6878
:10F0F000B8F1020F06D0B8F1010F00F29D80002E8A
:10F10000C0F29A80636EDA0705D4A3899B0502D406
:10F11000A06DFFF7ABF921462846FEF741FF616B72
:10F1200041B104F14403994202D02846F7F702F8AE
:10F13000002363630023A3616360A389180603D5DA
:10F1400021692846F6F7F6FFA38923F44A6323F0E2
:10F150000303B8F1020FA3816AD001AB6A462146CE
:10F160002846FFF785F9A3891843A081002E2FD1E7
:10F17000009E3046FFF7E0F90746002853D1DDF83E
:10F180000090B14548D14FF0FF350022A26004F154
:10F190004702226022610122B4F90C306261626E82
:10F1A00043F00203D107A38104D49B0502D4A06DD0
:10F1B000FFF75DF9284603B0BDE8F083224B9C427F
:10F1C00001D1AC6894E7214B9C4208BFEC688FE703
:10F1D000002FCED0AB6913B92846FEF775FFB8F102
:10F1E000010F08BFA389276004BF43F00103A38177
:10F1F000A38913F00802C4E904761BD0DA0741BFE3
:10F2000000227642A260A66158BFA660656E15F026
:10F210000105CAD00025CDE74846FFF78DF907461E
:10F220000028B0D04E46A38943F08003A381D1E7E4
:10F230000025AAE7A260E9E74FF0FF35BAE700BF73
:10F240001C650020805E0700A05E0700605E07006E
:10F250001F2938B504460D4604D9162303604FF024
:10F26000FF3038BD426C12B152F821304BB9204604
:10F2700000F030F82A4601462046BDE8384000F04C
:10F2800017B8012B0AD0591C03D1162303600120A3
:10F29000E7E7002442F82540284698470020E0E7A9
:10F2A000024B01461868FFF7D3BF00BF1C65002062
:10F2B00038B5074C0023054608461146236001F087
:10F2C000CFFC431C02D1236803B12B6038BD00BFC3
:10F2D0004070012001F0BCBC0EB400B59CB01DAB69
:10F2E000029006906FF00041094807910491094986
:10F2F00053F8042B05910068019302A901F068FB03
:10F30000029B00221A701CB05DF804EB03B070473A
:10F310001C6500200802FFFF10B50C46B1F90E1065
:10F3200001F04EFC0028ABBF636DA3891B1823F4CA
:10F330008053ACBF6365A38110BD2DE9F0411F462A
:10F340008B89DB0505460C46164605D502230022AF
:10F35000B1F90E1000F0E6FFA389B4F90E1023F402
:10F360008053A38132463B462846BDE8F04100F079
:10F3700019B910B50C46B1F90E1000F0D3FF431CBB
:10F38000A38915BF606523F4805343F48053A381A0
:10F3900018BFA38110BDB1F90E1000F015B900001F
:10F3A00070B50C4D2E4610F8013B5A5D02F0030279
:10F3B000012A11F8012BB45C04F0030408BF2033C8
:10F3C000012C08BF20329B1A01D1002AEBD118462C
:10F3D00070BD00BF5E5D070010F8012B11F8013B06
:10F3E000012A28BF9A42F7D0D01A7047034613F873
:10F3F000012B002AFBD1181A0138704770B503465B
:10F400001E4613F8014B3CB14A1E01E0A542F7D05D
:10F4100012F8015F002DF9D1301A70BD2DE9F043CB
:10F42000384F86460846054615F8014BE65D16F04E
:10F43000080631D12D2C31D12C784FF00108851CD4
:10F44000002B5AD0102B09D1302C07D1287800F08E
:10F45000DF0058284CD16C78102302354FF0FF3C68
:10F460000026BCFBF3FC03FB0CF96FEA09093046EC
:10F47000A4F13007092F18D83C46A34224DD002E02
:10F480001FDB84451DD301D1A1451ADB00FB0340DE
:10F49000012615F8014BEBE72846C4E72B2C08BFE3
:10F4A0002C78B04608BF851CCAE7A4F14107192F84
:10F4B00001D8373CE1E7A4F16107192F04D8573C84
:10F4C000DBE74FF0FF36E4E7002E07DA2223CEF821
:10F4D00000304FF0FF3042B9BDE8F083B8F1000FC3
:10F4E00000D04042002AF7D006B1691E1160F3E750
:10F4F0003024002BB2D10823B0E7302CA6D00A2349
:10F50000ACE700BF5E5D070013460A4601460248AD
:10F510000068FFF783BF00BF1C650020034BC35C7E
:10F5200003F00303012B08BF203070475E5D070026
:10F5300030B5141E05469BB0184605DA8B232B60A8
:10F540004FF0FF301BB030BD4FF40273ADF80C30FC
:10F5500014BF04F1FF332346029305934FF6FF7364
:10F5600000910491ADF80E3002461E9B6946284674
:10F5700001F02EFA431CBCBF8B232B60002CE1D082
:10F58000009B00221A70DDE707B5009313460A4678
:10F59000014603480068FFF7CBFF03B05DF804FBAA
:10F5A0001C65002038B5074C054608461146002268
:10F5B00022601A46F7F7C0FA431C02D1236803B150
:10F5C0002B6038BD4070012038B5064C002305463D
:10F5D00008462360F7F74CFA431C02D1236803B1B5
:10F5E0002B6038BD407001202DE9F74F03690C698D
:10F5F000A34280467FDB013C01F11407A00008F123
:10F6000014052B18019357F8243055F824200133A2
:10F610009A4207EB0009B2FBF3F631D34FF0000A30
:10F62000BC46AE46D3465CF8042B93B206FB03A35C
:10F630004FEA134A9BB2ABEB0303120CDEF800B0A7
:10F6400006FB02A213FA8BF34FEA124A1FFA82FB5F
:10F65000DEF80020CBEB124202EB23429BB243EADE
:10F660000243E1454FEA224B4EF8043BDBD22B58D4
:10F6700033B9019B043B9D421A4630D3C8F8104071
:10F68000404601F084F8002825DB013628464FF07B
:10F69000000C57F8042BD0F800E093B2ACEB030356
:10F6A000120C13FA8EF3C2EB1E4202EB23429BB202
:10F6B00043EA0243B9454FEA224C40F8043BE8D202
:10F6C00055F8242005EB84032AB9043B9D421A46D1
:10F6D0000BD3C8F81040304603B0BDE8F08F126875
:10F6E000043B002ACAD1013CC5E71268043B002A4A
:10F6F000EFD1013CEAE70020EEE700000000000047
:10F700002DE9F04F476A97B014461D468346239E65
:10F71000CDE9024547B91020FEF70EFFC0E9017799
:10F72000CBF824000760C760DBF82430196859B1B2
:10F730005A684A60012393408B60584600F04AFEA5
:10F74000DBF8243000221A602B1EB9BF23F00043DF
:10F75000039300233360039CAF4BBCBF0122326094
:10F76000A3431AD1229A42F20F731360029AC4F390
:10F770001303134300F05185249B53B9A74B23E097
:10F78000A74B06930833249A1360069817B0BDE878
:10F79000F08FA24B06930333F5E79DED027B002229
:10F7A000002351EC170B8DED0C7BFEF767F8074635
:10F7B00060B1229A01231360249B002B00F02A855C
:10F7C000984B249A1360013B0693DEE714AB019338
:10F7D00015AB00935846DDE90C2301F04FF8C4F354
:10F7E0000A568046002E7FD00D9B1397C3F3130358
:10F7F000DDE90C4543F07F5545F44015A6F2FF3690
:10F800000022894B20462946FDF718FC7CA3D3E94A
:10F810000023FDF7CBFD7CA3D3E90023FDF710FC0B
:10F82000044630460D46FDF757FD79A3D3E9002382
:10F83000FDF7BCFD02460B4620462946FDF700FCBD
:10F8400004460D4601F0DCF90022824600232046E2
:10F850002946FEF71DF848B15046FDF73DFD22460A
:10F860002B46FEF70BF808B90AF1FF3ABAF1160F6A
:10F8700059D86E4B03EBCA03D3E90023DDE90C0131
:10F88000FEF706F8002850D00AF1FF3A0023129341
:10F89000149B9E1B731E089345BFC6F1010307937B
:10F8A000002300234CBF08930793BAF1000F3EDBFF
:10F8B000089BCDF83CA05344089300230993209B58
:10F8C000092B00F28F80052BC4BF043B2093209BA3
:10F8D000A3F10203CCBF00240124032B00F28D808E
:10F8E000DFE803F02F3C3A7EDDE914631E4406F2A4
:10F8F0003240202811DDC0F14000029B844006F216
:10F90000124023FA00F02043FDF7D6FC0123044601
:10F91000A1F1F875013E139372E7029BC0F120003C
:10F9200003FA00F0F0E70123B1E71290B0E7079B7C
:10F93000A3EB0A030793CAF10003099300230F9373
:10F94000BDE700230E93219B002B73DC012304935E
:10F9500099461A4621920CE00123F3E700230E9307
:10F96000219B534403F1010904934B46012BB8BF7B
:10F970000123DBF8245000226A60042202F1140003
:10F98000984269685AD9584600F0F0FCDBF82430F8
:10F9900028601B680693B9F10E0F00F2D480002C8A
:10F9A00000F0D180BAF1000F66DD204A0AF00F03A3
:10F9B00002EBC30393ED007B4FEA2A14E2068DEDC0
:10F9C0000A7B57D51A4BDDE90C01D3E90823FDF773
:10F9D00017FECDE9020104F00F040326144D3EE0AA
:10F9E0000123BCE70124002320930E944FF0FF3342
:10F9F0000493994600221223ACE701230E93F5E706
:10FA000061436F63A787D23FB3C8608B288AC63F24
:10FA1000FB799F501344D33F0000F07FF75E07004F
:10FA2000EE5E0700811407000000F83F305F07001A
:10FA3000085F0700219B049399469AE701316960AA
:10FA400052009BE7E30708D5DDE90A01D5E9002369
:10FA5000FDF7ACFCCDE90A01013664100835002C35
:10FA6000F0D1DDE90A23DDE90201FDF7C9FDCDE9A9
:10FA700002011AE00226B1E700F09F80CAF10004FB
:10FA80009F4BA04D04F00F0203EBC203D3E9002308
:10FA9000DDE90C01FDF78AFCCDE902012411002308
:10FAA0000226002C7ED1002BE1D1129B002B00F00E
:10FAB0008680DDE902450022934B20462946FDF76A
:10FAC000E7FE00287BD0B9F1000F78D0049B002B13
:10FAD00035DD0AF1FF330A93204600228B4B29467D
:10FAE000FDF764FCCDE90201049C01363046FDF7C8
:10FAF000F3FBDDE90223FDF759FC0022844BFDF7FF
:10FB00009FFA0646A1F15077002C5CD10022814B70
:10FB1000DDE90201FDF792FA32463B46CDE90201EA
:10FB2000FDF7D4FE002840F08C82324607F10043F6
:10FB3000DDE90201FDF7ACFE002840F08082DDE93E
:10FB40000C34CDE90234159B002BC0F24F81BAF181
:10FB50000E0F00F34B816A4B03EBCA0393ED007B5E
:10FB6000219B002B8DED047B80F2D880B9F1000F32
:10FB700000F3D48040F062820022664B51EC170BF8
:10FB8000FDF714FCDDE90223FDF796FE4C464E46D8
:10FB9000002840F03B82069D312305F8013B0AF125
:10FBA000010A37E2E70705D5D5E90023FDF7FEFB9B
:10FBB000013601236410083573E7022675E7CDF896
:10FBC00028A04C4692E74E4B03EBC40353E90201D5
:10FBD000069B1C440E9B002B46D002460B46002081
:10FBE0004D49FDF70DFD32463B46FDF727FA069DD0
:10FBF00006460F46DDE9020101F002F81090FDF71C
:10FC00006BFB02460B46DDE90201FDF717FA109B7C
:10FC1000303305F8013B32463B46CDE90201FDF7A2
:10FC200037FE002860D1DDE9022300203649FDF7C8
:10FC300005FA32463B46FDF72BFE002840F0B48023
:10FC4000A5423FF47CAF0022304B30463946FDF7E9
:10FC5000ADFB002206460F462C4BDDE90201FDF705
:10FC6000A5FBCDE90201C5E732463B46FDF79EFB09
:10FC7000CDE91001069E2546DDE9020100F0C0FF36
:10FC80000746FDF729FB303702460B46DDE9020146
:10FC9000FDF7D4F906F8017BA642CDE902014FF049
:10FCA000000226D11C4BDDE91001FDF7C9F902461F
:10FCB0000B46DDE90201FDF709FE002874D1DDE9FC
:10FCC000102300201449FDF7B9F902460B46DDE97F
:10FCD0000201FDF7DDFD00283FF431AF15F8013CCE
:10FCE000302B05F1FF3202D0DDF828A04AE015469E
:10FCF000F4E7064BFDF75AFBCDE90201BCE700BF74
:10FD0000305F0700085F07000000F03F000024405C
:10FD100000001C40000014400000E03FDDE90267E5
:10FD2000069DDDE9042330463946FDF769FC00F005
:10FD300067FF0446FDF7D0FADDE90423FDF736FB43
:10FD400002460B463046394604F13006FDF776F997
:10FD500005F8016B069EAE1BB14502460B4638D135
:10FD6000FDF76EF9DDE9042306460F46FDF7AEFD0B
:10FD7000C0B9DDE9042330463946FDF77FFD08B1FF
:10FD8000E1070FD44146584600F024FB0023229A95
:10FD90002B700AF101031360249B002B3FF4F5AC98
:10FDA0001D60F2E4CDF828A015F8012C392A05F1E0
:10FDB000FF3308D1069A9A4209D10A9A069901326C
:10FDC0000A9230220A701A7801321A708CE71D46A6
:10FDD000EAE700229D4BFDF7E9FA002200230646E0
:10FDE0000F46FDF74BFD00289BD0CBE70E9A002A6B
:10FDF00000F0CB80209A012A00F3AE80139A002AEB
:10FE000000F0A68003F23343099C079D079A1A4429
:10FE10000792089A01211A445846089200F07CFB88
:10FE20000646002D0CDD089B002B09DDAB42079A2E
:10FE3000A8BF2B46D21A0792089AED1AD31A089334
:10FE4000099BF3B10E9B002B00F0A380002C10DD6A
:10FE500031462246584600F0F9FB42460146064626
:10FE6000584600F062FB41460746584600F0B2FA99
:10FE7000B846099B1A1B04D04146584600F0E6FBE1
:10FE800080460121584600F047FB0F9B002B04469B
:10FE900040F381801A460146584600F0D7FB209B6C
:10FEA000012B04467ADD0027236904EB83031869DC
:10FEB00000F0E2FAC0F12000089B184410F01F0087
:10FEC00000F08B80C0F12003042B40F38480C0F14C
:10FED0001C00079B03440793089B034405440893B5
:10FEE000079B002B05DD41461A46584600F0FCFBF7
:10FEF0008046089B002B05DD21461A46584600F037
:10FF0000F3FB0446129B002B69D02146404600F0CB
:10FF10003EFC002863DA002341460A22584600F0DE
:10FF200070FA0E9B0AF1FF3A8046002B00F07C81AC
:10FF3000002331460A22584600F063FA049B002B46
:10FF4000064600F38B80209B022B40F387804EE017
:10FF5000149BC3F1360357E7099B09F1FF34A34211
:10FF6000BFBF099B0994E21A0F9BBBBF9B180F935D
:10FF70001C1B0024B9F1000FB5BF079B079DA3EB25
:10FF800009054B46B8BF002340E7099C079D0E9E1C
:10FF900047E7099A70E7209B012B18DC029BB3B955
:10FFA000039BC3F31303A3B9039B23F000473F0D47
:10FFB0003F0537B1079B01330793089B0133089333
:10FFC00001270F9B002B7FF46FAF012074E7002700
:10FFD000F7E7029FF5E783D018461C3079E7B9F1BF
:10FFE000000F35DC209B022B32DDCDF81090049BF6
:10FFF00063B921460522584600F003FA014604463B
:0200000270008C
:10000000404600F0C4FB00283FF7C5AD219B069D8C
:100010006FEA030A00272146584600F0DBF9002E5C
:100020003FF4B0AE2FB1B74203D03946584600F086
:10003000D1F93146584600F0CDF9A3E60024264612
:10004000E4E7DDF828A02646A5E500BF000024402F
:100050000E9BCDF81090002B00F0ED80002D05DDFB
:1000600031462A46584600F03FFB0646002F56D040
:100070007168584600F07AF93269023205469200FA
:1000800006F10C010C30FEF7C9FA01222946584648
:1000900000F02AFB069B069A03F10109049B134416
:1000A0000993029B03F0010337460893064609F1C2
:1000B000FF33214640460293FFF796FA034630335A
:1000C0000490394640460A9300F061FB324607909F
:1000D0002146584600F075FBC2680A9B054602BBE4
:1000E0000146404600F053FB0A9B0246294658460B
:1000F0000E920A9300F06EF9209B0E9A43EA0201D9
:10010000089B0B434D460A9B0DD1392B27D0079AEC
:10011000002A01DD049B3133029A13707BE73046DD
:10012000B8E70122E2E70799002904DB20980143A0
:10013000089801431ED1002AEEDD414601225846AF
:10014000079300F0D1FA2146804600F020FB0028FA
:10015000079B02DCE0D1DA07DED5392BDAD1029A2F
:100160003923137015F8013C392B05F1FF3247D0C4
:100170000133D2E7002A03DD392BF0D00133CBE77E
:10018000099A09F8013C914521D0414600230A22F1
:10019000584600F036F9B74280464FF000034FF062
:1001A0000A023946584606D100F02BF907460646A2
:1001B00009F101097BE700F024F9314607460023E5
:1001C0000A22584600F01DF90646F1E7002741468D
:1001D00001225846029300F087FA2146804600F03B
:1001E000D6FA0028BEDC02D1029BDB07BAD415F890
:1001F000013C302B05F1FF327FF40DAF1546F6E7D9
:10020000069B934204D10AF1010A3123069A84E73E
:100210001546A7E7134BFFF7D7BA249B002B7FF4B3
:10022000AFAA114BFFF7D0BA049B002B03DC209B35
:10023000022B3FF7DCAE069D21464046FFF7D4F97E
:1002400000F1300305F8013B069A0499AA1A91427D
:10025000BCDD414600230A22584600F0D2F8804611
:10026000EAE700BF80140700EE5E07000B78722BF0
:1002700030B522D0772B24D0612B27D016230360F2
:10028000002030BD622D12D0782D13D02B2D07D138
:1002900020F01C0023F0030340F0100043F00203A1
:1002A00011F8015F002DEDD123431360E9E743F41A
:1002B0008033F5E743F40063F2E70024234604208B
:1002C000EEE74FF4C06401230820E9E74FF402741D
:1002D00001234FF48470E3E738B5074C002305464B
:1002E000084611462360F6F720FD431C02D123681F
:1002F00003B12B6038BD00BF4070012038B5064CFB
:100300000023054608462360F6F784FC431C02D10F
:10031000236803B12B6038BD40700120004870474E
:100320007066002038B5074C054608461146002285
:1003300022601A46F6F7D9FC431C02D1236803B1A8
:100340002B6038BD4070012082B001B901A942B1D3
:100350004BB113780B601278101C18BF012002B04B
:1003600070471046FBE76FF00100F8E770B5456A8B
:1003700004460E463DB91020FEF7DEF8C0E90155EF
:1003800060620560C560656AEB6883B1636ADB68BB
:1003900053F82600B8B9012101FA06F56A1D92004A
:1003A0002046F5F731FE60B1C0E901650EE021227B
:1003B00004212046F5F728FE636AE860DB68002B1D
:1003C000E4D1002070BD026843F826200023C0E974
:1003D0000333F7E770B5446A06460D463CB9102072
:1003E000FEF7AAF8C0E9014470620460C4603DB140
:1003F000736A6A68DB6853F82210296043F8225058
:1004000070BD2DE9F0410D691F4606460C4601F10D
:10041000140C0023DCF8000081B202FB01710F0C08
:10042000000C02FB007089B2013301EB00419D42D8
:100430004FEA10474CF8041BECDCD7B1A368AB4281
:1004400012DC616830460131FFF790FF2269023209
:1004500004F10C01804692000C30FEF7DFF82146D3
:100460003046FFF7B7FF444604EB850301355F6173
:1004700025612046BDE8F081020C12040346CAB98A
:100480000304102013F07F4F04BF1B02083013F049
:10049000704F04BF1B01043013F0404F04BF9B009A
:1004A0000230002B05DB13F0804F00F1010008BF84
:1004B000202070470020E5E7036813F0070201469B
:1004C0000BD0DA0724D4980749BF5B089B080120AA
:1004D0000B605CBF0B600220704798B2B0B91B0C78
:1004E000102013F0FF0F04BF1B0A08301A0704BFC7
:1004F0001B0904309A0704BF9B080230DA0703D4B3
:100500005B0800F1010005D00B6070471046E8E77A
:10051000002070472020704710B50C460121FFF7DE
:1005200025FF01224461026110BD2DE9F74F90467D
:100530000A69D8F810309A42B8BF0B460C46BCBFC7
:10054000444698462769D8F81090A368616807EB7D
:100550000906B342B8BF0131FFF708FF00F11405E7
:1005600005EB860E2B460022734516D304F11403C7
:1005700008F1140203EB870702EB89030093009B49
:10058000019293420CD8002E03DD5EF8043D002B4F
:1005900059D0066103B0BDE8F08F43F8042BE3E7C0
:1005A000B2F800A0BAF1000F23D004F11409AC4650
:1005B0004FF0000859F8041BDCF800B08BB21FFAAA
:1005C0008BFB0AFB03B34FEA114BDCF800104344EA
:1005D0004FEA11480AFB0B8101EB13419BB243EA3E
:1005E00001434F454FEA11484CF8043BE2D8CCF8A0
:1005F0000080019BB3F802900432B9F1000F20D0C3
:100600002B6804F11408AC464FF0000AB8F800104B
:10061000BCF802B009FB01B18A449BB243EA0A4329
:100620004CF8043B58F8043BBCF800101B0C09FBC9
:10063000031303EB1A4347454FEA134AE6D8CCF8B5
:10064000003004359BE7013E9DE700002DE9F843AB
:10065000154612F0030206460F4607D0013A214C18
:10066000002354F82220FFF7CCFE0746AD1035D00A
:10067000746A3CB91020FDF75FFFC0E90144706265
:100680000460C460D6F82480D8F808404CB940F221
:1006900071213046FFF740FF0023C8F808000446E8
:1006A00003604FF00008EB070AD539462246304672
:1006B000FFF73BFF394681463046FFF78BFE4F463A
:1006C0006D100BD0206838B9224621463046FFF71E
:1006D0002CFF2060C0F800800446E4E73846BDE8FF
:1006E000F88300BFF85F07002DE9F0470C464FEA9A
:1006F000621A236949680AEB0309A368074616468C
:1007000009F10105AB4233DB3846FFF72FFE00232A
:10071000804600F1140100F11002184653452ADB0F
:1007200020692AEAEA7A04F1140316F01F0201EBA9
:100730008A0103EB800C22D0C2F1200E00201E683B
:100740009640304341F8040B53F8040B9C4520FAC3
:100750000EF0F4D8086008B109F10205013D3846F1
:10076000C8F810502146FFF735FE4046BDE8F08737
:1007700001315B00C6E742F8040F0133CEE70439CC
:1007800053F8042B41F8042F9C45F9D8E6E7036998
:100790000A699B1A30B50CD19200143014318418B8
:1007A000114454F8045D51F8042D954203D005D34B
:1007B0000123184630BDA042F3D3FAE74FF0FF33D0
:1007C000F7E72DE9F0470D4607461146284614463F
:1007D000FFF7DDFF061E08D131463846FFF7C6FD9C
:1007E0000123C0E90436BDE8F087A4BF23462C46A8
:1007F00038466168A6BF1D4600260126FFF7B6FDF4
:100800002B69C660266905F1140904F1140202EB94
:10081000860709EB830800F114054FF0000E52F82B
:1008200004AB59F8044B1EFA8AF1A3B2C91A230C7F
:10083000C3EB1A4303EB214389B24FEA234EC84569
:1008400041EA0343944645F8043BE8D8BC4504D349
:1008500055F8043D83B10661C5E75CF8041B1EFA38
:1008600081F31A1402EB11429BB243EA02434FEAAE
:10087000224E45F8043BE9E7013EE9E72DE9F7435D
:10088000012199469046DDE90A65FFF76FFDC9F33E
:100890000A540746C9F313032CBBB8F100020193B5
:1008A00026D068460092FFF707FE0099F0B1019A42
:1008B000C0F1200302FA03F30B43C2407B610192B3
:1008C000019BBB61002B14BF022101213961C4B11E
:1008D000A4F2334404443460C0F135002860384643
:1008E00003B0BDE8F08343F48013D6E77961E7E70E
:1008F00001A8FFF7E1FD019B7B61012139612030F7
:10090000E5E707EB8103A0F2324030601869FFF79A
:10091000B3FDC0EB4110E1E72DE9F0478E689E4240
:1009200082460C469146984638D8B1F80CC01CF463
:10093000906F31D062692568096902EB42026F1A33
:1009400002EBD272013355103B449D4238BF1D4625
:100950001CF4806F30D02946F5F7AAFB064650B943
:100960000C23CAF80030A38943F04003A3814FF061
:10097000FF30BDE8F0873A462169FDF74FFEA389B5
:1009800023F4906343F08003A381266165613E44B4
:10099000ED1B2660A5604646464500D946463246D0
:1009A00049462068FDF748FEA3689B1BA3602368A7
:1009B0001E4426600020DCE72A46F5F709FB0646C0
:1009C0000028E2D121695046F5F7B4FBC8E70000E2
:1009D0002DE9F04F1E468B891B069DB007460D463C
:1009E00014460ED50B6963B94021F5F761FB286009
:1009F000286120B90C233B604FF0FF30C9E0402351
:100A00006B610023099320238DF82930DFF89C9136
:100A1000039630238DF82A304FF0010A23461E46F4
:100A200013F8012B0AB1252AF9D1B6EB040B0BD030
:100A30005B46224629463846FFF76EFF013000F03C
:100A4000A380099B5B4409933378002B00F09C80C2
:100A500000234FF0FF32CDE90523013604930793BD
:100A60008DF853301A933446052214F8011B4F4871
:100A7000FDF776FD049BC0B9D90644BF20228DF84E
:100A800053201A0744BF2B228DF8532032782A2A8C
:100A900013D0079A344600200A26214611F8013B5C
:100AA000303B092B4BD970B914E0A0EB09000AFACE
:100AB00000F0184304902646D5E7039A111D1268EA
:100AC0000391002A01DB079204E0524243F0020343
:100AD0000792049323782E2B0CD163782A2B33D1E1
:100AE000039B1A1D1B680392002BB8BF4FF0FF3306
:100AF000023405932E4E217803223046FDF730FD57
:100B000038B14023801B03FA00F0049B03430134F7
:100B1000049314F8011B27488DF828100622FDF7CE
:100B20001FFD002838D0244B13BB039B073323F051
:100B3000070308330393099B434409936EE706FBBD
:100B4000023201200C46A8E7002301340593194620
:100B50000A26204610F8012B303A092A03D9002B27
:100B6000C8D00591C6E706FB012101230446F0E742
:100B700003AB00932A46114B04A93846FDF7B8FE93
:100B8000B0F1FF3F8046D6D1AB895B063FF534AF6D
:100B900009981DB0BDE8F08F03AB00932A46074BC0
:100BA00004A93846FEF74CF9EAE700BF04600700E5
:100BB0000A6007000E600700F1E806001909070047
:100BC00038B5074C054608461146002222601A46F1
:100BD000F6F722F8431C02D1236803B12B6038BD1D
:100BE0004070012049B1FF2A85BF8A2303600A7043
:100BF0004FF0FF3098BF0120704708467047000053
:100C00004FEA410212F5001215D211D56FF4787334
:100C1000B3EB625212D94FEAC12343F0004343EAD7
:100C2000505311F0004F23FA02F018BF40427047B2
:100C30004FF00000704750EA013005D111F000403C
:100C400008BF6FF0004070474FF00000704700BFD2
:100C5000024B58221A604FF0FF307047407001205D
:100C6000024B58221A604FF0FF307047407001204D
:100C7000F8B500BFF8BC08BC9E467047F8B500BF89
:100C8000F8BC08BC9E46704746343832313742467D
:100C90002D393444372D344346392D394344412DC1
:100CA0003933333336313544343133370034363821
:100CB00030374537412D463239392D344233422DB4
:100CC000423945362D453036324439343441463880
:100CD0004400464143452055500046414345204489
:100CE0004F574E0052494748542053494445004C01
:100CF000454654205349444500554E4B4E4F574EA0
:100D00000050524F4E4154494F4E00535550494E9A
:100D10004154494F4E0054494C545F52494748543E
:100D20000054494C545F4C454654004D4F56455F66
:100D30005550004D4F56455F444F574E004D4F564E
:100D4000455F5249474854004D4F56455F4C454614
:100D5000540061783A2000207C2061793A200020FC
:100D60007C20617A3A2000207C20677972583A20F2
:100D700000207C20677972593A2000207C20677916
:100D8000725A3A2000207C204F7269656E7461743B
:100D9000696F6E3A2000207C20416363656C657248
:100DA0006F6D6574657220476573747572653A205E
:100DB00000207C204779726F2047657374757265D7
:100DC0003A200061783A007C61793A007C617A3A95
:100DD000007C677972583A007C677972593A007CD6
:100DE0006779725A3A007C4F7269656E74617469F2
:100DF0006F6E3A007C46534D3A007C4779726F3AE9
:100E000000494D5520696E697469616C697A617435
:100E1000696F6E206661696C65642100494D5520DB
:100E2000696E697469616C697A65642E00537461D6
:100E30007274696E6720424C45206661696C656416
:100E40000073656565642073747564696F20584923
:100E5000414F206E5246353200424C452061647647
:100E60006572746973696E67207374617274656406
:100E70000000000000000000000000007578020083
:100E8000B7780200E57702000B7802004F78020085
:100E900063780200637802007778020065780200C8
:100EA0006578020065780200C57802006778020064
:100EB0007D7B0200B97A0200757902004932435302
:100EC0006C6176650000000000000000000000007A
:100ED000A37902009501030071790200C77902002D
:100EE000C1790200D57902000B7A02003D7A020036
:100EF000597A0200157B0200F77A02007F7902001E
:100F0000457B02008B790200457C02009379020048
:100F1000C9790200CF79020077790200C77A02000E
:100F2000000000000000000093840200958402008D
:100F30000000000000000000658802009D8802009B
:100F4000253032783A253032783A253032783A25D1
:100F50003032783A253032783A2530327800000045
:100F600000000000000000003D890200B589020079
:100F70004189020051890200398A02006189020018
:100F8000C58902007D890200F9890200198A0200E0
:100F90006D8A02000000000000000000498C020081
:100FA000818C02000000000000000000FF8C0200A5
:100FB000058D0200018D0200323930320000000040
:100FC00000000000000000009D8F0200F98F020069
:100FD000578D02000000000000000000D5900200C4
:100FE000E9900200CF900200106E00200000000087
:100FF0000000000041960200619602005593020035
:1010000009940200359102004591020055910200B9
:101010009D9102003D940200759602009594020095
:101020009B940200B5940200BB940200C19402009C
:10103000C7940200D3940200CD940200B59102003F
:10104000C5910200D5910200F5940200E5910200DD
:10105000F59102004D95020079950200A5950200D8
:1010600005920200159202003D9202006592020074
:10107000759202008592020095920200D1950200BD
:10108000A59202003593020045930200B59202003A
:10109000C59202007991020005930200D5920200E8
:1010A000F5920200E59202001593020025930200DA
:1010B000AD910200B19102000000000000000000AC
:1010C0007D970200D1970200A9960200000000005F
:1010D00000000000E5970200FD97020000000000FC
:1010E00000000000CD990200259A020000000000D7
:1010F00000000000D59A0200F99A020000000000EA
:1011000000000000F59B0200159C0200000000009A
:1011100000000000D99C0200359D02005483637CCE
:10112000C51EF7EC32DDAD51894B9E07D46E002011
:10113000000000000000000081A002009DA002004D
:10114000499D02004F9D0200B5A0020035A102009A
:1011500019A2020091A30200559D020075BB020076
:1011600039A402007BA40200999E0200B79E0200EF
:10117000CD9E0200FD9E020089B20200179F020070
:1011800095BC0200BBA402002DA50200CDA5020063
:1011900015A0020023A00200F7A2020031A3020062
:1011A00021B30200E1B4020041A00200B3B4020086
:1011B0006BA302000FB5020051B5020049B3020053
:1011C000B1B202003D9F02007BB30200A1A6020063
:1011D0005B9F0200C9B3020019A8020075AA0200B1
:1011E000AB9F020061B40200A9B5020031B4020055
:1011F00035A902007F9F0200FDB3020061B8020022
:1012000093B4020051AD020085AC0200CDAE0200E5
:10121000D79F0200E19F020003A50200ADAF0200CC
:101220009DB0020071B1020091A10200587000202F
:101230000000000000000000A1C10200D1C10200B6
:10124000D9BE0200DDBE02007DBF020091BF0200D8
:10125000F5BF020029C0020065C00200E5C102001E
:1012600069C20200E5BF0200E9BF0200EDBF020053
:1012700003C40200A1C00200987000203138303051
:1012800000326130300032613031003138303100AD
:10129000326130350041726475696E6F0000000084
:1012A0000000000000000000E5C7020009C80200BD
:1012B00065C4020051C50200D9C50200DFC50200A5
:1012C000F7C5020045C4020049C4020013C602006B
:1012D000BDC602001DC80200C87000204843492056
:1012E00041434C44415441205458202D3E20004855
:1012F000434920434F4D4D414E44205458202D3EEC
:1013000020005F72656376427566666572206F764F
:101310006572666C6F77004843492041434C4441F5
:101320005441205258203C2D200048434920455626
:10133000454E54205258203C2D2000000000000053
:1013400000000000A5C8020099CC0200A9C8020054
:10135000BDC80200CDC80200A9CC0200D5C8020059
:101360008BD1020097D20200CBD10200EDC802005F
:1013700023C902003DC90200F5D1020057C902008D
:101380006FC90200F1CE02002DCF0200BFC90200DA
:10139000DBC902000DCA02002BCA0200B5CA020056
:1013A0009DCA020039D20200BDD2020039D102002A
:1013B00083CC0200F3CA02000DCB0200B5D00200BC
:1013C000D9D0020073CB0200A1CB0200B5CB020042
:1013D000F9D00200E9D7020069CF0200EBCB02008E
:1013E0000BCC020011CC020015D002002FCC020061
:1013F00067CC02004BCC020015CE020019CC0200D3
:10140000E5D20200E1D8020007DB0200B97A02004F
:1014100075790200E87300202E70696F2F6C696285
:10142000646570732F73656565642D7869616F2DD0
:101430006D6265642D6E726635323834302D736599
:101440006E73652F41726475696E6F424C452F73E0
:1014500072632F7574696C6974792F484349436FBF
:101460007264696F5472616E73706F72742E637000
:10147000700062797465735F7573656420213D2027
:10148000300000000000000000000000A5DB0200AA
:101490000DDB02008DDA020083D9020089D9020037
:1014A0009FD90200C5DA0200C9DA0200CDDA0200D3
:1014B00081D90200CDD90200050B0000187500206B
:1014C00000000000000000003DDD02005BDD0200C6
:1014D00069E20200D5E2020069DD02003FDD0200A0
:1014E00041DD020047DD02004BDD02004FDD02005E
:1014F000FDE0020009E3020059DD0200EC0234A322
:1015000057C8AD05341010A60A397D9B0DFBAA6C97
:10151000888391AAF5A53860370BDB5A6083BE62D9
:10152000746C6520B003D2F297BE2C5E2C83A7E9C1
:10153000F9A5B9EFF49111ACF4FDDBCC0301480E31
:10154000359DE655188B3D32F6BB9A900AFCFBEEB2
:10155000D4E72A59CB9AC2F19D7CFB6B4FDD49F44D
:101560007FC5FDD5CB8454D177733EFFFFB2EC71BC
:101570002BAEABA6E8E7CC25A75F6E216583F7FF0E
:101580003DC4CF0000C001400010024000200240D6
:1015900000D00240CDEA0200B97A0200757902005B
:1015A00000000000000000003DEB0200BDEB020067
:1015B00071790200DFE90200EDEC0200D1ED0200DA
:1015C00049ED02002DEA020093E90200F7E902006A
:1015D000EDEA02005365656564205849414F206E6D
:1015E000524635323834302053656E736500000042
:1015F0000000000000000000F9EE020015EF0200FC
:10160000DF500600C1450600C5420600B54306008E
:10161000C5510600C53E0600C73E06002140060033
:10162000214006005D3F0600F1EF02001DF10200BF
:101630002D3F0600F1EE0200CDF00200F9F00200AD
:10164000453F060093F00200B9EE0200BDEE020035
:10165000BFEE0200C1EE0200D7EE02002BEF020047
:101660006BEF02009FEF0200C7EF0200C1F2020021
:10167000C5F20200C9F202001003410072006400CA
:10168000750069006E006F0000000000000000009F
:10169000ADF40200C1F402001FFA0200513B060043
:1016A0000000000000000000D5F40200E9F4020090
:1016B00059FB0200513B0600000000000000000042
:1016C00085F4020099F40200D3F20200513B0600B7
:1016D0009DF60200B97A02007579020080250000AB
:1016E00000000800FFFFFFFF5F72785F73697A6593
:1016F000203D3D2030005F74785F6C6973742E6507
:101700006D7074792829005F72785F6C6973742E2C
:10171000656D7074792829002F686F6D652F73646B
:101720007574746C696E6765722F2E706C61746667
:101730006F726D696F2F7061636B616765732F6680
:1017400072616D65776F726B2D61726475696E6F12
:101750002D6D6265642F636F7265732F617264759E
:10176000696E6F2F5553422F5553424344432E63A6
:101770007070007265736F6C7665722E76616C693D
:10178000642829000000000000000000EDF20200C3
:1017900051F8020065F8020081F8020079F50200B4
:1017A000BDF602007FF40200FDF40200DBF202004D
:1017B000E1F2020035F4020069F40200E5F20200F1
:1017C000CDF20200CFF20200D1F202001603430074
:1017D00044004300200044004500560049004300F7
:1017E000450000000DFD0200B97A02007579020083
:1017F00055534265767400000000000000000000B0
:10180000EDF2020051F8020065F8020081F80200D2
:1018100079F50200BDF602007FF40200FDF402003B
:10182000DBF20200E1F202002DFD020089FD020060
:10183000E5F202009DFC0200CFFC0200D1F20200A2
:101840004DFC020071FC02006DFE0200E3FB020091
:10185000EFFB0200CBEC020015ED020085ED02006B
:10186000F3FB020019EB020081EB0200F7FB020020
:10187000D8FEFFFF0000000079FD0200A7FD020076
:10188000535A0600235A0600855A06001F5A0600BE
:101890001F5A06001F5A06001F5A0600895A0600E2
:1018A0001F5A0600B7FB0200BDFB0200C9FB020085
:1018B000CDFB0200D3FB0200D9FB0200DDFB0200DE
:1018C00069FC020095FC0200DFFB0200E1FB020064
:1018D000D4FEFFFF0000000081FD02009FFD02001A
:1018E000C0FEFFFF0000000035EB0200B7EB020076
:1018F00071790200F5FB0200E7EC0200C9ED02007D
:1019000043ED020055FF0200E9FB0200F1FB02007B
:1019100007FC02000000000000000000BFFF020002
:101920006E616E00696E66006F766600252525641F
:101930002E256466002F686F6D652F73647574744F
:101940006C696E6765722F2E706C6174666F726D54
:10195000696F2F7061636B616765732F6672616D6C
:1019600065776F726B2D61726475696E6F2D6D6234
:1019700065642F636F7265732F61726475696E6F32
:101980002F6D6265642F746172676574732F5441A3
:10199000524745545F4E4F524449432F544152479A
:1019A00045545F4E524635782F6770696F5F6F629E
:1019B0006A6563742E68006F626A2D3E70696E20DE
:1019C000213D202850696E4E616D65294E430052BD
:1019D00054582056352E352E33007274785F746952
:1019E0006D6572007274785F69646C650000000058
:1019F00000000000000000000000000000000000E7
:101A000000000000000000000000000000000000D6
:101A100000000000000000000000000000000000C6
:101A2000000000000000000005000000E8030000C6
:101A30000500000058800020100000000000000099
:101A40000000000000000000000000000000000096
:101A50000000000000000000000000000000000086
:101A60000000000000000000000000000000000076
:101A70000000000000000000000000000010000056
:101A80009C1A0700D81A0700B529030095290300FE
:101A9000C01A07000400000000000000E41907005D
:101AA000000000006081002044000000A8810020A8
:101AB0000002000001000000010000000000000022
:101AC00000000000000000009880002034000000AA
:101AD000CC80002050000000DA1907000000000050
:101AE0001C81002044000000A883002000030000A7
:101AF0002800000001000000000000006D616C6C17
:101B00006F635F6D7574657800656E765F6D757473
:101B10006578006D61696E00507265206D61696E57
:101B200020746872656164206E6F742063726561F1
:101B3000746564004661696C656420746F20737419
:101B40006172742052544F530073696E676C6574F0
:101B50006F6E5F6D7574657800000000491B0700AB
:101B60000B0000007C0701201C000000434D53497E
:101B7000532D52544F53206572726F723A20537432
:101B800061636B206F766572666C6F7700434D53AF
:101B900049532D52544F53206572726F723A204947
:101BA0005352205175657565206F766572666C6F4E
:101BB0007700434D5349532D52544F532065727251
:101BC0006F723A20557365722054696D65722043B7
:101BD000616C6C6261636B205175657565206F7611
:101BE0006572666C6F7700434D5349532D52544FC5
:101BF00053206572726F723A2053544420432F432E
:101C00002B2B206C696272617279206C696273702F
:101C1000616365206E6F7420617661696C61626CCE
:101C20006500434D5349532D52544F5320657272F2
:101C30006F723A2053544420432F432B2B206C695E
:101C40006272617279206D7574657820696E69744D
:101C500069616C697A6174696F6E206661696C652F
:101C60006400434D5349532D52544F5320657272B3
:101C70006F723A20556E6B6E6F776E004E6F7420E8
:101C8000616C6C6F77656420696E204953522063E4
:101C90006F6E746578740053797374656D20697321
:101CA000206F7574206F66206D656D6F72790050BE
:101CB0006172616D65746572206572726F72005237
:101CC00065736F75726365206E6F742061766169EC
:101CD0006C61626C65004F7065726174696F6E2033
:101CE0006E6F7420636F6D706C65746564207769C6
:101CF0007468696E207468652074696D656F7574A9
:101D000020706572696F6400556E737065636966F3
:101D10006965642052544F53206572726F720000DF
:101D20007C1C0700971C0700AF1C0700BF1C0700A6
:101D3000D61C0700081D07002E2F6D6265642D6FED
:101D4000732F636D7369732F6465766963652F7292
:101D5000746F732F736F757263652F6D6265645F47
:101D60007274785F69646C652E6370700074696367
:101D70006B735F736C657074203C2072746F733A80
:101D80003A4B65726E656C3A3A776169745F666F5B
:101D9000725F7533325F6D61780066726571203DE8
:101DA0003D20313030300068616E646C6572203DDA
:101DB0003D202849525148616E646C65725F7429F8
:101DC0004E5649435F476574566563746F72286960
:101DD0007271290002000000D00B012008101418B5
:101DE0002030343840444C5C58607078F4ECE8E4BF
:101DF000DCCCC8C4BCB8B0A0A49C8C84100010007B
:101E0000000000000901000BFFFF0203FFFF040DAB
:101E100005060700F401FA00960064004B0032004A
:101E20001E001400BD1A3CCDA6B8995899B740EBD6
:101E30007B60FF4A503F10D2E3B3C974385FC5A33B
:101E4000D4F6493F00E69D350E480103CCDBFDF496
:101E5000AC1191F4EFB9A5F9E9A7832C5E2CBE97DC
:101E6000F2D203B0208BD28915D08E1C742430EDB1
:101E70008FC24563765C15525ABF9A32636DEB2A66
:101E800065499C80DC0000000000000095580300BC
:101E90001D5903000000000061590300FD580300B4
:101EA00079590300FD580300295903000000000080
:101EB0000000000023590300235903004159030087
:101EC0006159030000000000235903002359030057
:101ED0005D59030061590300000100000003010285
:101EE00000010302020002030303000300000000DC
:101EF000B55B0300000000000000000000000000CF
:101F000000000000455C030000000000455C030089
:101F10006D5C0300315C0300000000000000000065
:101F200000000000000000000000000000000000B1
:101F3000B95C030000000000000000000000000089
:101F40000000000000000000B95C03000001000078
:101F50000000030102020001020202020200030368
:101F600003030000000000007D5A0300415B0300F2
:101F700000000000F55A0300ED5A0300F55A030073
:101F80000000000000000000895B0300495B0300C3
:101F9000995B030000000000755B0300755B0300A4
:101FA000995B03000001000003010200030202002C
:101FB0000303030000000000555E03000000000062
:101FC0000000000000000000995E03000000000017
:101FD000995E030000000000A95E030000000000FD
:101FE0000000000000000000A35E030000000000ED
:101FF000000000000000000000000000A35E0300DD
:1020000000000000000100000003010201020302C1
:10201000020002030303000300000000015D03004F
:1020200000000000000000000000000000000000B0
:10203000295E03000000000000000000095E0300AC
:10204000055E03000000000000000000000000002A
:102050000000000000000000000000003D5E0300E2
:102060000000000000000000000000000000000070
:10207000000000003D5E030000000000595F030007
:10208000DD5F03008D5F0300000000009561030029
:10209000BD5F0300DD5F0300BD5F030000000000C3
:1020A000E95F03000000000000000000E35F0300A0
:1020B000E35F030000000000656103009561030019
:1020C00000000000E35F0300E35F03000000000086
:1020D0007F6103009561030000010001000003011E
:1020E00002010001030202020002030303030003D2
:1020F0009D670300F1670300D1670300DD670300FC
:1021000001000100696703002562030057630300B3
:10211000A162030000000000000000004967030006
:10212000016303003D6303000000000069630300D6
:10213000E7650300000000005F6303005F630300C6
:1021400000000000B5650300000000000000000072
:102150005F6303005F63030000000000CF650300BE
:102160000000000000010001000003010201000165
:102170000302020200020303030300030000000045
:102180002D660300000000000000000000000000B9
:10219000E9660300F966030000000000000000008B
:1021A000F1660300F1660300896703000000000088
:1021B000F1660300F166030000000000000100006A
:1021C00003010200030202000303030000000000F9
:1021D00001800300E5820300000000002581030068
:1021E000CD8203002581030045810300000000002B
:1021F000CD820300000000004182030000000000C7
:10220000CD820300E58203009982030000010000F3
:1022100003010200030202000303030000000000A8
:1022200000000000B58303000000000001830300EC
:102230009D830300018303008175030000000000FB
:102240009D830300000000001983030000000000CC
:102250009D830300B5830300198303000001000080
:102260000301020003020200030303000403FFFF53
:10227000FFFF070405FFFF030704FFFF07FFFF043D
:1022800005FFFFFF03FFFF0304050000316D03009E
:10229000A96C03001D6D0300000000000000000099
:1022A000B56A0300C96A0300256B03000000000043
:1022B0000000000000000000656B0300F16B0300EC
:1022C000A96B0300F16B03000000000031720300F2
:1022D000356C030031720300356C0300156F030089
:1022E0003D6F0300A16F0300436F0300A16F030064
:1022F000000000009D700300E1700300000000007A
:10230000000000005573030065730300757303003C
:1023100000000000000000000971030019710300B3
:10232000597103005171030059710300BB4A040045
:102330000000000000000000314A0400000000001E
:10234000000000000000000000000000874A0400B8
:10235000254A040000000000BB4A0400FF490400B5
:10236000714D0400000000000000000000000000AB
:10237000000000000000000000000000000000005D
:1023800000000000C149040000000000000000003F
:10239000C7490400E14904000D4E0400000000009C
:1023A000CF49040000000000000000000000000011
:1023B000C14904000000000000000000C7490400FB
:1023C000C749040000000000994D0400000000000F
:1023D00000000000000000004B4A04000200000161
:1023E00000000000020100010300010101010101E0
:1023F00001010202020203000003020202030303BE
:102400000303030003030300694E0400EF4D0400BF
:102410000000000000000000DD4D0400000000008E
:10242000000000003D4E0400BD4D0400694D040055
:10243000C34D0400714D0400694D0400B14D04000A
:10244000000000003D4E0400BD4D0400094E040094
:102450000000000000000000DD4D04000D4E0400EF
:102460000000000000000000BD4D0400694D0400A4
:102470000000000000000000694D040000000000A2
:10248000994D04000000000002010000030000005C
:102490000101020001010101020102020300000228
:1024A00003030303030300031D5204003D7D0300E7
:1024B0003D7D03003D7D03003D7D030000000000E5
:1024C00000000000915204003D7D03003D7D0300AB
:1024D0003D7D03003D7D0300D75104005D520400A3
:1024E00091520400B55204003D7D03003D7D030080
:1024F0003D7D0300000000005D5204009152040085
:102500003D7D0300975204003D7D03003D7D0300A7
:10251000000000005D520400915204003D7D030064
:102520003D7D03002F5204003D7D030000000000AC
:102530005D520400075204003D7D03003D7D030011
:102540003D7D03003D7D0300000000000000000011
:10255000915204003D7D03003D7D03003D7D03005D
:102560003D7D0300F551040000000000915204007D
:102570003D7D03003D7D03003D7D0300AD51040022
:102580000000000000000000010000000000000149
:10259000010101010200020302020202000303041E
:1025A00003030300040404050404000605050505EF
:1025B00005050606060606070007070707020707C0
:1025C000F55404003D7D03003D7D03003D7D030087
:1025D0000000000000000000000000003D7D03003E
:1025E0003D7D03003D7D03003D7D030000000000B4
:1025F00000000000B55504003D7D03003D7D030053
:102600003D7D03003D7D03008955040047550400CE
:10261000000000003D7D03000D5504003D7D0300DA
:102620003D7D0300000000000000000000000000ED
:102630003D7D03003D7D0300D35404003D7D030038
:102640000000000000000000000000003D7D0300CD
:102650003D7D03003D7D03003D7D03000000000043
:1026600000000000C15404003D7D03003D7D0300D7
:102670003D7D0300217C03000000000000000000FD
:102680000000000001000000000000010101010144
:102690000102020202020300020304030303030314
:1026A00004040504040404050505050505060606DD
:1026B0000600060606000000D958040000000000CD
:1026C000C75804000000000000000000E95C04009E
:1026D000E95C040000000000C15804000000000094
:1026E000B9580400000000000000000000000000D5
:1026F00000000000655E0400C1580400E1590400B8
:10270000B9580400595D0400FD5B0400000000009E
:102710000000000000000000C1580400000000009C
:10272000B958040000000000000000000000000094
:102730000000000097590400C15804000000000088
:10274000B958040000000000FD5B04000000000018
:102750000000000000000000010003000001030071
:102760000101010101010102020402000002020252
:102770000303030303030304040404000004040428
:102780003B5D040000000000255D04000000000027
:1027900000000000E95C040000000000F55B04009C
:1027A00000000000375D0400000000000000000091
:1027B00000000000655E0400F55B0400FD5C0400A1
:1027C000375D0400595D0400995D040000000000BD
:1027D00000000000F55B04000000000000000000A5
:1027E000595D04000000000000000000F35E0400DA
:1027F000F55B0400FD5C040000000000595D04006E
:10280000000000000000000000000000F55B040074
:10281000000000000000000000000000FD5B04005C
:1028200000000000000000000100030000010001A2
:102830000103010101020205030000020203030378
:10284000030303040405040404040405050505004A
:1028500005051000100000000000320019001100F2
:102860000D000A000500000096C298D84539A1F471
:10287000A033EB2D817D0377F240A463E5E6BCF83D
:1028800047422CE1F2D1176BF551BF376840B6CB08
:10289000CE5E316B5733CE2B169E0F7C4AEBE78E04
:1028A0009B7F1AFEE242E34F4B60D2273E3CCE3B79
:1028B000F6B053CCB0061D65BC86987655BDEBB31B
:1028C000E7933AAAD835C65A512563FCC2CAB9F370
:1028D000849E17A7ADFAE6BCFFFFFFFFFFFFFFFFD7
:1028E00000000000FFFFFFFFFFFFFFFFFFFFFFFFF4
:1028F000FFFFFFFF000000000000000000000000DC
:1029000001000000FFFFFFFF0204059088000200A5
:102910008000200000800000000000FFFFEFFF03A8
:102920000000000424240A0E061C0A0E080E1008DB
:1029300008080A10060806060606060C0C06160EFF
:1029400008080A06080E0E0E462608060A060A247D
:10295000040A0C161006080404040404041A0808E7
:102960001C08080808080A0000000000EBFC04002E
:1029700083FC040071F804008DF80400C3F804001F
:1029800000000000CBF8040099FB0400E7F8040005
:10299000F9F8040075FB040029F9040041F904006A
:1029A00045F9040049F9040047FB04004DF904000F
:1029B00059F9040041FB040071F904005DFD0400B5
:1029C00065FD04006DFD040069FC04007FFC04004B
:1029D00075FD040023FB040007FB040077F90400E5
:1029E0008FF9040093F904004DFD0400B1F90400CF
:1029F000B5F90400E7F9040021FA0400E9FA04003B
:102A0000CBFA040025FA040029FA040039FA04007C
:102A100055FD040059FA0400000000005DFA0400AE
:102A20005FFA04004FFC04000FFC040000000000EB
:102A30007DFD040083FA04007DFA04007DFA0400A1
:102A40007DFA04007DFA04007DFA04007DFA04009A
:102A5000BBFB040097FA04009BFA0400000000008E
:102A60009FFA0400A3FA0400A7FA0400ABFA0400DA
:102A7000AFFA0400B3FA0400390B0500350B05006A
:102A8000350B0500370B0500C90B0500C90B050008
:102A9000350B0500370B0500012A03280229002AFF
:102AA00000182A2B0118042A0028052A390E0500CF
:102AB000ED0E050099100500B5110500000000009D
:102AC000990E0500191005001910050019100500D0
:102AD000750D050019100500750D0500191005008C
:102AE000750D0500130F0500690F0500750D050034
:102AF000000000000000000000000000750D05004F
:102B0000FD120500F513050029130500D317050074
:102B100029130500EB13050045180500EB1305000C
:102B200029130500ED13050000000000531C0500EB
:102B3000ED13050000000000000000000000000090
:102B400041140500491A0500111A0500390B05004A
:102B5000B921050009200500452105007D24050057
:102B600075220500D5260500E522050000030507AE
:102B7000050305050503030502000001000F000021
:102B800000131D121015010000010100D13F0500C6
:102B90002D45050051430500A943050019440500D2
:102BA000CD440500C93F0500093F0500793F0500F8
:102BB000714705000D3F05007D420500A542050057
:102BC000B1420500DD420500353F05005D440500CA
:102BD000213F05003D4B0500ED4A05009D4B0500DA
:102BE000C54B0500D54A0500AF4C0500AD4C0500AE
:102BF000B14C0500014B0500ED4B0500D94A05001D
:102C00004D5D0500594E050019510500954D050013
:102C1000AD4D0500D951050071520500AD520500BA
:102C2000994D050061500500DD4F0500015105007B
:102C3000180028000000D00700000000E94D050042
:102C4000102011214D5D05004F5D0500BD530500AD
:102C50006157050069570500F557050085570500C0
:102C6000D158050085570500B1590500995905004F
:102C70005D5A05007F5A0500995A0500B35A0500B0
:102C8000F95A0500095B0500215B0500395B050069
:102C900001100000022000000322000000000000DC
:102CA0000100041101000003030200030100010000
:102CB0000200002102000023032200230200020080
:102CC00003000401030003000300000403050300E4
:102CD00004000400040000040401000404000400D3
:102CE0004D5D0500BD5B05002D5C05004D5D0500DB
:102CF0004F5D05004F5D0500070303030303020456
:102D0000040404040505050505070707070606066C
:102D10000606060505040407070407040405050460
:102D200004090909020200000B0B0B070200020054
:102D30000A010B0C0C0D0D0D0D0D0D0D10101004D6
:102D40001111141414141414121213131313070072
:102D50004D5D0500555E05004F5D0500CD5F05002A
:102D60007160050091600500A5600500A96005007F
:102D7000B9600500C5600500356005009D5F050070
:102D80004D5D05004F5D0500895F0500755F05001D
:102D90002D610500615F050015660500C16605002F
:102DA000C9640500ED650500E1640500CD6405001A
:102DB00019670500C5670500E16705009167050013
:102DC000E5670500056705002169050055690500EF
:102DD000BD6805004D5D05004F5D0500316B0500C8
:102DE000196E0500596E0500816E05009B6E050089
:102DF000A16E05001D6E0500316E0500D56E050043
:102E0000456E050055700500B56F05007D70050025
:102E1000010100000000000000000008020701009E
:102E20000303000502040005000802070200000277
:102E30000200020000060200020003000300000579
:102E40000302000600080302000707111102110B1C
:102E5000110811024111026C888391AAF5A538600E
:102E6000370BDB5A6083BE0062746C65BF7505006A
:102E700093870500A5870500BB87050085760500BB
:102E8000A7760500AF760500F97605001D770500E9
:102E90006D79050091790500B179050099790500F2
:102EA000A5790500E1790500A590050015910500BB
:102EB0002991050055910500BD9105001592050069
:102EC00079920500C992050051930500839305008E
:102ED000B5930500B1930500C1930500F593050076
:102EE0002194050043940500ED8805003588050010
:102EF000318905006B89050071940500ED9405008A
:102F00002F95050035950500399505008995050033
:102F1000F195050039960500AD890500398A05004F
:102F2000B18A0500218B0500918B0500058C0500F9
:102F30005B96050085960500442F07006C2E070060
:102F40003330070060300700D8300700B430070086
:102F5000AE30070002310700F42F07008A30070067
:102F600084300700753007007B3007009030070081
:102F700029310700DE300700EA300700F030070093
:102F8000E4300700F6300700BD300700C33007000B
:102F900000300700123007000C3007000630070031
:102FA000423007004830070023310700A8300700EF
:102FB0001B30070021300700CC300700D23007005B
:102FC000273007002D3007001A3107004E30070068
:102FD00099300700DC2F07000831070010000B0FA5
:102FE000250206240A01010C0A000103000107243E
:102FF0000000000013061B140B2015112800000010
:1030000019142C0000001C172F0000001C162E00A5
:1030100000001C152D0D24090000000B1C050000EC
:10302000000B1D060000000B20080000000B2114FF
:103030000000000A00020700020300030F2502003F
:1030400000001C18300000001C193100000008238B
:10305000160900020322001D00030D2409000000D0
:1030600001010F0A00010300100600110700000F04
:1030700000000000001C091E0000001C0A1F0D2497
:103080000900000006081D00000006071C000000E3
:1030900016132B0D24090000000623170C23180E0D
:1030A000000E032300000000041B040000000404C1
:1030B00019000000110300121A000000001C122960
:1030C00000000006132A0D2409000000061E13004C
:1030D0000000061F070000000602120000001C0D81
:1030E000250000001C1027000000060E260000002E
:1030F000060F240000001A0C231B132B0D240900BB
:10310000000006051A0000000A000107250003253B
:10311000000F250001250D0000000B22150D2409CC
:10312000000000062232000000060B21170B2204CB
:103130000C23000000000000BF750500FB750500B2
:10314000217605004576050085760500A776050001
:10315000AF760500F97605001D7705006D7905004D
:1031600091790500B179050099790500A5790500E7
:10317000E1790500A590050015910500299105004C
:1031800055910500BD910500159205007992050045
:10319000C99205005193050083930500A8310700EB
:1031A00038310700103207002B3207005B3207006E
:1031B00061320700F8310700FE3107004F32070087
:1031C00055320700043207000A320700793207003F
:1031D0001F32070040320700E03107006732070066
:1031E00010000B0F0D02060C0A01010C0A0001036E
:1031F0000001070C000000000B04050000000B0597
:10320000060000000B08080000000B091400000075
:103210000A00020700020300030F0D02000000086D
:103220000B16090002030A0000000001010F0A004A
:10323000010300100600110700000F00000000004D
:10324000060B170C0B180E000E030B0000000006F7
:103250000613000000060707000000060212000027
:10326000000403040000000A0001070D00030D0024
:103270000F0D00010D0D0000000B0A150D0C0900CB
:1032800000000000BF75050093870500A5870500B5
:10329000757A0500BB870500E59A05005D76050097
:1032A000919A050085760500A7760500AF760500A2
:1032B000F97605001D7705006D790500E1790500B7
:1032C000B179050099790500A57905009179050086
:1032D0006197050089970500FD9705009D980500F9
:1032E000FD9A05003D9B0500439B0500639B05007F
:1032F00035880500318905006B890500859B05002F
:10330000D99B0500EF9B0500959B0500059C0500DA
:10331000099C0500479C0500AB9C0500B59C050079
:103320002D9D0500779D05008D9D0500A59D05003F
:10333000398A0500B18A0500218B0500918B0500B3
:10334000058C0500D19D0500BF980500E19805009A
:10335000459905001D9A0500659A0500B19905007B
:103360006C330700843207006C340700993407007F
:103370000C34070027340700EA340700383507000B
:10338000E434070045340700B4340700BA340700BA
:10339000AE340700C0340700CC340700FF34070008
:1033A0000E350700323507001435070020350700B9
:1033B0001A35070026350700F3340700F9340700F3
:1033C0005935070051340700633407005D340700A6
:1033D000573407007B34070081340700803507002D
:1033E0008935070062350700683507007A35070020
:1033F0006E35070074350700503507008734070025
:10340000D53407002D3407003E3507000A000106B9
:1034100002140700020300010800010900010F0166
:10342000031F000100000002031500000010000F40
:103430000F27020626120500100A000103000107EB
:103440002600000000130717140C1B15142500009C
:103450000019172B0000001C1A2E0000001C192D4B
:103460000000001C182C0D260D0000000A000207A9
:1034700000020300040F27020000001C1B2F0000A5
:10348000001C243000000008253409000203240039
:103490001D00040D260D0000000501130A000106A1
:1034A00002140700000300010F00000000001C0AC6
:1034B0001A0000001C08180000000609190000008E
:1034C000161529060B280D260D00000016162A0DCC
:1034D000260D0000000625350C25360E000E0325AE
:1034E00000000000040407000000110500121C0089
:1034F0000000001C1527000000061326000000062F
:103500000C1C1E0D1E170C1D040E07000000040FDE
:10351000200000001C10220000001C1224000000EB
:103520000611230000001A0E001B15290D260D00A0
:103530000000060F1F0000000606050000000A003C
:10354000010727000327000F2700052711000000AF
:103550000B24330D260D00000006162A0D260D0043
:1035600000000B1F090000000B200A0000000B22C6
:103570000C0000000B233200000006210B000000AD
:10358000041D06061D16000000041E08061E31005C
:1035900000000000BF750500FB75050021760500E1
:1035A000757A0500457605005D760500857605008F
:1035B000A7760500AF760500F97605001D770500B2
:1035C0006D79050091790500B179050099790500BB
:1035D000A5790500E1790500619705008997050047
:1035E000FD9705009D980500BF980500E19805002E
:1035F000459905001D9A0500B1990500659A0500D9
:103600000C3607009435070099360700B4360700DA
:103610004836070063360700DE360700E736070046
:103620008136070087360700D83607008D36070039
:103630009336070002370700A8360700C93607008F
:1036400069360700F03607000A000106021207007B
:10365000020300010800010900010F01031F00011E
:1036600000000002031300000010000D0F0E020600
:103670000D0C05000E0A0001030001070D000000FB
:10368000000B06070000000B07080000000B090AEA
:103690000000000B0A160000000A000207000203E7
:1036A00000040F0E02000000080C18090002030BB2
:1036B000000000000501110A0001060212070000C7
:1036C0000300010F00000000000C0C19060C1A0E7C
:1036D0000010030C000000000608090000000404AC
:1036E0000506041400000004050606051500000088
:1036F0000A0001070E00030E000F0E00050E0F005A
:1037000000000B0B170D0D0B000000000000000067
:1037100000000000000000000000000000000000A9
:10372000963007772C610EEEBA51099919C46D07CE
:103730008FF46A7035A563E9A395649E3288DB0E29
:10374000A4B8DC791EE9D5E088D9D2972B4CB6090C
:10375000BD7CB17E072DB8E7911DBF906410B71DE9
:10376000F220B06A4871B9F3DE41BE847DD4DA1A22
:10377000EBE4DD6D51B5D4F4C785D38356986C1353
:10378000C0A86B647AF962FDECC9658A4F5C0114CC
:10379000D96C0663633D0FFAF50D088DC8206E3BAA
:1037A0005E10694CE44160D5727167A2D1E4033CBC
:1037B00047D4044BFD850DD26BB50AA5FAA8B535E3
:1037C0006C98B242D6C9BBDB40F9BCACE36CD832D2
:1037D000755CDF45CF0DD6DC593DD1ABAC30D92679
:1037E0003A00DE518051D7C81661D0BFB5F4B4217C
:1037F00023C4B3569995BACF0FA5BDB89EB8022879
:103800000888055FB2D90CC624E90BB1877C6F2FFD
:10381000114C6858AB1D61C13D2D66B69041DC76F8
:103820000671DB01BC20D2982A10D5EF8985B171D1
:103830001FB5B606A5E4BF9F33D4B8E8A2C9077880
:1038400034F9000F8EA8099618980EE1BB0D6A7F17
:103850002D3D6D08976C6491015C63E6F4516B6BD0
:1038600062616C1CD83065854E0062F2ED95066C85
:103870007BA5011BC1F4088257C40FF5C6D9B065FA
:1038800050E9B712EAB8BE8B7C88B9FCDF1DDD6257
:10389000492DDA15F37CD38C654CD4FB5861B24DBD
:1038A000CE51B53A7400BCA3E230BBD441A5DF4A87
:1038B000D795D83D6DC4D1A4FBF4D6D36AE969434A
:1038C000FCD96E34468867ADD0B860DA732D0444F5
:1038D000E51D03335F4C0AAAC97C0DDD3C71055020
:1038E000AA41022710100BBE86200CC925B56857C7
:1038F000B3856F2009D466B99FE461CE0EF9DE5E10
:1039000098C9D9292298D0B0B4A8D7C7173DB359C0
:10391000810DB42E3B5CBDB7AD6CBAC02083B8ED51
:10392000B6B3BF9A0CE2B6039AD2B1743947D5EA5E
:10393000AF77D29D1526DB048316DC73120B63E38D
:10394000843B64943E6A6D0DA85A6A7A0BCF0EE4EC
:103950009DFF099327AE000AB19E077D44930FF0A7
:10396000D2A3088768F2011EFEC206695D5762F79E
:10397000CB67658071366C19E7066B6E761BD4FEDB
:10398000E02BD3895A7ADA10CC4ADD676FDFB9F9B8
:10399000F9EFBE8E43BEB717D58EB060E8A3D6D67A
:1039A0007E93D1A1C4C2D83852F2DF4FF167BBD1A8
:1039B0006757BCA6DD06B53F4B36B248DA2B0DD8AB
:1039C0004C1B0AAFF64A0336607A0441C3EF60DF4E
:1039D00055DF67A8EF8E6E3179BE69468CB361CB37
:1039E0001A8366BCA0D26F2536E2685295770CCC5C
:1039F00003470BBBB91602222F260555BE3BBAC59D
:103A0000280BBDB2925AB42B046AB35CA7FFD7C28D
:103A100031CFD0B58B9ED92C1DAEDE5BB0C2649B7E
:103A200026F263EC9CA36A750A936D02A906099CB1
:103A30003F360EEB8567077213570005824ABF9524
:103A4000147AB8E2AE2BB17B381BB60C9B8ED292A7
:103A50000DBED5E5B7EFDC7C21DFDB0BD4D2D386FE
:103A600042E2D4F1F8B3DD686E83DA1FCD16BE8171
:103A70005B26B9F6E177B06F7747B718E65A088842
:103A8000706A0FFFCA3B06665C0B0111FF9E658FD3
:103A900069AE62F8D3FF6B6145CF6C1678E20AA07D
:103AA000EED20DD75483044EC2B30339612667A703
:103AB000F71660D04D476949DB776E3E4A6AD1AE52
:103AC000DC5AD6D9660BDF40F03BD83753AEBCA9E1
:103AD000C59EBBDE7FCFB247E9FFB5301CF2BDBD4E
:103AE0008AC2BACA3093B353A6A3B4240536D0BA57
:103AF0009306D7CD2957DE54BF67D9232E7A66B3F4
:103B0000B84A61C4021B685D942B6F2A37BE0BB4A0
:103B1000A18E0CC31BDF055A8DEF022D626164205C
:103B200068616E646C6520746F20756E6465726C7C
:103B300079696E67207472616E73706F7274002E93
:103B40002F6D6265642D6F732F636F6E6E65637486
:103B500069766974792F464541545552455F424C08
:103B6000452F736F757263652F636F7264696F2F72
:103B70006472697665722F436F7264696F48434956
:103B80004472697665722E63707000657272203DB2
:103B90003D20424C455F4552524F525F4E4F4E457D
:103BA000005F746573745F656E645F68616E646CFA
:103BB000657200000000000000000000000000002E
:103BC00000000000B9FF020013A50500A9A505002B
:103BD00009A505000DA505000FA50500B9FF020008
:103BE000B9FF02002E2F6D6265642D6F732F636F16
:103BF0006E6E65637469766974792F4645415455D4
:103C000052455F424C452F736F757263652F636F2A
:103C10007264696F2F6472697665722F436F726484
:103C2000696F4843495472616E73706F7274447265
:103C3000697665722E637070002E2F6D6265642D3B
:103C40006F732F636F6E6E65637469766974792F15
:103C5000464541545552455F424C452F736F75722E
:103C600063652F636F7264696F2F736F757263651D
:103C70002F50616C4576656E745175657565496D3B
:103C8000706C2E68006576656E745F6275662021C3
:103C90003D206E756C6C707472002E2F6D626564C1
:103CA0002D6F732F636F6E6E6563746976697479B7
:103CB0002F464541545552455F424C452F736F7511
:103CC0007263652F636F7264696F2F736F757263B0
:103CD000652F424C45496E7374616E636542617332
:103CE00065496D706C2E637070005F6863695F6416
:103CF000726976657220213D206E756C6C707472ED
:103D000000546F6F206D756368206D656D6F7279FB
:103D100020616C6C6F636174656420666F72204310
:103D20006F7264696F206D656D6F727920706F6F4F
:103D30006C2C20726564756365206275665F706FB8
:103D40006F6C5F646573632E6275666665725F7320
:103D5000697A652062792076616C75652062656C90
:103D60006F772E002E2F6D6265642D6F732F706C30
:103D70006174666F726D2F696E636C7564652F7008
:103D80006C6174666F726D2F43616C6C6261636B02
:103D90002E6800626F6F6C282A74686973290000AE
:103DA0000000000000000000BDA80500BFA805003D
:103DB000C1A80500C3A80500C5A80500C7A805003F
:103DC000C9A80500CBA80500CDA80500CFA805000F
:103DD000D1A80500D3A80500D5A805000000000063
:103DE0000000000003A9050049A90500000000002B
:103DF00000000000FDAA0500A7AA050000000000C1
:103E00000000000065B20500F5A80500DDB0050062
:103E1000D7A8050089AD0500E1A8050055AD05004E
:103E2000D1AD050041AA050075AA050071AC0500D9
:103E30007DB30500E9A80500C1AA0500E9AA0500AF
:103E40000000000000000000E9AF050067656E6536
:103E50007269632D636F7264696F002E2F6D6265E6
:103E6000642D6F732F636F6E6E656374697669740A
:103E7000792F464541545552455F424C452F736F4B
:103E8000757263652F636F7264696F2F736F7572DC
:103E900063652F47617474536572766572496D70FE
:103EA0006C2E637070006C656E202B206F666673DD
:103EB0006574203C3D2070417474722D3E6D6178B4
:103EC0004C656E006765745F76616C75655F6861EF
:103ED0006E646C655F62795F636363645F68616E83
:103EE000646C652861747472696275746548616E8A
:103EF000646C652C206368617248616E646C65292E
:103F000000000000000000000000000039B80500BB
:103F10004DB80500000000000000000089A9050060
:103F2000A1A9050000000000000000005DA9050037
:103F300075A905000000000000000000F9B70500A9
:103F40000DB80500FFFFFFFF0000FFFF00000000AD
:103F50000000000005B405002E2F6D6265642D6F12
:103F6000732F706C6174666F726D2F696E636C7500
:103F700064652F706C6174666F726D2F5370616E23
:103F80002E6800636F756E74203E3D2030007074A3
:103F90007220213D204E554C4C207C7C20636F7557
:103FA0006E74203D3D203000000000000000000045
:103FB0005BBE0500DBBF050011BE050013C0050098
:103FC000000000000000000059BE0500E9BF050028
:103FD0001BBE050021BE050000000000000000001F
:103FE00057BE0500F7BF05003DBE0500C7C205006E
:103FF000000000000000000055BE050005C00500DF
:1040000047BE0500A5C2050000000000000000003A
:1040100051BE050051BE05005DBE050075BE050020
:1040200085BE0500A1BE0500C9BE0500F5BE0500A0
:1040300005BF050019BF05002DBF050059BF0500CC
:104040006FBF050085BF0500A7BF0500CBBF0500FA
:10405000E1C00500C5C00500E5C1050059C1050066
:1040600071C5050029C50500D5C4050095C4050026
:1040700055C4050015C40500C1C305008DC1050068
:1040800073C30500B3C105002DC30500E7C20500D9
:10409000000000000000000015C60500C3C80500B0
:1040A000D5C50500D9C505000000000000000000CE
:1040B000A3CA0500A3CA050003CB0500F3C505008C
:1040C00035C60500D1C8050075D00500D1D0050062
:1040D000DFC805004BC6050007C9050053C9050028
:1040E00063C605002DC905006DCE0500F3CE0500A1
:1040F00067C905007BC9050001C6050005C60500A6
:104100007FC905008FC905009BC90500B9C6050018
:104110002BCB05001BCA0500EDC60500A5C905008F
:1041200009C60500DDC90500E9C90500FBC9050090
:104130000DCA050017CA05002BC7050073CB050083
:104140007DC605009BC705009FC70500A9C70500E0
:10415000C1C70500D9C7050027C8050063C8050009
:10416000A9C6050017C6050073C8050045CA0500A5
:104170009FC8050079CA05000DC6050011C60500D7
:1041800061D5050091CC050033CD050067CD050054
:10419000A7CD0500EFC505000000000000000000ED
:1041A000C9D50500E7D505002E2F6D6265642D6F1A
:1041B000732F636F6E6E65637469766974792F46C9
:1041C0004541545552455F424C452F736F7572639C
:1041D000652F636F7264696F2F736F757263652FDC
:1041E00050616C5072697661746541646472657384
:1041F00073436F6E74726F6C6C6572496D706C2E68
:10420000637070006D736700000000000000000024
:1042100005D60500FDD505000FD6050009D7050018
:104220002BD6050045D6050053D605005FD6050000
:1042300077D605007BD60500D5D60500F5D6050056
:10424000B3D6050001D605002E2F6D6265642D6F73
:10425000732F636F6E6E65637469766974792F4628
:104260004541545552455F424C452F736F757263FB
:10427000652F636F7264696F2F736F757263652F3B
:1042800050616C53656375726974794D616E6167D5
:104290006572496D706C2E63707000000000000044
:1042A00000000000F1D70500FFDE050009DF050072
:1042B000DBD90500FDD905001FDA05009BD70500F5
:1042C000B9D7050009D80500A1D70500C9D7050051
:1042D00019D8050061D8050029D80500A5D7050023
:1042E000B9D80500A5D80500DBD80500FBD8050026
:1042F0000BD905003DD90500ADD905002FDA050021
:10430000A9D705003DDA0500A1DA050055DA050058
:1043100065DA050075DA050085DA0500E9D70500DC
:10432000EDD70500030400022E2F6D6265642D6F2A
:10433000732F636F6E6E65637469766974792F4647
:104340004541545552455F424C452F736F7572631A
:10435000652F67656E657269632F476170496D707F
:104360006C2E637070005F7363616E5F7374617451
:1043700065203D3D205363616E53746174653A3A24
:1043800070656E64696E675F7363616E0045766524
:104390006E742068616E646C6572207265717569F7
:1043A00072656420696620636F6E6E656374696F01
:1043B0006E20706172616D73206172652075736526
:1043C000722068616E646C6564000000000000008B
:1043D000000000009336060000000000000000000E
:1043E00091ED0500A5ED0500C9E30500B97A0200CD
:1043F00075790200E7E30500B97A020075790200D9
:10440000131512101B000000000000000000000047
:1044100075E2050099E2050075E20500A7F60500C2
:10442000B1E2050049F70500FDE2050081E605005F
:1044300011F105005FE3050083E305007FF105004E
:1044400071F30500FDF4050015E305002BE80500F8
:1044500089E80500DFF40500EDF40500F8FFFFFF33
:1044600000000000E5F40500F3F4050035E4050064
:10447000B97A0200757902006BF30500B97A02007F
:1044800075790200FBF10500B97A02007579020026
:10449000F5F10500B97A02007579020065F30500AF
:1044A000B97A02007579020047E30500B97A020083
:1044B0007579020031E30500B97A020075790200CE
:1044C000DBE60500B97A0200757902000000000001
:1044D00000000000B5A90500CDA9050000000000FE
:1044E00000000000E1A905002DAA0500B9F70500AC
:1044F000B97A020075790200D5F70500B97A020091
:1045000075790200000000000000000097F7050028
:104510009BF705002FFA0500FCFFFFFF00000000DD
:10452000A7F7050055FA0500000000000000000094
:10453000A9FA0500ABFA05007BFA050000000000AF
:10454000000000005DFA0500CFFB05002E2F6D6214
:1045500065642D6F732F636F6E6E65637469766922
:1045600074792F464541545552455F424C452F734F
:104570006F757263652F67656E657269632F53652A
:104580006375726974794D616E61676572496D70AA
:104590006C2E637070005F646200000017FD050000
:1045A000B97A02007579020031FD0500B97A02007E
:1045B000757902004BFD0500B97A02007579020099
:1045C00000000000000000007F070600190206003E
:1045D0003FFE0500610206008DFC0500D90C0600B7
:1045E000550606008FFC050059FE0500D5FE0500A6
:1045F0009DFE0500B7FE050079080600E1070600EC
:104600009BFC050031FF05009DFF0500F5FF05003F
:10461000350006007D000600BD000600D50106003D
:1046200005010600650D0600E10D0600F1FE05001E
:10463000F3050600C9FC050009090600610406002F
:10464000FCFFFFFF00000000D1090600A9040600DE
:10465000F8FFFFFF0000000029FF05004D060600DF
:10466000F9FC0500290F0600B97A020075790200ED
:10467000450F0600B97A02007579020000000000BB
:1046800000000000DD0E0600DD0E06003D0E0600F7
:10469000450E0600A30F0600E50E0600D30F060028
:1046A000F90F06004D0E06005B0E0600630E0600B5
:1046B000770E0600870E06008F0E06009F0E06007E
:1046C000AF0E0600BF0E0600D50E0600870F0600CF
:1046D0006B0F0600350E0600390E06002E2F6D6298
:1046E00065642D6F732F636F6E6E65637469766991
:1046F00074792F647269766572732F626C652F46C8
:104700004541545552455F424C452F54415247450F
:10471000545F4E4F524449432F5441524745545FD2
:104720004E4F524449435F434F5244494F2F5441E7
:10473000524745545F4E524635782F4E5246436F8E
:104740007264696F4843494472697665722E63707A
:10475000700028616464726573735B355D20262088
:104760003078433029203D3D2030784330005F735E
:104770007461636B5F62756666657220213D204ED1
:10478000554C4C0014009600E803F401FFFFFFFFB6
:104790005F00032309000000000000000304000282
:1047A00040000000000004000002050404000001B5
:1047B00000000000000000000000000000001027C2
:1047C00001010101000000000000000011120600BC
:1047D00091120600AD100600CB100600A9A5050039
:1047E000E11006000DA505000FA50500111106003A
:1047F000C910060010001800200014004000080036
:104800008000080014010800000000000000000003
:1048100051130600551306005313060053130600E8
:10482000631306002E2F6D6265642D6F732F706CFD
:104830006174666F726D2F696E636C7564652F703D
:104840006C6174666F726D2F53696E676C65746FFF
:104850006E5074722E680070203D3D207265696E46
:10486000746572707265745F636173743C54202A5E
:104870003E28265F6461746129002E2F6D62656495
:104880002D6F732F746172676574732F5441524793
:1048900045545F4E4F524449432F5441524745546B
:1048A0005F4E524635782F6770696F5F6F626A6539
:1048B00063742E680000000000000000000000008B
:1048C000D32D0600E32D0600092C0600292C060036
:1048D0002E2F6D6265642D6F732F64726976657219
:1048E000732F736F757263652F5350492E63707009
:1048F000005F7065726970686572616C735F757373
:104900006564203C205350495F504552495048450A
:1049100052414C535F5553454400000000000000D5
:1049200000000000B9310600F13106003B310600FD
:104930005D31060093310600A53106002E2F6D6211
:1049400065642D6F732F647269766572732F736F50
:10495000757263652F53657269616C426173652E70
:10496000637070005F7374617469635F70696E6D0A
:104970006170203D3D204E554C4C00000000000071
:10498000000000000532060005320600C1340600B2
:1049900035350600000000000000000093360600D8
:1049A0000000000000000000BD370600000000000D
:1049B00000000000BD3706000000000000000000FD
:1049C000B9FF0200000000000000000005320600F0
:1049D00005320600513A06006D3A0600893A060093
:1049E000D53A0600D1390600DD390600E93906005E
:1049F000F13906002B3A06003D3A0600F939060067
:104A000004FFFFFF00000000653A0600833A06003D
:104A1000FB3A0600CD3A0600D7390600F539060004
:104A2000CD390600ED3906002D2B0600372B060088
:104A3000E3390600B7FB0200BDFB0200C9FB020020
:104A4000353A0600473A0600233A0600DDFB02002D
:104A50002E2F6D6265642D6F732F64726976657297
:104A6000732F7573622F736F757263652F4173793E
:104A70006E634F702E637070005F6C697374203DBD
:104A80003D204E554C4C005F77616974203D3D20C0
:104A90004E554C4C000000000000000000000000DB
:104AA0000000000000000000B9FF0200513B0600BA
:104AB0002E2F6D6265642D6F732F64726976657237
:104AC000732F7573622F736F757263652F55534221
:104AD0004465766963652E637070005F6C6F636B0D
:104AE0006564203E20300054686520656E64706FF8
:104AF000696E74206973206E6F7420696E646578C6
:104B000061626C652E005F7472616E736665722EF1
:104B1000757365725F63616C6C6261636B203D3DB0
:104B2000205265717565737458666572446F6E6561
:104B300000446576696365207374617465206973E8
:104B40002022506F776572656422206F72202244A4
:104B500065746163686564220054686520737461DC
:104B6000636B2069732077616974696E67206F6E6B
:104B7000206120757365722063616C6C6261636B88
:104B800020666F72207468652062756666657220A3
:104B9000746F2066696C6C206F7220737461747519
:104BA000732E005F7472616E736665722E75736525
:104BB000725F63616C6C6261636B203D3D20536585
:104BC00074436F6E66696775726174696F6E005FBA
:104BD0007472616E736665722E757365725F636160
:104BE0006C6C6261636B203D3D20536574496E744B
:104BF000657266616365005F7472616E736665728B
:104C00002E757365725F63616C6C6261636B203DCE
:104C10003D2052657175657374002128696E666F59
:104C20002D3E666C616773202620454E44504F49E7
:104C30004E545F454E41424C454429006D61785FBA
:104C40007061636B65745F73697A65203C3D2031E8
:104C50003032340021636F6E66696775726564284F
:104C600029005468652073697A65206F662074682E
:104C700065206461746120746F20726561642069CD
:104C800073206C657373207468616E20746865208E
:104C90006D6178207061636B65742073697A65203B
:104CA000666F72207468697320656E64706F696ED8
:104CB000742E0054686520656E64706F696E742090
:104CC0006973206E6F7420696E64657861626C65CB
:104CD0000053697A65206265696E6720777269742E
:104CE00074656E20697320746F6F206C61726765E4
:104CF0002E00215F696E697469616C697A65640070
:104D000000000000000000000000000000000000A3
:104D1000DF500600C1450600C5420600B543060047
:104D2000C5510600C53E0600C73E060021400600EC
:104D3000214006005D3F0600CD3E0600B9FF02009F
:104D40002D3F0600353F0600553F06003D3F06005B
:104D5000453F06004D3F0600B9EE0200BDEE0200E1
:104D6000BFEE0200C33E0600B9FF0200B9FF020019
:104D7000B9FF0200B9FF0200B9FF0200F53F0600CB
:104D80007D3F0600D53F06000403090416033000EA
:104D9000310032003300340035003600370038006F
:104DA000390016035500530042002000440045001E
:104DB00056004900430045000803550053004200D7
:104DC00012036D006200650064002E006F00720027
:104DD0006700060330003100E04D07002065012028
:104DE000C1CF0600C9CF060009D0060019D00600C1
:104DF000D5CF0600E1CF0600C5CF0600B9CF06002B
:104E0000010000002E2F6D6265642D6F732F6861A5
:104E10006C2F736F757263652F6D6265645F746963
:104E2000636B65725F6170692E63006D61746368A6
:104E30005F7469636B20213D2071756575652D3E3A
:104E40007469636B5F6C6173745F72656164005455
:104E500069636B6572206672657175656E63792032
:104E60006973207A65726F005469636B6572206E96
:104E7000756D626572206F662062697420697320A7
:104E800067726561746572207468616E20333220C8
:104E90006F72206C657373207468616E20342062B9
:104EA00069747300AC4E07006065012099570600D5
:104EB000119806006D9806007D980600219806005E
:104EC0005D980600895706006D97060000000000F7
:104ED00064656661756C74000000000000000000ED
:104EE00055580600B95806000000000000000000F8
:104EF0000000000000000000B9FF0200B9FF02003E
:104F0000B9FF0200B9FF0200CD3906004159060081
:104F10002D2B0600372B060045590600B7FB020073
:104F2000BDFB0200C9FB0200CDFB0200D3FB020067
:104F3000D9FB0200DDFB02002F002E2F6D6265649D
:104F40002D6F732F706C6174666F726D2F736F7538
:104F50007263652F46696C65506174682E6370706A
:104F6000006C656E20213D203000772B0053747259
:104F700065616D206F626A206661696C757265009B
:104F80000000000000000000000000000000000021
:104F9000B9FF0200B9FF0200B9FF0200B9FF020029
:104FA000CD390600415906002D2B0600372B06008F
:104FB00045590600B7FB0200BDFB0200C9FB020019
:104FC000CDFB0200D3FB0200D9FB0200DDFB020097
:104FD000FCFFFFFF000000000000000000000000D8
:104FE00000000000000000000000000000000000C1
:104FF000535A0600235A0600855A06001F5A060017
:105000001F5A06001F5A06001F5A0600895A06003A
:105010001F5A0600B7FB0200BDFB0200C9FB0200DD
:10502000CDFB0200D3FB0200D9FB0200DDFB020036
:10503000B9FF0200B9FF0200DFFB0200E1FB020042
:10504000FCFFFFFF00000000000000000000000067
:105050002E2F6D6265642D6F732F706C6174666F97
:10506000726D2F736F757263652F53797354696D09
:1050700065722E63707000215F7469636B696E677F
:1050800000215F7469636B696E6720262620215FAB
:1050900077616B655F74696D655F736574000000AF
:1050A0000000000000000000795D06000A52252D76
:1050B00034643A202530386C58000A5350202020A0
:1050C0003A202530386C580A4C522020203A2025AE
:1050D00030386C580A50432020203A202530386C54
:1050E000580A78505352203A202530386C580A50CC
:1050F000535020203A202530386C580A4D53502008
:10510000203A202530386C58000A43505549443A1B
:10511000202530386C58000A48465352203A202542
:1051200030386C580A4D4D4653523A202530386C71
:10513000580A42465352203A202530386C580A55B6
:10514000465352203A202530386C580A4446535270
:10515000203A202530386C580A41465352203A20D4
:105160002530386C58000A4D4D4641523A202530C2
:10517000386C58000A42464152203A202530386C9B
:1051800058000A4D6F6465203A2054687265616466
:10519000000A50726976203A2055736572000A50F1
:1051A000726976203A2050726976696C6567656429
:1051B000000A4D6F6465203A2048616E646C657228
:1051C000000A537461636B3A20505350000A5374C1
:1051D00061636B3A204D5350000A2B2B204D6265C2
:1051E000644F53204661756C742048616E646C6531
:1051F00072202B2B0A0A4661756C74547970653ADB
:1052000020004D656D4D616E6167654661756C741A
:10521000004275734661756C74005573616765462D
:1052200061756C7400486172644661756C74000A43
:105230000A436F6E746578743A000A0A2D2D204D6A
:105240006265644F53204661756C742048616E64DA
:105250006C6572202D2D0A0A004661756C742065FC
:105260007863657074696F6E002E2E2E0A002E2FE3
:105270006D6265642D6F732F706C6174666F726DF3
:105280002F736F757263652F6D6265645F637269FA
:10529000746963616C2E6300637269746963616C25
:1052A0005F73656374696F6E5F7265656E7472615A
:1052B0006E63795F636F756E746572203C2055492B
:1052C0004E5433325F4D4158003C756E6E616D65D2
:1052D000643E00203C68616E646C65723E000A0AA0
:1052E0002B2B204D6265644F53204572726F7220E4
:1052F000496E666F202B2B0A4572726F72205374B1
:10530000617475733A203078255820436F64653A8C
:10531000202564204D6F64756C653A2025640A452C
:1053200072726F72204D6573736167653A20004B2E
:1053300065726E656C204572726F723A2030782506
:105340006C582C20005468726561643A20307825CE
:105350006C582C20004D757465783A203078256C97
:10536000582C200053656D6170686F72653A20306B
:1053700078256C582C20004D656D6F7279506F6FD9
:105380006C3A203078256C582C20004576656E7478
:10539000466C6167733A203078256C582C20005495
:1053A000696D65723A203078256C582C20004D6567
:1053B000737361676551756575653A203078256C42
:1053C000582C2000417373657274696F6E2066619A
:1053D000696C65643A20000A4C6F636174696F6E92
:1053E0003A203078256C58000A46696C653A2000EE
:1053F0002B2564000A4572726F722056616C7565C8
:105400003A203078256C58000A43757272656E74C4
:10541000205468726561643A2025732573204964BD
:105420003A203078256C5820456E7472793A2030D5
:1054300078256C5820537461636B53697A653A2000
:105440003078256C5820537461636B4D656D3A203C
:105450003078256C582053503A203078256C5820ED
:10546000000A466F72206D6F726520696E666F2C40
:105470002076697369743A2068747470733A2F2FB8
:105480006D6265642E636F6D2F732F6572726F721C
:105490003F6572726F723D307825303858266F73D1
:1054A0007665723D256C6426636F72653D307825A4
:1054B00030386C5826636F6D703D256426766572B2
:1054C0003D256C75267467743D41524455494E4FD5
:1054D0005F4E414E4F3333424C45000A2D2D204D37
:1054E0006265644F53204572726F7220496E666F19
:1054F000202D2D0A0044656570536C6565704C6FF6
:10550000636B206F766572666C6F7720283E203063
:105510007846464646290044656570536C6565705B
:105520004C6F636B20756E646572666C6F772028B4
:105530003C203029002E2F6D6265642D6F732F7013
:105540006C6174666F726D2F736F757263652F6D0A
:105550006265645F72657461726765742E637070F2
:10556000002867756172642026204358415F4755C3
:105570004152445F4D41534B29203D3D203000288E
:1055800067756172642026204358415F4755415238
:10559000445F4D41534B29203D3D204358415F47D7
:1055A000554152445F494E49545F494E5F50524FF6
:1055B0004752455353004572726F72202D20777207
:1055C0006974696E6720746F20612066696C65205C
:1055D000696E20616E20495352206F722063726998
:1055E000746963616C2073656374696F6E0D0A0082
:1055F0000D004572726F72202D2072656164696EB4
:10560000672066726F6D20612066696C6520696E27
:1056100020616E20495352206F7220637269746951
:1056200063616C2073656374696F6E0D0A004F705F
:10563000657261746F72206E6577206F7574206F6C
:1056400066206D656D6F72790D0A00000000000024
:1056500000000000016806007D68060089680600F9
:1056600029680600ED670600FD670600CD390600D3
:10567000F96706002D2B0600372B0600F36706009E
:10568000B7FB0200BDFB0200C9FB0200CDFB02001C
:10569000D3FB02004D680600DDFB020000000000A5
:1056A00023000000000000002A00000000000000AD
:1056B000010000002F737464657272002F737464AC
:1056C000696E002F7374646F7574002E2F6D6265A0
:1056D000642D6F732F706C6174666F726D2F736FB2
:1056E000757263652F6D6265645F73746174732E88
:1056F0006300737461747320213D204E554C4C003F
:105700002E2F6D6265642D6F732F72746F732F73FC
:105710006F757263652F4576656E74466C6167734D
:105720002E637070005F6964006170706C69636102
:1057300074696F6E5F756E6E616D65645F657665C9
:105740006E745F666C616773006170706C69636131
:1057500074696F6E5F756E6E616D65645F6D757493
:105760006578002E2F6D6265642D6F732F72746FD4
:10577000732F736F757263652F4D757465782E6323
:105780007070005F6964207C7C206D6265645F6777
:1057900065745F6572726F725F696E5F70726F675A
:1057A000726573732829004D75746578206C6F637A
:1057B0006B206661696C6564004D75746578207551
:1057C0006E6C6F636B206661696C6564002E2F6D73
:1057D0006265642D6F732F72746F732F736F7572A0
:1057E00063652F53656D6170686F72652E637070AD
:1057F000005F696420213D206E756C6C70747200CE
:1058000053656D6170686F7265206163717569724F
:1058100065206661696C6564002E2F6D6265642D7C
:105820006F732F72746F732F736F757263652F545C
:105830006869735468726561642E637070002866CD
:105840006C616773203D3D206F73466C61677345E3
:1058500072726F7254696D656F757420262620729E
:10586000656C5F74696D6520213D20776169745FA7
:10587000666F725F7533325F666F72657665722927
:10588000207C7C2028666C616773203D3D206F730F
:10589000466C6167734572726F725265736F757291
:1058A00063652026262072656C5F74696D65203DF6
:1058B0003D2072656C5F74696D652E7A65726F2824
:1058C000292900737461747573203D3D206F734FF7
:1058D0004B006170706C69636174696F6E5F756EA7
:1058E0006E616D65645F74687265616400000000DC
:1058F0000000000000000000117406004D74060056
:10590000FFFF0000FFFFFFFFFFFFFF00FFFFFFFFA4
:10591000FFFF0000FFFFFFFF2E2F6D6265642D6FFC
:10592000732F746172676574732F544152474554E5
:105930005F4E4F524449432F5441524745545F4EA6
:10594000524635782F5441524745545F4E524635A2
:10595000322F5441524745545F4D43555F4E524696
:1059600035323834302F5553425068795F4E6F725C
:105970006469632E63707000726574203D3D204E33
:1059800052465F5355434345535300000000000007
:10599000000000009D740600CD7406005D760600D0
:1059A000ED7506009F74060029760600DB7406007C
:1059B000B5740600FB740600B7740600BD740600DB
:1059C000C3740600B5740600C5740600BD790600F0
:1059D000E7790600FD760600697506008177060006
:1059E000757506007975060099750600B77506008D
:1059F000BD750600FF7406006F7506002F75060062
:105A0000E5750600A57806000006000031000000DC
:105A10003C0000003C0000003C0000003C00000096
:105A20003C0000003C0000003C0000003200000090
:105A300030000000300000003000000030000000A6
:105A4000300000003000000030000000697A0600DD
:105A50002E2F6D6265642D6F732F7461726765748C
:105A6000732F5441524745545F4E4F524449432F80
:105A70005441524745545F4E524635782F54415257
:105A80004745545F4E524635322F6770696F5F61EC
:105A900070692E63002875696E7433325F742970E3
:105AA000696E203C204750494F5F50494E5F434F3D
:105AB000554E54002E2F6D6265642D6F732F7461E7
:105AC00072676574732F5441524745545F4E4F526D
:105AD0004449432F5441524745545F4E524635780E
:105AE0002F5441524745545F4E524635322F69324A
:105AF000635F6170692E6300696E7374616E6365C4
:105B0000203C204E5246585F5457495F454E414213
:105B10004C45445F434F554E540000000030004058
:105B20000000000000400040010000000030004084
:105B300000400040003000400000000000400040F5
:105B4000010000002E2F6D6265642D6F732F74614C
:105B500072676574732F5441524745545F4E4F52DC
:105B60004449432F5441524745545F4E524635787D
:105B70002F5441524745545F4E524635322F73657C
:105B80007269616C5F6170692E63006F626A0064A4
:105B90006174615F62697473203D3D203800287034
:105BA0006172697479203D3D205061726974794E4B
:105BB0006F6E6529207C7C20287061726974792061
:105BC0003D3D205061726974794576656E29007398
:105BD000746F705F62697473203D3D203100010174
:105BE0000100000000200040008002402E2F6D6266
:105BF00065642D6F732F746172676574732F5441E0
:105C0000524745545F4E4F524449432F54415247E7
:105C100045545F4E524635782F5441524745545FA4
:105C20004E524635322F7370695F6170692E630082
:105C30007370695F696E73742D3E696E7374616E03
:105C40006365203C204E5246585F5350495F454E95
:105C500041424C45445F434F554E5400736C61764E
:105C600065203D3D20300000003000400000000075
:105C7000004000400100000000300240020000002F
:105C800040420F00200000000000FFFFDEC0ADDE3C
:105C9000FE011EF1DEC0ADDEFF011EF102030405B0
:105CA000060708090B0008010C0110011401180176
:105CB0001C01200124012C010C0D0E0F10111213D8
:105CC00014003001340138013C0140014401480115
:105CD0004C01500121A40600E5A50600B5A506006B
:105CE0006DA6060067A6060061A606005BA6060074
:105CF00055A606004FA6060049A60600A5A4060064
:105D000005A9060071AE060071A806006BA8060082
:105D100065A806005FA8060059A8060053A806005B
:105D20004DA80600BDA8060079A80600C1A406007B
:105D300039B006005DA9060049BE060059BE06003E
:105D400069BE060085C5060095C50600C9CA0600DD
:105D5000D9CA0600008000001800000000002020C2
:105D6000202020202020202828282828202020200B
:105D700020202020202020202020202020208810CB
:105D8000101010101010101010101010101004042B
:105D90000404040404040404101010101010104132
:105DA00041414141410101010101010101010101A3
:105DB0000101010101010101011010101010104238
:105DC0004242424242020202020202020202020273
:105DD0000202020202020202021010101020000051
:105DE00000000000000000000000000000000000B3
:105DF00000000000000000000000000000000000A3
:105E00000000000000000000000000000000000092
:105E10000000000000000000000000000000000082
:105E20000000000000000000000000000000000072
:105E30000000000000000000000000000000000062
:105E40000000000000000000000000000000000052
:105E50000000000000000000000000000000000042
:105E60000000000000000000000000000000000032
:105E70000000000000000000000000000000000022
:105E80000000000000000000000000000000000012
:105E90000000000000000000000000000000000002
:105EA00000000000000000000000000000000000F2
:105EB00000000000000000000000000000000000E2
:105EC00020650020494E46004E414E0030313233AD
:105ED0003435363738394142434445460030313253
:105EE0003334353637383961626364656600496E2C
:105EF00066696E697479004E614E00504F5349587F
:105F000000000000000000000080E03779C341433A
:105F1000176E05B5B5B89346F5F93FE9034F384D0F
:105F2000321D30F94877825A3CBF737FDD4F1575BB
:105F3000000000000000F03F0000000000002440CE
:105F400000000000000059400000000000408F40A9
:105F5000000000000088C34000000000006AF84014
:105F60000000000080842E4100000000D012634138
:105F70000000000084D797410000000065CDCD41AE
:105F8000000000205FA00242000000E8764837428F
:105F9000000000A2941A6D42000040E59C30A2422D
:105FA0000000901EC4BCD64200003426F56B0C43A2
:105FB0000080E03779C3414300A0D8855734764349
:105FC00000C84E676DC1AB43003D9160E458E143AA
:105FD000408CB5781DAF154450EFE2D6E41A4B441F
:105FE00092D54D06CFF08044F64AE1C7022DB54464
:105FF000B49DD9794378EA440500000019000000F7
:106000007D000000232D302B2000686C4C0065665D
:0C6010006745464700000000000000004B
:08601C002411FB7F01000000CC
:10602400000000000000000000000000000000006C
:1060340000000087020000000000000000000000D3
:106044000000000003000000000000000000000049
:10605400000000001C000000000000000000000020
:10606400000000001D00000000000000000000000F
:106074000000000004000000000000000000000018
:106084000000000005000000000000000000000007
:10609400000000001F0000000000000000000000DD
:1060A400000000002B0000000000000000000000C1
:1060B400000000002C0000000000000000000000B0
:1060C400000000002D00000000000000000000009F
:1060D400000000002E00000000000000000000008E
:1060E400000000002F00000000000000000000007D
:1060F400000000001A000000000000000000000082
:10610400000000001E00000000000000000000006D
:106114000000000006000000000000000000000075
:106124000000000028000000000000000000000043
:10613400000000001B000000000000000000000040
:106144000000000007000000000000000000000044
:10615400000000000B000000000000000000000030
:10616400000000002A000000000000000000000001
:1061740000000000200000000000000000000000FB
:1061840000000000100000000000000000000000FB
:10619400000000000D0000000000000000000000EE
:1061A40000000000110000000000000000000000DA
:1061B40000000000150000000000000000000000C6
:1061C40000000000190000000000000000000000B2
:1061D40000000000140000000000000000000000A7
:1061E4000000000018000000000000000000000093
:1061F4000000000016000000000000000000000085
:106204000000000017000000000000000000000073
:106214000000000009000000000000000000000071
:10622400000000000A000000000000000000000060
:10623400000000000E00000000000000000000004C
:1062440000000000CF190700D3B3FB0200000000D8
:10625400000000000000000000000000000000003A
:10626400000000000000000000000000000000002A
:10627400000000000000000000000000000000001A
:10628400000000000000000000000000000000000A
:1062940000000000000000000000000000000000FA
:1062A40000000000000000000000000000000000EA
:1062B40000000000000000000000000000000000DA
:1062C40000000000000000000000000000000000CA
:1062D40000000000000000000000000000000000BA
:1062E4000000000000000000992C0300C8120120E7
:1062F40000000000D00E01203313490515CD5B07C3
:10630400E5559A15B53B121F59CF04000000000053
:10631400FF06000000000000FB349B5F800000804B
:1063240000100000000000000000000049280500E3
:10633400DD280500452E0500852F0500052A0500EA
:10634400492D0500DD3105000133050091370500B5
:10635400913705009D380500F5390500000000005F
:1063640000000000D9210500E52A05000000000016
:106374000F00000017001E0450630020606300201B
:10638400F4010000030710010000000000FA0000FF
:1063940000FA000002000000EC2C0700EC2C0700BF
:1063A400EC2C0700EC2C0700EC2C0700EC2C07006D
:1063B400EC2C0700E02C0700EC2C0700EC2C070069
:1063C400EC2C0700EC2C0700EC2C0700EC2C07004D
:1063D400EC2C0700EC2C0700EC2C0700EC2C07003D
:1063E400EC2C0700EC2C0700EC2C0700010000004B
:1063F4003DDF0500A0410700483E070010420700AA
:10640400000000000000000010480700010000FB2D
:1064140000FB00009356060093560600FFFFFFFFA3
:10642400FFFFFFFFFFFFFFFF000000000000000070
:106434000000000000000000000000000000000058
:106444000000000000000000000000000000000048
:106454000000000000000000000000000000000038
:106464000000000000000000000000000000000028
:106474000000000000000000000000000000000018
:106484000000000000000000000000000000000008
:1064940000000000000000000000000000000000F8
:1064A40000000000000000000000000000000000E8
:1064B40000000000000000000000000000000000D8
:1064C40000000000000000000000000000000000C8
:1064D40000000000000000000000000000000000B8
:1064E40000000000000000000000000000000000A8
:1064F4000000000000000000000000000000000098
:106504000000000000000000000000000000000087
:106514000000000000000000000000005070012096
:106524000090D0030101000001000000FFFFFFFF05
:10653400FFFFFFFFFFFFFFFFFF01010020650020B9
:1065440000000000805E0700A05E0700605E070098
:106554000000000000000000000000000000000037
:106564000000000000000000000000000000000027
:106574000000000000000000000000000000000017
:106584000000000000000000000000000000000007
:1065940000000000000000000000000000000000F7
:1065A40043000000000000000000000000000000A4
:1065B40000000000000000000000000000000000D7
:1065C4004300000000000000000000000000000084
:1065D40000000000000000000000000000000000B7
:1065E4004300000000000000000000000000000064
:1065F4000000000000000000000000000000000097
:106604004300000000000000000000000000000043
:106614000000000000000000000000000000000076
:106624004300000000000000000000000000000023
:106634000000000000000000000000000000000056
:106644004300000000000000000000000000000003
:106654000000000000000000000000000000000036
:1066640043000000000000000000000000000000E3
:106674000000000000000000000000000000000016
:10668400E50B070049030700000000005D5D0700FB
:106694002B0E0700585207005852070058520700A3
:1066A4005852070058520700585207005852070022
:1066B4005852070058520700FFFFFFFFFFFFFFFF7C
:1066C400FFFFFFFFFFFF0000010041534349490062
:1066D40000000000000000000000000000000000B6
:1066E400000000000000000000004153434949003D
:1066F4000000000000000000000000000000000096
:106704000000000000000000000000000000000085
:10671400257102008976020021790200197D0200A8
:106724001D960200D5BD020021C4020081C80200EA
:106734005DD90200FDDC0200A5E3020025EE0200A3
:1067440065FF02006D010300B9070300B1B3050042
:10675400CDBD050000000000017102000000000032
:106764000000000000000000000000000000000025
:106774000000000000000000000000001DA2060050
:0867840000000000000000000D
:0400000360007AC15E
:00000001FF
